Number,Short Description,Change Environment,Requested By,Assigned To,Assignment Group,Service,Risk,Urgency,Impact,State,Priority,Created,Day,Start Date,Closed,Reopen Count,Time to Response Hours,Processing Time Hours,Total Time Hours,KPI_breach
CHG-0000001,Device configuration updated,Data,Doctor Strange,Doctor Strange,Avengers II,Service A,Medium,High,Medium,Closed,Low,2025-01-01T23:51:33.000000,Wednesday,2025-01-02T06:51:33.000000,2025-01-02T22:51:33.000000,3,7.0,16.0,23.0,0
CHG-0000002,Backup schedule updated,Data,Captain America,Captain America,Avengers,Service E,Low,Low,Low,Closed,Critical,2025-01-01T16:17:28.000000,Wednesday,2025-01-01T22:17:28.000000,2025-01-02T16:17:28.000000,1,6.0,18.0,24.0,1
CHG-0000003,Service dependency changed,Complaint,Captain Marvel,Captain Marvel,Avengers II,Service A,High,Low,Low,Closed,High,2025-01-01T18:58:55.000000,Wednesday,2025-01-01T22:58:55.000000,2025-01-02T15:58:55.000000,3,4.0,17.0,21.0,1
CHG-0000004,Network route adjusted,Data,Loki,Loki,Avengers,Service A,Low,High,Medium,Closed,Medium,2025-01-02T19:03:58.000000,Thursday,2025-01-03T03:03:58.000000,2025-01-03T16:03:58.000000,5,8.0,13.0,21.0,0
CHG-0000005,Access policy reviewed,Complaint,Hulk,Hulk,Avengers,Service E,Low,Medium,Medium,Closed,Medium,2025-01-02T19:29:03.000000,Thursday,2025-01-02T22:29:03.000000,2025-01-04T08:29:03.000000,2,3.0,34.0,37.0,1
CHG-0000006,Service port changed,Facilities,John Wick,John Wick,Matrix,Service C,Low,Medium,Medium,Closed,Low,2025-01-02T12:23:47.000000,Thursday,2025-01-02T20:23:47.000000,2025-01-04T05:23:47.000000,1,8.0,33.0,41.0,0
CHG-0000007,Application deployed,Facilities,Captain America,Captain America,Avengers,Service D,Low,Low,Medium,Closed,High,2025-01-03T02:55:59.000000,Friday,2025-01-03T04:55:59.000000,2025-01-04T11:55:59.000000,3,2.0,31.0,33.0,1
CHG-0000008,Resource allocation changed,Access,Shang Chi,Shang Chi,Avengers II,Service C,Medium,Low,High,Closed,Medium,2025-01-03T21:39:01.000000,Friday,2025-01-03T23:39:01.000000,2025-01-04T23:39:01.000000,1,2.0,24.0,26.0,0
CHG-0000009,Backup schedule updated,Hardware,Iron Man,Iron Man,Avengers,Service C,Medium,High,Medium,Closed,Medium,2025-01-03T00:25:29.000000,Friday,2025-01-03T04:25:29.000000,2025-01-03T21:25:29.000000,2,4.0,17.0,21.0,0
CHG-0000010,User profile updated,Complaint,Iron Man,Iron Man,Avengers,Service B,Medium,High,Medium,Closed,High,2025-01-03T20:04:18.000000,Friday,2025-01-03T23:04:18.000000,2025-01-04T09:04:18.000000,0,3.0,10.0,13.0,0
CHG-0000011,Application feature enabled,Hardware,Doctor Strange,Doctor Strange,Avengers II,Service B,High,Medium,High,Closed,High,2025-01-04T07:47:34.000000,Saturday,2025-01-04T14:47:34.000000,2025-01-05T03:47:34.000000,5,7.0,13.0,20.0,0
CHG-0000012,Data import completed,Hardware,Shang Chi,Shang Chi,Avengers II,Service D,Medium,High,Medium,Closed,Low,2025-01-04T22:11:53.000000,Saturday,2025-01-05T02:11:53.000000,2025-01-06T13:11:53.000000,3,4.0,35.0,39.0,0
CHG-0000013,User group membership changed,Hardware,Captain America,Captain America,Avengers,Service C,High,Medium,High,Closed,Medium,2025-01-04T11:50:54.000000,Saturday,2025-01-04T13:50:54.000000,2025-01-05T04:50:54.000000,3,2.0,15.0,17.0,0
CHG-0000014,Device configuration updated,Access,Shang Chi,Shang Chi,Avengers II,Service A,High,Medium,Low,Closed,Medium,2025-01-05T21:14:41.000000,Sunday,2025-01-06T00:14:41.000000,2025-01-06T22:14:41.000000,2,3.0,22.0,25.0,0
CHG-0000015,Security settings updated,Data,Captain America,Captain America,Avengers,Service A,Low,High,Medium,Closed,High,2025-01-05T01:21:21.000000,Sunday,2025-01-05T08:21:21.000000,2025-01-06T14:21:21.000000,5,7.0,30.0,37.0,1
CHG-0000016,Database maintenance completed,Failure,Loki,Loki,Avengers,Service D,Low,Medium,High,Closed,Medium,2025-01-05T02:22:58.000000,Sunday,2025-01-05T05:22:58.000000,2025-01-06T00:22:58.000000,1,3.0,19.0,22.0,0
CHG-0000017,System role assigned,Facilities,Batman,Batman,Matrix,Service E,Low,Low,Medium,Closed,High,2025-01-05T06:46:05.000000,Sunday,2025-01-05T12:46:05.000000,2025-01-05T23:46:05.000000,1,6.0,11.0,17.0,0
CHG-0000018,User authentication method updated,Access,Jack Sparrow,Jack Sparrow,Matrix,Service E,High,Medium,Low,Closed,Medium,2025-01-05T16:00:32.000000,Sunday,2025-01-05T20:00:32.000000,2025-01-06T18:00:32.000000,2,4.0,22.0,26.0,0
CHG-0000019,System cache cleared,Complaint,Doctor Strange,Doctor Strange,Avengers II,Service A,High,High,Medium,Closed,Medium,2025-01-06T19:51:11.000000,Monday,2025-01-06T22:51:11.000000,2025-01-07T05:51:11.000000,4,3.0,7.0,10.0,0
CHG-0000020,Device added to network,Network,Neo,Neo,Matrix,Service D,Medium,Low,High,Closed,Low,2025-01-06T10:36:01.000000,Monday,2025-01-06T12:36:01.000000,2025-01-07T16:36:01.000000,5,2.0,28.0,30.0,0
CHG-0000021,System update applied,Network,Jack Sparrow,Jack Sparrow,Matrix,Service E,Low,Medium,Low,Closed,Medium,2025-01-06T20:08:18.000000,Monday,2025-01-07T02:08:18.000000,2025-01-08T13:08:18.000000,1,6.0,35.0,41.0,1
CHG-0000022,Service port changed,Failure,Thor,Thor,Avengers,Service C,High,Low,High,Closed,Medium,2025-01-06T17:19:14.000000,Monday,2025-01-06T19:19:14.000000,2025-01-07T20:19:14.000000,4,2.0,25.0,27.0,1
CHG-0000023,Application deployed,Hardware,Neo,Neo,Matrix,Service A,High,High,Medium,Closed,Critical,2025-01-06T09:52:12.000000,Monday,2025-01-06T15:52:12.000000,2025-01-07T21:52:12.000000,1,6.0,30.0,36.0,1
CHG-0000024,Service integration updated,Complaint,Captain Marvel,Captain Marvel,Avengers II,Service E,Low,Low,Low,Closed,High,2025-01-07T13:30:06.000000,Tuesday,2025-01-07T15:30:06.000000,2025-01-08T14:30:06.000000,4,2.0,23.0,25.0,1
CHG-0000025,Device added to network,Access,Doctor Strange,Doctor Strange,Avengers II,Service C,Low,High,Medium,Closed,High,2025-01-07T06:39:53.000000,Tuesday,2025-01-07T08:39:53.000000,2025-01-07T15:39:53.000000,2,2.0,7.0,9.0,0
CHG-0000026,Service port changed,Facilities,Iron Man,Iron Man,Avengers,Service B,High,Low,High,Closed,Medium,2025-01-07T16:09:05.000000,Tuesday,2025-01-07T23:09:05.000000,2025-01-08T18:09:05.000000,2,7.0,19.0,26.0,0
CHG-0000027,System cache cleared,Complaint,Neo,Neo,Matrix,Service E,Low,Low,High,Closed,High,2025-01-08T19:51:17.000000,Wednesday,2025-01-09T02:51:17.000000,2025-01-09T11:51:17.000000,1,7.0,9.0,16.0,0
CHG-0000028,Service dependency changed,Network,Doctor Strange,Doctor Strange,Avengers II,Service D,High,Medium,Low,Closed,Medium,2025-01-08T05:27:52.000000,Wednesday,2025-01-08T09:27:52.000000,2025-01-09T05:27:52.000000,2,4.0,20.0,24.0,0
CHG-0000029,Device configuration updated,Access,Captain Marvel,Captain Marvel,Avengers II,Service E,Low,Low,High,New,Critical,2025-01-09T04:54:22.000000,Thursday,,,1,0.0,0.0,0.0,0
CHG-0000030,User profile updated,Failure,Batman,Batman,Matrix,Service D,Medium,Low,Medium,Closed,High,2025-01-09T07:10:27.000000,Thursday,2025-01-09T10:10:27.000000,2025-01-09T17:10:27.000000,4,3.0,7.0,10.0,0
CHG-0000031,Data import completed,Network,Thor,Thor,Avengers,Service B,High,High,Medium,Closed,Medium,2025-01-09T11:11:50.000000,Thursday,2025-01-09T19:11:50.000000,2025-01-10T22:11:50.000000,4,8.0,27.0,35.0,1
CHG-0000032,Device access restricted,Facilities,Thor,Thor,Avengers,Service E,High,High,High,Closed,Low,2025-01-09T00:01:09.000000,Thursday,2025-01-09T06:01:09.000000,2025-01-09T19:01:09.000000,1,6.0,13.0,19.0,0
CHG-0000033,Service integration updated,Facilities,Hulk,Hulk,Avengers,Service A,Medium,Medium,High,On Hold,High,2025-01-09T15:49:57.000000,Thursday,,,1,0.0,0.0,0.0,0
CHG-0000034,System log settings updated,Facilities,Shang Chi,Shang Chi,Avengers II,Service E,High,High,Low,In Progress,Medium,2025-01-10T23:12:44.000000,Friday,2025-01-11T07:12:44.000000,,3,8.0,0.0,0.0,0
CHG-0000035,Data retention policy updated,Facilities,Neo,Neo,Matrix,Service A,High,Medium,Low,Closed,High,2025-01-10T02:25:44.000000,Friday,2025-01-10T08:25:44.000000,2025-01-11T18:25:44.000000,3,6.0,34.0,40.0,1
CHG-0000036,Device firmware updated,Complaint,Iron Man,Iron Man,Avengers,Service D,Low,High,Medium,New,Low,2025-01-10T00:25:38.000000,Friday,,,0,0.0,0.0,0.0,0
CHG-0000037,User group membership changed,Failure,Spiderman,Spiderman,Avengers II,Service A,Medium,High,Medium,Closed,High,2025-01-10T06:23:01.000000,Friday,2025-01-10T12:23:01.000000,2025-01-11T14:23:01.000000,1,6.0,26.0,32.0,1
CHG-0000038,Device removed from inventory,Data,Thor,Thor,Avengers,Service B,High,High,Low,Closed,High,2025-01-11T09:32:31.000000,Saturday,2025-01-11T12:32:31.000000,2025-01-11T16:32:31.000000,0,3.0,4.0,7.0,0
CHG-0000039,User profile updated,Failure,Captain America,Captain America,Avengers,Service D,Low,Low,Medium,Closed,Low,2025-01-11T23:49:19.000000,Saturday,2025-01-12T04:49:19.000000,2025-01-13T10:49:19.000000,4,5.0,30.0,35.0,0
CHG-0000040,Device removed from inventory,Hardware,Captain America,Captain America,Avengers,Service A,Low,Low,Medium,In Progress,Low,2025-01-11T07:35:06.000000,Saturday,2025-01-11T14:35:06.000000,,2,7.0,0.0,0.0,0
CHG-0000041,Data retention policy updated,Facilities,Doctor Strange,Doctor Strange,Avengers II,Service E,High,High,Low,Closed,Medium,2025-01-11T10:32:37.000000,Saturday,2025-01-11T13:32:37.000000,2025-01-12T08:32:37.000000,3,3.0,19.0,22.0,0
CHG-0000042,Network route adjusted,Facilities,Iron Man,Iron Man,Avengers,Service C,Low,High,Medium,Closed,Medium,2025-01-12T21:03:30.000000,Sunday,2025-01-13T04:03:30.000000,2025-01-13T09:03:30.000000,0,7.0,5.0,12.0,0
CHG-0000043,Monitoring rules adjusted,Software,John Cena,John Cena,Matrix,Service D,Low,Medium,Low,Closed,Medium,2025-01-12T20:33:34.000000,Sunday,2025-01-12T23:33:34.000000,2025-01-14T02:33:34.000000,1,3.0,27.0,30.0,1
CHG-0000044,Service dependency changed,Access,Captain Marvel,Captain Marvel,Avengers II,Service E,High,Low,Medium,Closed,Medium,2025-01-12T03:41:32.000000,Sunday,2025-01-12T06:41:32.000000,2025-01-12T18:41:32.000000,5,3.0,12.0,15.0,0
CHG-0000045,Device added to network,Network,Iron Man,Iron Man,Avengers,Service C,High,High,High,Closed,Medium,2025-01-12T09:46:24.000000,Sunday,2025-01-12T15:46:24.000000,2025-01-13T01:46:24.000000,5,6.0,10.0,16.0,0
CHG-0000046,Device firmware updated,Failure,Hulk,Hulk,Avengers,Service E,Low,Low,Medium,On Hold,Low,2025-01-12T07:34:35.000000,Sunday,,,3,0.0,0.0,0.0,0
CHG-0000047,User profile updated,Failure,Hulk,Hulk,Avengers,Service C,High,High,High,Closed,Medium,2025-01-13T06:39:18.000000,Monday,2025-01-13T11:39:18.000000,2025-01-14T15:39:18.000000,1,5.0,28.0,33.0,1
CHG-0000048,Backup schedule updated,Facilities,Captain Marvel,Captain Marvel,Avengers II,Service E,Medium,High,Medium,Closed,Medium,2025-01-13T20:11:08.000000,Monday,2025-01-14T01:11:08.000000,2025-01-14T17:11:08.000000,4,5.0,16.0,21.0,0
CHG-0000049,Network route adjusted,Failure,Loki,Loki,Avengers,Service C,Medium,High,Medium,Closed,High,2025-01-14T06:17:40.000000,Tuesday,2025-01-14T14:17:40.000000,2025-01-15T04:17:40.000000,4,8.0,14.0,22.0,0
CHG-0000050,Device monitoring enabled,Network,John Wick,John Wick,Matrix,Service D,Medium,High,Medium,Closed,High,2025-01-14T20:07:46.000000,Tuesday,2025-01-15T03:07:46.000000,2025-01-15T05:07:46.000000,5,7.0,2.0,9.0,0
CHG-0000051,System resource increased,Access,Iron Man,Iron Man,Avengers,Service E,Low,Low,High,Closed,Medium,2025-01-14T16:51:22.000000,Tuesday,2025-01-14T23:51:22.000000,2025-01-15T09:51:22.000000,0,7.0,10.0,17.0,0
CHG-0000052,User group membership changed,Network,Captain America,Captain America,Avengers,Service E,Medium,Medium,Medium,Closed,Medium,2025-01-15T06:21:39.000000,Wednesday,2025-01-15T10:21:39.000000,2025-01-15T17:21:39.000000,2,4.0,7.0,11.0,0
CHG-0000053,Application deployed,Network,Shang Chi,Shang Chi,Avengers II,Service B,Low,Medium,High,Closed,High,2025-01-16T20:53:03.000000,Thursday,2025-01-16T22:53:03.000000,2025-01-17T05:53:03.000000,0,2.0,7.0,9.0,0
CHG-0000054,Data retention policy updated,Data,Doctor Strange,Doctor Strange,Avengers II,Service D,Medium,Medium,Medium,Closed,High,2025-01-16T12:35:23.000000,Thursday,2025-01-16T19:35:23.000000,2025-01-17T00:35:23.000000,3,7.0,5.0,12.0,0
CHG-0000055,Application feature enabled,Failure,Loki,Loki,Avengers,Service E,High,Low,Low,Closed,High,2025-01-16T07:16:13.000000,Thursday,2025-01-16T09:16:13.000000,2025-01-16T20:16:13.000000,0,2.0,11.0,13.0,0
CHG-0000056,System update applied,Failure,Shang Chi,Shang Chi,Avengers II,Service E,Medium,Low,High,Closed,High,2025-01-16T17:23:05.000000,Thursday,2025-01-16T23:23:05.000000,2025-01-18T09:23:05.000000,3,6.0,34.0,40.0,1
CHG-0000057,Application access granted,Complaint,Hulk,Hulk,Avengers,Service D,High,Medium,Low,New,Critical,2025-01-16T11:58:12.000000,Thursday,,,3,0.0,0.0,0.0,0
CHG-0000058,User account updated,Facilities,Captain America,Captain America,Avengers,Service A,Low,Low,Low,Closed,Low,2025-01-17T23:49:17.000000,Friday,2025-01-18T03:49:17.000000,2025-01-18T12:49:17.000000,3,4.0,9.0,13.0,0
CHG-0000059,System resource increased,Network,Batman,Batman,Matrix,Service C,Medium,Medium,Medium,Closed,Critical,2025-01-18T18:16:29.000000,Saturday,2025-01-19T02:16:29.000000,2025-01-19T19:16:29.000000,5,8.0,17.0,25.0,1
CHG-0000060,Resource allocation changed,Complaint,Iron Man,Iron Man,Avengers,Service C,High,Medium,Low,Closed,Low,2025-01-18T00:34:57.000000,Saturday,2025-01-18T05:34:57.000000,2025-01-19T12:34:57.000000,5,5.0,31.0,36.0,0
CHG-0000061,Application feature enabled,Hardware,Captain America,Captain America,Avengers,Service E,High,Medium,Low,Closed,High,2025-01-18T07:12:12.000000,Saturday,2025-01-18T11:12:12.000000,2025-01-19T17:12:12.000000,0,4.0,30.0,34.0,1
CHG-0000062,Device monitoring enabled,Failure,Loki,Loki,Avengers,Service D,High,Medium,High,Closed,High,2025-01-19T07:48:45.000000,Sunday,2025-01-19T12:48:45.000000,2025-01-20T06:48:45.000000,2,5.0,18.0,23.0,1
CHG-0000063,Service port changed,Network,Doctor Strange,Doctor Strange,Avengers II,Service A,Low,Medium,Low,Closed,High,2025-01-19T01:40:40.000000,Sunday,2025-01-19T08:40:40.000000,2025-01-19T17:40:40.000000,0,7.0,9.0,16.0,0
CHG-0000064,Data retention policy updated,Facilities,John Cena,John Cena,Matrix,Service E,High,High,Medium,New,Medium,2025-01-19T05:57:26.000000,Sunday,,,4,0.0,0.0,0.0,0
CHG-0000065,User session reset,Network,John Cena,John Cena,Matrix,Service E,Medium,Low,High,Closed,Medium,2025-01-20T09:36:50.000000,Monday,2025-01-20T15:36:50.000000,2025-01-21T21:36:50.000000,4,6.0,30.0,36.0,1
CHG-0000066,Access policy reviewed,Hardware,Thor,Thor,Avengers,Service D,Low,Medium,Medium,Closed,Medium,2025-01-20T18:12:35.000000,Monday,2025-01-20T22:12:35.000000,2025-01-21T04:12:35.000000,3,4.0,6.0,10.0,0
CHG-0000067,Application configuration changed,Failure,Thor,Thor,Avengers,Service D,Low,High,High,Closed,Medium,2025-01-20T16:56:46.000000,Monday,2025-01-20T23:56:46.000000,2025-01-21T16:56:46.000000,0,7.0,17.0,24.0,0
CHG-0000068,Application deployed,Facilities,Thor,Thor,Avengers,Service A,Medium,High,Low,Closed,High,2025-01-21T03:33:55.000000,Tuesday,2025-01-21T07:33:55.000000,2025-01-22T10:33:55.000000,3,4.0,27.0,31.0,1
CHG-0000069,System notification configured,Software,Hulk,Hulk,Avengers,Service C,Medium,High,High,Closed,Medium,2025-01-21T04:10:28.000000,Tuesday,2025-01-21T12:10:28.000000,2025-01-22T13:10:28.000000,1,8.0,25.0,33.0,1
CHG-0000070,Device added to network,Hardware,Loki,Loki,Avengers,Service D,Low,Low,Medium,Closed,Low,2025-01-21T17:51:07.000000,Tuesday,2025-01-21T22:51:07.000000,2025-01-22T22:51:07.000000,4,5.0,24.0,29.0,0
CHG-0000071,Device monitoring enabled,Software,Iron Man,Iron Man,Avengers,Service E,Low,Medium,Medium,On Hold,High,2025-01-22T21:52:56.000000,Wednesday,,,2,0.0,0.0,0.0,0
CHG-0000072,Data import completed,Facilities,Neo,Neo,Matrix,Service E,Low,Low,Medium,Closed,High,2025-01-22T21:48:21.000000,Wednesday,2025-01-23T00:48:21.000000,2025-01-23T22:48:21.000000,0,3.0,22.0,25.0,1
CHG-0000073,Application configuration changed,Network,John Wick,John Wick,Matrix,Service D,High,Medium,Low,Closed,Low,2025-01-22T05:50:43.000000,Wednesday,2025-01-22T11:50:43.000000,2025-01-23T13:50:43.000000,3,6.0,26.0,32.0,0
CHG-0000074,Network settings adjusted,Hardware,Thor,Thor,Avengers,Service E,High,Low,Medium,Closed,High,2025-01-23T23:48:43.000000,Thursday,2025-01-24T04:48:43.000000,2025-01-25T04:48:43.000000,0,5.0,24.0,29.0,1
CHG-0000075,Application shortcut created,Hardware,Spiderman,Spiderman,Avengers II,Service B,Low,Medium,High,Closed,Medium,2025-01-23T07:18:34.000000,Thursday,2025-01-23T11:18:34.000000,2025-01-24T18:18:34.000000,1,4.0,31.0,35.0,1
CHG-0000076,Routine maintenance performed,Facilities,Hulk,Hulk,Avengers,Service B,Low,Low,High,Closed,Low,2025-01-23T12:15:00.000000,Thursday,2025-01-23T15:15:00.000000,2025-01-25T02:15:00.000000,2,3.0,35.0,38.0,0
CHG-0000077,Data import completed,Complaint,Captain America,Captain America,Avengers,Service E,Low,High,Low,Closed,Low,2025-01-23T02:34:41.000000,Thursday,2025-01-23T07:34:41.000000,2025-01-24T05:34:41.000000,5,5.0,22.0,27.0,0
CHG-0000078,Application shortcut created,Network,Shang Chi,Shang Chi,Avengers II,Service D,Low,Medium,Low,Closed,Medium,2025-01-24T17:52:59.000000,Friday,2025-01-24T22:52:59.000000,2025-01-25T10:52:59.000000,1,5.0,12.0,17.0,0
CHG-0000079,User session reset,Network,Spiderman,Spiderman,Avengers II,Service C,High,Low,Medium,Closed,High,2025-01-24T07:05:04.000000,Friday,2025-01-24T11:05:04.000000,2025-01-25T01:05:04.000000,4,4.0,14.0,18.0,0
CHG-0000080,Service integration updated,Complaint,Batman,Batman,Matrix,Service C,Low,Medium,High,On Hold,High,2025-01-25T01:34:58.000000,Saturday,,,3,0.0,0.0,0.0,0
CHG-0000081,Software version upgraded,Access,Loki,Loki,Avengers,Service E,High,Low,Medium,Closed,Medium,2025-01-25T02:29:12.000000,Saturday,2025-01-25T09:29:12.000000,2025-01-26T10:29:12.000000,4,7.0,25.0,32.0,1
CHG-0000082,Password policy updated,Hardware,Captain America,Captain America,Avengers,Service A,High,Low,Low,Closed,Medium,2025-01-25T15:14:58.000000,Saturday,2025-01-25T20:14:58.000000,2025-01-26T00:14:58.000000,2,5.0,4.0,9.0,0
CHG-0000083,Scheduled job modified,Network,Shang Chi,Shang Chi,Avengers II,Service C,Medium,Medium,High,Closed,High,2025-01-25T18:42:15.000000,Saturday,2025-01-25T22:42:15.000000,2025-01-27T10:42:15.000000,0,4.0,36.0,40.0,1
CHG-0000084,Application configuration changed,Software,Captain America,Captain America,Avengers,Service D,Low,High,High,New,High,2025-01-25T13:31:55.000000,Saturday,,,0,0.0,0.0,0.0,0
CHG-0000085,Device firmware updated,Network,Captain Marvel,Captain Marvel,Avengers II,Service E,High,Medium,Low,Closed,High,2025-01-26T08:03:08.000000,Sunday,2025-01-26T16:03:08.000000,2025-01-27T20:03:08.000000,2,8.0,28.0,36.0,1
CHG-0000086,Device monitoring enabled,Complaint,Spiderman,Spiderman,Avengers II,Service D,Medium,High,Low,Closed,Low,2025-01-26T04:35:45.000000,Sunday,2025-01-26T07:35:45.000000,2025-01-27T03:35:45.000000,4,3.0,20.0,23.0,0
CHG-0000087,Network route adjusted,Hardware,Captain Marvel,Captain Marvel,Avengers II,Service C,High,Low,High,In Progress,High,2025-01-26T02:48:15.000000,Sunday,2025-01-26T07:48:15.000000,,2,5.0,0.0,0.0,0
CHG-0000088,Device access restricted,Complaint,Doctor Strange,Doctor Strange,Avengers II,Service A,Medium,Low,Low,Closed,Low,2025-01-27T04:23:20.000000,Monday,2025-01-27T10:23:20.000000,2025-01-27T13:23:20.000000,1,6.0,3.0,9.0,0
CHG-0000089,Access policy reviewed,Complaint,Spiderman,Spiderman,Avengers II,Service A,Low,High,Low,Closed,High,2025-01-27T05:58:11.000000,Monday,2025-01-27T07:58:11.000000,2025-01-27T09:58:11.000000,4,2.0,2.0,4.0,0
CHG-0000090,System log settings updated,Data,Thor,Thor,Avengers,Service A,Low,Medium,High,Closed,High,2025-01-27T16:26:31.000000,Monday,2025-01-27T22:26:31.000000,2025-01-28T13:26:31.000000,5,6.0,15.0,21.0,0
CHG-0000091,User profile updated,Hardware,Shang Chi,Shang Chi,Avengers II,Service E,Low,High,High,Closed,High,2025-01-27T00:07:52.000000,Monday,2025-01-27T08:07:52.000000,2025-01-27T22:07:52.000000,3,8.0,14.0,22.0,0
CHG-0000092,User session reset,Data,Neo,Neo,Matrix,Service C,Low,Medium,Medium,Closed,Low,2025-01-27T05:50:38.000000,Monday,2025-01-27T10:50:38.000000,2025-01-28T11:50:38.000000,4,5.0,25.0,30.0,0
CHG-0000093,Service restarted,Facilities,Spiderman,Spiderman,Avengers II,Service D,Low,Low,High,Closed,Medium,2025-01-28T09:14:23.000000,Tuesday,2025-01-28T14:14:23.000000,2025-01-29T09:14:23.000000,0,5.0,19.0,24.0,0
CHG-0000094,Backup schedule updated,Access,Shang Chi,Shang Chi,Avengers II,Service D,High,High,Medium,Closed,High,2025-01-28T06:10:08.000000,Tuesday,2025-01-28T10:10:08.000000,2025-01-29T11:10:08.000000,3,4.0,25.0,29.0,1
CHG-0000095,User authentication method updated,Network,Spiderman,Spiderman,Avengers II,Service A,High,High,Low,On Hold,Low,2025-01-28T01:38:37.000000,Tuesday,,,4,0.0,0.0,0.0,0
CHG-0000096,Network route adjusted,Hardware,Jack Sparrow,Jack Sparrow,Matrix,Service C,Low,Medium,Medium,Closed,Medium,2025-01-28T23:38:12.000000,Tuesday,2025-01-29T05:38:12.000000,2025-01-30T02:38:12.000000,5,6.0,21.0,27.0,0
CHG-0000097,User profile updated,Failure,Captain America,Captain America,Avengers,Service B,Medium,Medium,Low,Closed,Low,2025-01-28T21:27:51.000000,Tuesday,2025-01-29T02:27:51.000000,2025-01-30T02:27:51.000000,2,5.0,24.0,29.0,0
CHG-0000098,Routine maintenance performed,Hardware,Iron Man,Iron Man,Avengers,Service A,Medium,Medium,Low,Closed,Medium,2025-01-29T09:21:39.000000,Wednesday,2025-01-29T12:21:39.000000,2025-01-30T22:21:39.000000,0,3.0,34.0,37.0,1
CHG-0000099,Service dependency changed,Hardware,Hulk,Hulk,Avengers,Service C,Medium,Low,Medium,Closed,Low,2025-01-29T17:39:12.000000,Wednesday,2025-01-30T01:39:12.000000,2025-01-30T19:39:12.000000,4,8.0,18.0,26.0,0
CHG-0000100,Application log reviewed,Software,Shang Chi,Shang Chi,Avengers II,Service D,High,High,High,Closed,Medium,2025-01-30T09:47:48.000000,Thursday,2025-01-30T14:47:48.000000,2025-02-01T02:47:48.000000,4,5.0,36.0,41.0,1
CHG-0000101,User session reset,Hardware,Captain Marvel,Captain Marvel,Avengers II,Service D,Low,Medium,Medium,On Hold,High,2025-01-30T14:26:16.000000,Thursday,,,0,0.0,0.0,0.0,0
CHG-0000102,System role assigned,Network,Shang Chi,Shang Chi,Avengers II,Service E,Medium,High,Low,Closed,High,2025-01-31T17:12:28.000000,Friday,2025-01-31T23:12:28.000000,2025-02-01T21:12:28.000000,5,6.0,22.0,28.0,1
CHG-0000103,Resource allocation changed,Access,Loki,Loki,Avengers,Service B,Low,Low,Low,Closed,High,2025-01-31T09:39:43.000000,Friday,2025-01-31T14:39:43.000000,2025-02-02T01:39:43.000000,4,5.0,35.0,40.0,1
CHG-0000104,Device removed from inventory,Hardware,Captain Marvel,Captain Marvel,Avengers II,Service E,High,Medium,Low,Closed,Low,2025-01-31T22:12:36.000000,Friday,2025-02-01T03:12:36.000000,2025-02-01T13:12:36.000000,3,5.0,10.0,15.0,0
CHG-0000105,Scheduled job modified,Facilities,Captain Marvel,Captain Marvel,Avengers II,Service B,Low,High,Medium,Closed,Low,2025-01-31T03:55:04.000000,Friday,2025-01-31T07:55:04.000000,2025-02-01T03:55:04.000000,5,4.0,20.0,24.0,0
CHG-0000106,Configuration setting changed,Failure,Loki,Loki,Avengers,Service A,Low,High,High,Closed,Medium,2025-02-01T06:38:34.000000,Saturday,2025-02-01T09:38:34.000000,2025-02-01T12:38:34.000000,5,3.0,3.0,6.0,0
CHG-0000107,Application deployed,Complaint,John Cena,John Cena,Matrix,Service A,Low,Low,High,Closed,Medium,2025-02-02T11:24:52.000000,Sunday,2025-02-02T18:24:52.000000,2025-02-03T05:24:52.000000,1,7.0,11.0,18.0,0
CHG-0000108,Service status checked,Hardware,Iron Man,Iron Man,Avengers,Service B,Medium,High,Low,Closed,Low,2025-02-03T01:04:01.000000,Monday,2025-02-03T08:04:01.000000,2025-02-04T08:04:01.000000,1,7.0,24.0,31.0,0
CHG-0000109,Database maintenance completed,Software,Shang Chi,Shang Chi,Avengers II,Service E,Medium,Medium,Low,Closed,Medium,2025-02-03T04:37:58.000000,Monday,2025-02-03T09:37:58.000000,2025-02-04T00:37:58.000000,0,5.0,15.0,20.0,0
CHG-0000110,Device configuration updated,Facilities,John Wick,John Wick,Matrix,Service B,Low,Medium,Medium,On Hold,Medium,2025-02-04T17:17:39.000000,Tuesday,,,3,0.0,0.0,0.0,0
CHG-0000111,Scheduled task created,Failure,Hulk,Hulk,Avengers,Service D,Low,High,Medium,Closed,Medium,2025-02-04T15:24:40.000000,Tuesday,2025-02-04T21:24:40.000000,2025-02-05T05:24:40.000000,4,6.0,8.0,14.0,0
CHG-0000112,Backup schedule updated,Facilities,Captain Marvel,Captain Marvel,Avengers II,Service C,Medium,Low,High,Closed,Critical,2025-02-04T18:49:55.000000,Tuesday,2025-02-04T21:49:55.000000,2025-02-05T17:49:55.000000,2,3.0,20.0,23.0,1
CHG-0000113,Service endpoint modified,Facilities,Loki,Loki,Avengers,Service C,Medium,Low,High,Closed,Low,2025-02-05T18:40:59.000000,Wednesday,2025-02-05T23:40:59.000000,2025-02-06T09:40:59.000000,1,5.0,10.0,15.0,0
CHG-0000114,Security settings updated,Facilities,Hulk,Hulk,Avengers,Service A,Low,High,Low,New,High,2025-02-05T06:37:42.000000,Wednesday,,,0,0.0,0.0,0.0,0
CHG-0000115,Scheduled task created,Failure,Iron Man,Iron Man,Avengers,Service B,High,Medium,High,In Progress,High,2025-02-05T10:47:28.000000,Wednesday,2025-02-05T16:47:28.000000,,1,6.0,0.0,0.0,0
CHG-0000116,User profile updated,Failure,Hulk,Hulk,Avengers,Service E,Medium,Low,Low,Closed,Low,2025-02-05T21:58:18.000000,Wednesday,2025-02-05T23:58:18.000000,2025-02-06T16:58:18.000000,0,2.0,17.0,19.0,0
CHG-0000117,System cache cleared,Failure,Doctor Strange,Doctor Strange,Avengers II,Service D,High,High,Low,Closed,Medium,2025-02-06T07:44:54.000000,Thursday,2025-02-06T09:44:54.000000,2025-02-06T13:44:54.000000,1,2.0,4.0,6.0,0
CHG-0000118,User account updated,Failure,Iron Man,Iron Man,Avengers,Service D,Medium,Medium,Low,Closed,Low,2025-02-06T23:02:47.000000,Thursday,2025-02-07T07:02:47.000000,2025-02-07T10:02:47.000000,3,8.0,3.0,11.0,0
CHG-0000119,System notification configured,Data,Loki,Loki,Avengers,Service D,Low,Medium,Low,Closed,Medium,2025-02-06T13:15:02.000000,Thursday,2025-02-06T19:15:02.000000,2025-02-07T09:15:02.000000,4,6.0,14.0,20.0,0
CHG-0000120,Service integration updated,Hardware,Jack Sparrow,Jack Sparrow,Matrix,Service E,Medium,Low,Medium,Closed,Low,2025-02-06T21:56:00.000000,Thursday,2025-02-07T05:56:00.000000,2025-02-08T06:56:00.000000,0,8.0,25.0,33.0,0
CHG-0000121,Data retention policy updated,Data,Thor,Thor,Avengers,Service D,Low,Medium,High,On Hold,Medium,2025-02-07T15:10:30.000000,Friday,,,1,0.0,0.0,0.0,0
CHG-0000122,Database maintenance completed,Hardware,Captain America,Captain America,Avengers,Service C,Medium,Low,Medium,Closed,Medium,2025-02-07T17:48:01.000000,Friday,2025-02-07T20:48:01.000000,2025-02-07T23:48:01.000000,0,3.0,3.0,6.0,0
CHG-0000123,Application log reviewed,Access,Iron Man,Iron Man,Avengers,Service B,Medium,Low,Medium,Closed,High,2025-02-07T16:13:10.000000,Friday,2025-02-07T21:13:10.000000,2025-02-08T04:13:10.000000,0,5.0,7.0,12.0,0
CHG-0000124,User group membership changed,Hardware,Shang Chi,Shang Chi,Avengers II,Service C,Medium,High,Low,Closed,High,2025-02-08T12:02:35.000000,Saturday,2025-02-08T15:02:35.000000,2025-02-09T09:02:35.000000,0,3.0,18.0,21.0,1
CHG-0000125,Device removed from inventory,Hardware,Captain America,Captain America,Avengers,Service C,Medium,High,High,Closed,High,2025-02-08T18:07:50.000000,Saturday,2025-02-09T00:07:50.000000,2025-02-09T09:07:50.000000,3,6.0,9.0,15.0,0
CHG-0000126,System role assigned,Complaint,Doctor Strange,Doctor Strange,Avengers II,Service B,High,Medium,High,Closed,Medium,2025-02-08T09:23:37.000000,Saturday,2025-02-08T15:23:37.000000,2025-02-09T11:23:37.000000,5,6.0,20.0,26.0,0
CHG-0000127,Routine maintenance performed,Complaint,Captain America,Captain America,Avengers,Service E,Medium,Medium,Medium,Closed,Critical,2025-02-09T09:12:10.000000,Sunday,2025-02-09T11:12:10.000000,2025-02-10T21:12:10.000000,5,2.0,34.0,36.0,1
CHG-0000128,User account updated,Hardware,Captain Marvel,Captain Marvel,Avengers II,Service D,High,High,Medium,Closed,Critical,2025-02-10T18:56:26.000000,Monday,2025-02-11T01:56:26.000000,2025-02-12T01:56:26.000000,5,7.0,24.0,31.0,1
CHG-0000129,Backup schedule updated,Facilities,John Wick,John Wick,Matrix,Service D,High,Low,Medium,Closed,Critical,2025-02-10T02:51:28.000000,Monday,2025-02-10T06:51:28.000000,2025-02-11T07:51:28.000000,2,4.0,25.0,29.0,1
CHG-0000130,Software version upgraded,Network,Loki,Loki,Avengers,Service C,Low,Medium,Low,In Progress,High,2025-02-10T20:47:37.000000,Monday,2025-02-11T00:47:37.000000,,3,4.0,0.0,0.0,0
CHG-0000131,Service integration updated,Data,Hulk,Hulk,Avengers,Service D,High,Medium,High,New,Medium,2025-02-10T16:01:48.000000,Monday,,,1,0.0,0.0,0.0,0
CHG-0000132,User profile updated,Network,Jack Sparrow,Jack Sparrow,Matrix,Service E,Medium,Low,Low,New,High,2025-02-11T16:07:48.000000,Tuesday,,,2,0.0,0.0,0.0,0
CHG-0000133,Network route adjusted,Software,Batman,Batman,Matrix,Service A,Medium,Medium,Low,Closed,Medium,2025-02-11T16:09:09.000000,Tuesday,2025-02-11T21:09:09.000000,2025-02-12T08:09:09.000000,2,5.0,11.0,16.0,0
CHG-0000134,Security settings updated,Facilities,Captain Marvel,Captain Marvel,Avengers II,Service E,Low,High,High,Closed,Medium,2025-02-12T22:50:36.000000,Wednesday,2025-02-13T01:50:36.000000,2025-02-14T09:50:36.000000,5,3.0,32.0,35.0,1
CHG-0000135,Alert threshold changed,Hardware,Spiderman,Spiderman,Avengers II,Service B,Medium,High,Medium,Closed,Medium,2025-02-12T04:28:33.000000,Wednesday,2025-02-12T12:28:33.000000,2025-02-13T14:28:33.000000,5,8.0,26.0,34.0,1
CHG-0000136,System update applied,Data,John Wick,John Wick,Matrix,Service A,Low,Low,High,Closed,Medium,2025-02-13T17:59:13.000000,Thursday,2025-02-13T19:59:13.000000,2025-02-14T07:59:13.000000,1,2.0,12.0,14.0,0
CHG-0000137,Device access restricted,Network,Iron Man,Iron Man,Avengers,Service A,High,Low,High,Closed,Medium,2025-02-14T21:23:42.000000,Friday,2025-02-15T00:23:42.000000,2025-02-15T04:23:42.000000,0,3.0,4.0,7.0,0
CHG-0000138,Resource allocation changed,Complaint,Thor,Thor,Avengers,Service C,High,High,High,Closed,Medium,2025-02-14T02:20:11.000000,Friday,2025-02-14T05:20:11.000000,2025-02-14T08:20:11.000000,1,3.0,3.0,6.0,0
CHG-0000139,Service integration updated,Hardware,Spiderman,Spiderman,Avengers II,Service D,Low,High,Low,Closed,Medium,2025-02-15T00:49:27.000000,Saturday,2025-02-15T05:49:27.000000,2025-02-15T23:49:27.000000,2,5.0,18.0,23.0,0
CHG-0000140,Application license assigned,Network,Thor,Thor,Avengers,Service B,High,Medium,High,Closed,Medium,2025-02-15T08:07:56.000000,Saturday,2025-02-15T13:07:56.000000,2025-02-16T00:07:56.000000,3,5.0,11.0,16.0,0
CHG-0000141,Application access granted,Complaint,Loki,Loki,Avengers,Service E,High,Medium,High,In Progress,Medium,2025-02-16T00:03:16.000000,Sunday,2025-02-16T03:03:16.000000,,1,3.0,0.0,0.0,0
CHG-0000142,System resource increased,Software,Batman,Batman,Matrix,Service C,High,High,Medium,On Hold,Low,2025-02-17T15:28:55.000000,Monday,,,4,0.0,0.0,0.0,0
CHG-0000143,Service restarted,Hardware,Captain America,Captain America,Avengers,Service D,Medium,Medium,Low,Closed,Low,2025-02-17T12:50:29.000000,Monday,2025-02-17T15:50:29.000000,2025-02-18T19:50:29.000000,2,3.0,28.0,31.0,0
CHG-0000144,Application deployed,Network,Captain Marvel,Captain Marvel,Avengers II,Service A,High,High,Medium,Closed,Medium,2025-02-18T19:40:10.000000,Tuesday,2025-02-19T03:40:10.000000,2025-02-19T18:40:10.000000,5,8.0,15.0,23.0,0
CHG-0000145,Application configuration changed,Hardware,Neo,Neo,Matrix,Service D,Low,Medium,Low,Closed,Critical,2025-02-19T12:54:03.000000,Wednesday,2025-02-19T20:54:03.000000,2025-02-20T04:54:03.000000,0,8.0,8.0,16.0,1
CHG-0000146,Service port changed,Software,Doctor Strange,Doctor Strange,Avengers II,Service E,High,Low,Medium,Closed,High,2025-02-19T17:23:56.000000,Wednesday,2025-02-19T23:23:56.000000,2025-02-20T21:23:56.000000,5,6.0,22.0,28.0,1
CHG-0000147,Service dependency changed,Data,Spiderman,Spiderman,Avengers II,Service C,High,Medium,Medium,Closed,Medium,2025-02-19T21:15:20.000000,Wednesday,2025-02-20T04:15:20.000000,2025-02-21T07:15:20.000000,5,7.0,27.0,34.0,1
CHG-0000148,Network route adjusted,Hardware,Iron Man,Iron Man,Avengers,Service B,Medium,Medium,Low,Closed,Medium,2025-02-20T08:21:05.000000,Thursday,2025-02-20T16:21:05.000000,2025-02-21T22:21:05.000000,2,8.0,30.0,38.0,1
CHG-0000149,Configuration setting changed,Facilities,Captain America,Captain America,Avengers,Service E,High,Low,Medium,Closed,Medium,2025-02-21T11:05:34.000000,Friday,2025-02-21T19:05:34.000000,2025-02-23T00:05:34.000000,1,8.0,29.0,37.0,1
CHG-0000150,Service endpoint modified,Hardware,Shang Chi,Shang Chi,Avengers II,Service E,High,High,Medium,Closed,Medium,2025-02-21T16:16:12.000000,Friday,2025-02-22T00:16:12.000000,2025-02-23T12:16:12.000000,3,8.0,36.0,44.0,1
CHG-0000151,Scheduled job modified,Data,Loki,Loki,Avengers,Service E,Low,Medium,Low,Closed,Medium,2025-02-21T14:52:02.000000,Friday,2025-02-21T18:52:02.000000,2025-02-22T15:52:02.000000,2,4.0,21.0,25.0,0
CHG-0000152,Device added to network,Hardware,Captain America,Captain America,Avengers,Service A,High,High,Low,Closed,Critical,2025-02-21T01:50:25.000000,Friday,2025-02-21T04:50:25.000000,2025-02-21T08:50:25.000000,1,3.0,4.0,7.0,0
CHG-0000153,User authentication method updated,Network,Loki,Loki,Avengers,Service B,High,Medium,Low,Closed,Medium,2025-02-21T01:04:35.000000,Friday,2025-02-21T07:04:35.000000,2025-02-21T20:04:35.000000,5,6.0,13.0,19.0,0
CHG-0000154,System backup restored,Data,Iron Man,Iron Man,Avengers,Service E,High,Medium,High,Closed,High,2025-02-22T09:04:08.000000,Saturday,2025-02-22T17:04:08.000000,2025-02-23T13:04:08.000000,3,8.0,20.0,28.0,1
CHG-0000155,Monitoring rules adjusted,Failure,Shang Chi,Shang Chi,Avengers II,Service D,Medium,Medium,High,Closed,Medium,2025-02-22T06:44:30.000000,Saturday,2025-02-22T12:44:30.000000,2025-02-23T01:44:30.000000,3,6.0,13.0,19.0,0
CHG-0000156,System notification configured,Failure,Shang Chi,Shang Chi,Avengers II,Service D,Medium,High,Low,Closed,Critical,2025-02-22T13:19:42.000000,Saturday,2025-02-22T21:19:42.000000,2025-02-23T01:19:42.000000,0,8.0,4.0,12.0,0
CHG-0000157,Application shortcut created,Failure,Iron Man,Iron Man,Avengers,Service A,High,High,Low,In Progress,Low,2025-02-22T19:52:05.000000,Saturday,2025-02-22T22:52:05.000000,,2,3.0,0.0,0.0,0
CHG-0000158,Device firmware updated,Complaint,Shang Chi,Shang Chi,Avengers II,Service B,High,Medium,Medium,Closed,Medium,2025-02-23T13:42:45.000000,Sunday,2025-02-23T18:42:45.000000,2025-02-24T22:42:45.000000,2,5.0,28.0,33.0,1
CHG-0000159,Configuration setting changed,Complaint,Captain America,Captain America,Avengers,Service B,Low,Medium,Low,In Progress,High,2025-02-24T01:56:54.000000,Monday,2025-02-24T07:56:54.000000,,0,6.0,0.0,0.0,0
CHG-0000160,User account updated,Data,Thor,Thor,Avengers,Service A,Low,Low,Medium,On Hold,Medium,2025-02-25T08:14:41.000000,Tuesday,,,4,0.0,0.0,0.0,0
CHG-0000161,User authentication method updated,Facilities,John Wick,John Wick,Matrix,Service C,High,Low,High,Closed,High,2025-02-25T08:24:35.000000,Tuesday,2025-02-25T10:24:35.000000,2025-02-25T17:24:35.000000,4,2.0,7.0,9.0,0
CHG-0000162,Device configuration updated,Data,Captain Marvel,Captain Marvel,Avengers II,Service D,Low,High,Low,Closed,Low,2025-02-25T12:53:38.000000,Tuesday,2025-02-25T14:53:38.000000,2025-02-25T20:53:38.000000,1,2.0,6.0,8.0,0
CHG-0000163,User session reset,Facilities,Captain America,Captain America,Avengers,Service C,Low,Low,Low,Closed,High,2025-02-26T09:03:47.000000,Wednesday,2025-02-26T17:03:47.000000,2025-02-27T09:03:47.000000,5,8.0,16.0,24.0,0
CHG-0000164,Data export scheduled,Data,Captain Marvel,Captain Marvel,Avengers II,Service E,Low,Low,Low,New,Medium,2025-02-26T11:51:44.000000,Wednesday,,,4,0.0,0.0,0.0,0
CHG-0000165,User profile updated,Access,John Wick,John Wick,Matrix,Service D,Medium,High,High,Closed,Medium,2025-02-26T11:51:40.000000,Wednesday,2025-02-26T14:51:40.000000,2025-02-27T01:51:40.000000,0,3.0,11.0,14.0,0
CHG-0000166,Application license assigned,Data,John Cena,John Cena,Matrix,Service B,High,Low,Medium,Closed,High,2025-02-26T09:32:51.000000,Wednesday,2025-02-26T12:32:51.000000,2025-02-27T11:32:51.000000,3,3.0,23.0,26.0,1
CHG-0000167,System log settings updated,Failure,Captain Marvel,Captain Marvel,Avengers II,Service C,Low,High,Medium,Closed,High,2025-02-27T19:28:45.000000,Thursday,2025-02-27T21:28:45.000000,2025-02-28T15:28:45.000000,4,2.0,18.0,20.0,1
CHG-0000168,Network settings adjusted,Hardware,Captain America,Captain America,Avengers,Service E,Medium,Medium,Low,Closed,Low,2025-02-27T09:48:09.000000,Thursday,2025-02-27T12:48:09.000000,2025-02-28T00:48:09.000000,0,3.0,12.0,15.0,0
CHG-0000169,Device added to network,Facilities,Doctor Strange,Doctor Strange,Avengers II,Service C,Low,High,Medium,Closed,High,2025-02-27T13:34:22.000000,Thursday,2025-02-27T21:34:22.000000,2025-02-28T07:34:22.000000,4,8.0,10.0,18.0,0
CHG-0000170,Access policy reviewed,Network,Shang Chi,Shang Chi,Avengers II,Service D,Low,High,High,Closed,Critical,2025-02-27T13:44:24.000000,Thursday,2025-02-27T19:44:24.000000,2025-02-28T14:44:24.000000,4,6.0,19.0,25.0,1
CHG-0000171,Resource allocation changed,Facilities,Batman,Batman,Matrix,Service E,High,High,Low,Closed,Medium,2025-02-27T18:02:02.000000,Thursday,2025-02-28T00:02:02.000000,2025-03-01T12:02:02.000000,1,6.0,36.0,42.0,1
CHG-0000172,Scheduled job modified,Access,Shang Chi,Shang Chi,Avengers II,Service D,High,High,Medium,Closed,Medium,2025-02-28T04:50:46.000000,Friday,2025-02-28T07:50:46.000000,2025-03-01T14:50:46.000000,4,3.0,31.0,34.0,1
CHG-0000173,Service integration updated,Network,John Wick,John Wick,Matrix,Service A,High,High,Medium,Closed,High,2025-02-28T00:00:40.000000,Friday,2025-02-28T02:00:40.000000,2025-03-01T00:00:40.000000,4,2.0,22.0,24.0,1
CHG-0000174,System resource increased,Network,Iron Man,Iron Man,Avengers,Service D,Low,Low,Low,Closed,Critical,2025-02-28T23:57:01.000000,Friday,2025-03-01T03:57:01.000000,2025-03-01T08:57:01.000000,3,4.0,5.0,9.0,1
CHG-0000175,System role assigned,Facilities,Spiderman,Spiderman,Avengers II,Service B,High,High,Medium,Closed,High,2025-02-28T23:52:01.000000,Friday,2025-03-01T03:52:01.000000,2025-03-01T13:52:01.000000,0,4.0,10.0,14.0,0
CHG-0000176,Security settings updated,Facilities,Batman,Batman,Matrix,Service A,High,High,High,Closed,Medium,2025-03-01T08:12:06.000000,Saturday,2025-03-01T10:12:06.000000,2025-03-02T04:12:06.000000,5,2.0,18.0,20.0,0
CHG-0000177,System cache cleared,Hardware,Hulk,Hulk,Avengers,Service D,Low,Low,Medium,Closed,Medium,2025-03-01T13:11:16.000000,Saturday,2025-03-01T15:11:16.000000,2025-03-02T11:11:16.000000,2,2.0,20.0,22.0,0
CHG-0000178,Application deployed,Hardware,Spiderman,Spiderman,Avengers II,Service E,Medium,Medium,Low,Closed,Medium,2025-03-02T03:34:58.000000,Sunday,2025-03-02T08:34:58.000000,2025-03-03T03:34:58.000000,5,5.0,19.0,24.0,0
CHG-0000179,User permissions modified,Failure,Spiderman,Spiderman,Avengers II,Service C,High,Low,Low,On Hold,Medium,2025-03-02T11:18:10.000000,Sunday,,,5,0.0,0.0,0.0,0
CHG-0000180,Application shortcut created,Access,John Wick,John Wick,Matrix,Service D,Medium,Low,High,Closed,Low,2025-03-02T17:14:52.000000,Sunday,2025-03-02T21:14:52.000000,2025-03-04T08:14:52.000000,2,4.0,35.0,39.0,0
CHG-0000181,Data import completed,Failure,Captain Marvel,Captain Marvel,Avengers II,Service B,High,Low,Low,Closed,Medium,2025-03-02T14:11:55.000000,Sunday,2025-03-02T20:11:55.000000,2025-03-03T09:11:55.000000,2,6.0,13.0,19.0,0
CHG-0000182,Service dependency changed,Complaint,Thor,Thor,Avengers,Service B,High,High,Medium,Closed,Medium,2025-03-02T22:33:12.000000,Sunday,2025-03-03T06:33:12.000000,2025-03-03T11:33:12.000000,3,8.0,5.0,13.0,0
CHG-0000183,Service status checked,Hardware,Captain America,Captain America,Avengers,Service E,Medium,Medium,Medium,Closed,High,2025-03-03T04:00:29.000000,Monday,2025-03-03T06:00:29.000000,2025-03-04T02:00:29.000000,1,2.0,20.0,22.0,1
CHG-0000184,User group membership changed,Facilities,Loki,Loki,Avengers,Service B,Medium,Low,Low,Closed,Critical,2025-03-03T06:16:29.000000,Monday,2025-03-03T12:16:29.000000,2025-03-04T11:16:29.000000,1,6.0,23.0,29.0,1
CHG-0000185,User group membership changed,Software,Captain America,Captain America,Avengers,Service A,Low,High,High,Closed,Medium,2025-03-03T08:13:36.000000,Monday,2025-03-03T12:13:36.000000,2025-03-04T11:13:36.000000,4,4.0,23.0,27.0,0
CHG-0000186,Network settings adjusted,Hardware,Neo,Neo,Matrix,Service E,Low,Medium,Medium,Closed,Medium,2025-03-04T07:38:14.000000,Tuesday,2025-03-04T14:38:14.000000,2025-03-05T16:38:14.000000,2,7.0,26.0,33.0,1
CHG-0000187,Scheduled task created,Data,Spiderman,Spiderman,Avengers II,Service A,High,Medium,Medium,Closed,High,2025-03-04T14:52:14.000000,Tuesday,2025-03-04T20:52:14.000000,2025-03-05T02:52:14.000000,0,6.0,6.0,12.0,0
CHG-0000188,Alert threshold changed,Software,Jack Sparrow,Jack Sparrow,Matrix,Service B,High,High,Low,Closed,Medium,2025-03-05T00:57:28.000000,Wednesday,2025-03-05T03:57:28.000000,2025-03-06T06:57:28.000000,0,3.0,27.0,30.0,1
CHG-0000189,Data import completed,Network,Thor,Thor,Avengers,Service B,Low,High,Medium,Closed,Low,2025-03-05T19:04:07.000000,Wednesday,2025-03-05T21:04:07.000000,2025-03-06T04:04:07.000000,1,2.0,7.0,9.0,0
CHG-0000190,Application deployed,Failure,Captain Marvel,Captain Marvel,Avengers II,Service C,High,High,Low,Closed,High,2025-03-05T23:30:16.000000,Wednesday,2025-03-06T03:30:16.000000,2025-03-07T07:30:16.000000,1,4.0,28.0,32.0,1
CHG-0000191,User password reset,Software,Captain Marvel,Captain Marvel,Avengers II,Service E,Low,Low,Low,Closed,Critical,2025-03-05T15:31:05.000000,Wednesday,2025-03-05T22:31:05.000000,2025-03-06T18:31:05.000000,1,7.0,20.0,27.0,1
CHG-0000192,System role assigned,Failure,Batman,Batman,Matrix,Service B,High,Medium,Low,Closed,Medium,2025-03-05T03:31:24.000000,Wednesday,2025-03-05T05:31:24.000000,2025-03-05T16:31:24.000000,3,2.0,11.0,13.0,0
CHG-0000193,Alert threshold changed,Hardware,Loki,Loki,Avengers,Service D,Medium,Medium,Medium,Closed,Low,2025-03-06T05:57:53.000000,Thursday,2025-03-06T11:57:53.000000,2025-03-06T13:57:53.000000,5,6.0,2.0,8.0,0
CHG-0000194,Service integration updated,Hardware,Doctor Strange,Doctor Strange,Avengers II,Service A,High,Medium,Medium,Closed,High,2025-03-06T17:06:49.000000,Thursday,2025-03-07T00:06:49.000000,2025-03-07T09:06:49.000000,0,7.0,9.0,16.0,0
CHG-0000195,Security settings updated,Hardware,Spiderman,Spiderman,Avengers II,Service E,Low,Medium,Low,In Progress,Medium,2025-03-06T19:13:27.000000,Thursday,2025-03-07T02:13:27.000000,,3,7.0,0.0,0.0,0
CHG-0000196,Scheduled task created,Data,Doctor Strange,Doctor Strange,Avengers II,Service E,High,Low,Low,Closed,Medium,2025-03-06T00:11:23.000000,Thursday,2025-03-06T06:11:23.000000,2025-03-06T19:11:23.000000,4,6.0,13.0,19.0,0
CHG-0000197,Resource permissions changed,Facilities,Hulk,Hulk,Avengers,Service A,Low,High,High,Closed,Medium,2025-03-06T05:58:45.000000,Thursday,2025-03-06T07:58:45.000000,2025-03-07T01:58:45.000000,1,2.0,18.0,20.0,0
CHG-0000198,User group membership changed,Facilities,Hulk,Hulk,Avengers,Service C,Medium,Low,High,Closed,High,2025-03-07T03:30:46.000000,Friday,2025-03-07T07:30:46.000000,2025-03-08T00:30:46.000000,4,4.0,17.0,21.0,1
CHG-0000199,Data export scheduled,Hardware,Doctor Strange,Doctor Strange,Avengers II,Service B,High,Medium,Low,Closed,Low,2025-03-08T02:26:56.000000,Saturday,2025-03-08T06:26:56.000000,2025-03-08T17:26:56.000000,0,4.0,11.0,15.0,0
CHG-0000200,User session reset,Failure,Batman,Batman,Matrix,Service D,Low,Medium,High,Closed,Low,2025-03-08T18:48:53.000000,Saturday,2025-03-08T21:48:53.000000,2025-03-09T10:48:53.000000,1,3.0,13.0,16.0,0
CHG-0000201,System role assigned,Access,Iron Man,Iron Man,Avengers,Service E,Medium,High,Low,On Hold,High,2025-03-08T00:07:35.000000,Saturday,,,0,0.0,0.0,0.0,0
CHG-0000202,Device removed from inventory,Data,John Cena,John Cena,Matrix,Service E,High,Medium,Low,Closed,Critical,2025-03-08T14:52:57.000000,Saturday,2025-03-08T22:52:57.000000,2025-03-10T00:52:57.000000,1,8.0,26.0,34.0,1
CHG-0000203,Software version upgraded,Data,Jack Sparrow,Jack Sparrow,Matrix,Service D,High,Low,High,Closed,Medium,2025-03-08T01:33:27.000000,Saturday,2025-03-08T07:33:27.000000,2025-03-08T18:33:27.000000,0,6.0,11.0,17.0,0
CHG-0000204,Device added to network,Failure,Loki,Loki,Avengers,Service D,High,Medium,High,Closed,Low,2025-03-09T23:20:37.000000,Sunday,2025-03-10T01:20:37.000000,2025-03-11T09:20:37.000000,4,2.0,32.0,34.0,0
CHG-0000205,Application license assigned,Complaint,Shang Chi,Shang Chi,Avengers II,Service E,Medium,High,Medium,On Hold,High,2025-03-09T19:29:47.000000,Sunday,,,1,0.0,0.0,0.0,0
CHG-0000206,Access policy reviewed,Complaint,Thor,Thor,Avengers,Service B,Medium,High,Low,Closed,Medium,2025-03-09T18:08:57.000000,Sunday,2025-03-10T00:08:57.000000,2025-03-10T22:08:57.000000,1,6.0,22.0,28.0,0
CHG-0000207,Backup schedule updated,Network,Jack Sparrow,Jack Sparrow,Matrix,Service D,Medium,Low,Low,Closed,High,2025-03-09T21:57:25.000000,Sunday,2025-03-10T05:57:25.000000,2025-03-10T14:57:25.000000,2,8.0,9.0,17.0,0
CHG-0000208,Service port changed,Access,John Cena,John Cena,Matrix,Service C,Low,Low,Medium,Closed,Medium,2025-03-09T10:21:57.000000,Sunday,2025-03-09T18:21:57.000000,2025-03-10T11:21:57.000000,4,8.0,17.0,25.0,0
CHG-0000209,Network settings adjusted,Software,Loki,Loki,Avengers,Service B,High,Medium,High,New,Low,2025-03-10T23:29:06.000000,Monday,,,3,0.0,0.0,0.0,0
CHG-0000210,Scheduled job modified,Failure,Spiderman,Spiderman,Avengers II,Service C,Medium,Medium,High,Closed,High,2025-03-11T05:05:05.000000,Tuesday,2025-03-11T11:05:05.000000,2025-03-12T15:05:05.000000,2,6.0,28.0,34.0,1
CHG-0000211,Application feature enabled,Hardware,Shang Chi,Shang Chi,Avengers II,Service B,Medium,Medium,Medium,Closed,Medium,2025-03-12T11:33:02.000000,Wednesday,2025-03-12T19:33:02.000000,2025-03-13T23:33:02.000000,5,8.0,28.0,36.0,1
CHG-0000212,Database maintenance completed,Data,Thor,Thor,Avengers,Service B,High,High,High,In Progress,High,2025-03-12T22:39:03.000000,Wednesday,2025-03-13T03:39:03.000000,,1,5.0,0.0,0.0,0
CHG-0000213,Network settings adjusted,Failure,Thor,Thor,Avengers,Service C,Medium,Low,Low,Closed,High,2025-03-13T21:50:20.000000,Thursday,2025-03-14T05:50:20.000000,2025-03-14T15:50:20.000000,1,8.0,10.0,18.0,0
CHG-0000214,System notification configured,Access,Shang Chi,Shang Chi,Avengers II,Service B,High,High,High,Closed,Medium,2025-03-13T21:49:24.000000,Thursday,2025-03-14T02:49:24.000000,2025-03-14T17:49:24.000000,4,5.0,15.0,20.0,0
CHG-0000215,System backup restored,Facilities,Neo,Neo,Matrix,Service A,Medium,Medium,High,Closed,High,2025-03-13T11:21:11.000000,Thursday,2025-03-13T19:21:11.000000,2025-03-14T04:21:11.000000,4,8.0,9.0,17.0,0
CHG-0000216,System resource increased,Network,Doctor Strange,Doctor Strange,Avengers II,Service E,Medium,High,Low,Closed,Medium,2025-03-13T17:47:38.000000,Thursday,2025-03-13T19:47:38.000000,2025-03-14T19:47:38.000000,5,2.0,24.0,26.0,0
CHG-0000217,Application configuration changed,Hardware,Doctor Strange,Doctor Strange,Avengers II,Service D,High,Low,Medium,Closed,High,2025-03-13T11:50:39.000000,Thursday,2025-03-13T17:50:39.000000,2025-03-14T13:50:39.000000,0,6.0,20.0,26.0,1
CHG-0000218,Application log reviewed,Software,Neo,Neo,Matrix,Service C,Medium,Low,High,Closed,Medium,2025-03-14T00:42:01.000000,Friday,2025-03-14T02:42:01.000000,2025-03-14T05:42:01.000000,3,2.0,3.0,5.0,0
CHG-0000219,System backup restored,Software,Iron Man,Iron Man,Avengers,Service B,Medium,High,High,Closed,Critical,2025-03-14T15:25:55.000000,Friday,2025-03-14T20:25:55.000000,2025-03-16T02:25:55.000000,5,5.0,30.0,35.0,1
CHG-0000220,Application feature enabled,Software,Hulk,Hulk,Avengers,Service A,Medium,Low,Medium,Closed,Medium,2025-03-14T08:45:03.000000,Friday,2025-03-14T12:45:03.000000,2025-03-15T00:45:03.000000,1,4.0,12.0,16.0,0
CHG-0000221,System backup restored,Hardware,Captain America,Captain America,Avengers,Service B,High,Medium,Medium,On Hold,Critical,2025-03-15T03:19:24.000000,Saturday,,,2,0.0,0.0,0.0,0
CHG-0000222,Application feature enabled,Facilities,Spiderman,Spiderman,Avengers II,Service A,Medium,Medium,High,Closed,High,2025-03-15T06:03:38.000000,Saturday,2025-03-15T13:03:38.000000,2025-03-15T15:03:38.000000,1,7.0,2.0,9.0,0
CHG-0000223,User account updated,Failure,Iron Man,Iron Man,Avengers,Service C,High,Medium,Low,Closed,High,2025-03-15T20:48:19.000000,Saturday,2025-03-16T04:48:19.000000,2025-03-16T17:48:19.000000,5,8.0,13.0,21.0,0
CHG-0000224,System backup restored,Failure,Spiderman,Spiderman,Avengers II,Service D,Low,High,Medium,Closed,High,2025-03-15T09:48:48.000000,Saturday,2025-03-15T12:48:48.000000,2025-03-16T13:48:48.000000,5,3.0,25.0,28.0,1
CHG-0000225,User password reset,Failure,John Wick,John Wick,Matrix,Service D,Medium,Medium,Medium,Closed,Medium,2025-03-16T05:57:32.000000,Sunday,2025-03-16T13:57:32.000000,2025-03-17T11:57:32.000000,3,8.0,22.0,30.0,0
CHG-0000226,System update applied,Hardware,Batman,Batman,Matrix,Service B,High,Medium,Low,Closed,Medium,2025-03-16T05:36:31.000000,Sunday,2025-03-16T07:36:31.000000,2025-03-16T23:36:31.000000,0,2.0,16.0,18.0,0
CHG-0000227,Data export scheduled,Failure,Hulk,Hulk,Avengers,Service E,Low,Medium,Medium,Closed,Low,2025-03-17T11:43:04.000000,Monday,2025-03-17T19:43:04.000000,2025-03-19T00:43:04.000000,3,8.0,29.0,37.0,0
CHG-0000228,Device access restricted,Data,Spiderman,Spiderman,Avengers II,Service C,High,High,Medium,New,High,2025-03-17T15:25:19.000000,Monday,,,5,0.0,0.0,0.0,0
CHG-0000229,Device firmware updated,Hardware,Captain Marvel,Captain Marvel,Avengers II,Service E,Low,Low,High,Closed,Medium,2025-03-17T15:29:10.000000,Monday,2025-03-17T17:29:10.000000,2025-03-18T04:29:10.000000,2,2.0,11.0,13.0,0
CHG-0000230,Password policy updated,Facilities,Loki,Loki,Avengers,Service E,Low,Medium,High,Closed,Medium,2025-03-17T12:24:53.000000,Monday,2025-03-17T16:24:53.000000,2025-03-18T10:24:53.000000,2,4.0,18.0,22.0,0
CHG-0000231,Service integration updated,Complaint,Iron Man,Iron Man,Avengers,Service B,High,Medium,Medium,Closed,Medium,2025-03-17T18:39:47.000000,Monday,2025-03-17T22:39:47.000000,2025-03-18T00:39:47.000000,4,4.0,2.0,6.0,0
CHG-0000232,Application license assigned,Access,Captain America,Captain America,Avengers,Service A,Low,Medium,Medium,In Progress,Medium,2025-03-18T20:20:08.000000,Tuesday,2025-03-19T01:20:08.000000,,4,5.0,0.0,0.0,0
CHG-0000233,Device access restricted,Complaint,Doctor Strange,Doctor Strange,Avengers II,Service A,Medium,High,Medium,Closed,Critical,2025-03-18T23:31:15.000000,Tuesday,2025-03-19T02:31:15.000000,2025-03-20T13:31:15.000000,3,3.0,35.0,38.0,1
CHG-0000234,Application license assigned,Data,Spiderman,Spiderman,Avengers II,Service C,High,Medium,High,Closed,Medium,2025-03-18T20:48:47.000000,Tuesday,2025-03-19T02:48:47.000000,2025-03-19T19:48:47.000000,0,6.0,17.0,23.0,0
CHG-0000235,Device configuration updated,Access,Jack Sparrow,Jack Sparrow,Matrix,Service B,Medium,Medium,Medium,In Progress,High,2025-03-19T02:01:17.000000,Wednesday,2025-03-19T07:01:17.000000,,3,5.0,0.0,0.0,0
CHG-0000236,Data import completed,Hardware,Captain America,Captain America,Avengers,Service C,Low,High,High,Closed,Medium,2025-03-19T15:44:36.000000,Wednesday,2025-03-19T19:44:36.000000,2025-03-19T22:44:36.000000,0,4.0,3.0,7.0,0
CHG-0000237,Application log reviewed,Facilities,Iron Man,Iron Man,Avengers,Service D,High,Low,Low,Closed,Medium,2025-03-19T00:35:05.000000,Wednesday,2025-03-19T05:35:05.000000,2025-03-19T07:35:05.000000,0,5.0,2.0,7.0,0
CHG-0000238,System log settings updated,Network,Loki,Loki,Avengers,Service B,High,Low,Medium,Closed,Medium,2025-03-19T09:53:48.000000,Wednesday,2025-03-19T14:53:48.000000,2025-03-20T23:53:48.000000,0,5.0,33.0,38.0,1
CHG-0000239,Scheduled task created,Hardware,Loki,Loki,Avengers,Service E,High,High,Low,New,Medium,2025-03-20T06:11:05.000000,Thursday,,,5,0.0,0.0,0.0,0
CHG-0000240,Data import completed,Complaint,Spiderman,Spiderman,Avengers II,Service A,Low,High,Low,Closed,Medium,2025-03-21T01:22:06.000000,Friday,2025-03-21T05:22:06.000000,2025-03-22T07:22:06.000000,2,4.0,26.0,30.0,1
CHG-0000241,User group membership changed,Hardware,Hulk,Hulk,Avengers,Service E,Medium,High,Medium,Closed,Low,2025-03-21T13:34:19.000000,Friday,2025-03-21T21:34:19.000000,2025-03-23T04:34:19.000000,3,8.0,31.0,39.0,0
CHG-0000242,Service port changed,Network,Iron Man,Iron Man,Avengers,Service A,High,Low,High,Closed,High,2025-03-21T06:52:18.000000,Friday,2025-03-21T14:52:18.000000,2025-03-22T17:52:18.000000,1,8.0,27.0,35.0,1
CHG-0000243,User authentication method updated,Data,Thor,Thor,Avengers,Service A,Low,Medium,Low,Closed,Critical,2025-03-21T09:05:53.000000,Friday,2025-03-21T17:05:53.000000,2025-03-22T07:05:53.000000,0,8.0,14.0,22.0,1
CHG-0000244,Backup schedule updated,Software,Captain America,Captain America,Avengers,Service C,High,Medium,High,Closed,Medium,2025-03-22T09:07:41.000000,Saturday,2025-03-22T13:07:41.000000,2025-03-23T14:07:41.000000,1,4.0,25.0,29.0,1
CHG-0000245,User group membership changed,Complaint,Spiderman,Spiderman,Avengers II,Service D,High,High,High,Closed,High,2025-03-22T13:19:14.000000,Saturday,2025-03-22T20:19:14.000000,2025-03-24T07:19:14.000000,0,7.0,35.0,42.0,1
CHG-0000246,User authentication method updated,Access,Shang Chi,Shang Chi,Avengers II,Service B,Low,Low,Low,Closed,High,2025-03-23T15:23:23.000000,Sunday,2025-03-23T19:23:23.000000,2025-03-25T00:23:23.000000,0,4.0,29.0,33.0,1
CHG-0000247,Application deployed,Software,Jack Sparrow,Jack Sparrow,Matrix,Service C,High,Low,Medium,Closed,Medium,2025-03-23T10:10:54.000000,Sunday,2025-03-23T12:10:54.000000,2025-03-23T18:10:54.000000,4,2.0,6.0,8.0,0
CHG-0000248,User session reset,Complaint,Thor,Thor,Avengers,Service C,Medium,High,Low,Closed,High,2025-03-23T21:38:08.000000,Sunday,2025-03-24T00:38:08.000000,2025-03-24T12:38:08.000000,4,3.0,12.0,15.0,0
CHG-0000249,Device firmware updated,Facilities,Hulk,Hulk,Avengers,Service D,Low,Medium,Low,Closed,Medium,2025-03-23T02:38:53.000000,Sunday,2025-03-23T06:38:53.000000,2025-03-24T13:38:53.000000,4,4.0,31.0,35.0,1
CHG-0000250,User group membership changed,Network,Shang Chi,Shang Chi,Avengers II,Service B,Medium,Low,Medium,Closed,Medium,2025-03-24T06:25:50.000000,Monday,2025-03-24T14:25:50.000000,2025-03-25T14:25:50.000000,3,8.0,24.0,32.0,0
CHG-0000251,System update applied,Network,Loki,Loki,Avengers,Service B,High,High,Low,Closed,High,2025-03-24T17:14:19.000000,Monday,2025-03-24T23:14:19.000000,2025-03-25T21:14:19.000000,4,6.0,22.0,28.0,1
CHG-0000252,Software version upgraded,Data,Hulk,Hulk,Avengers,Service A,Medium,High,Low,Closed,High,2025-03-24T06:07:23.000000,Monday,2025-03-24T10:07:23.000000,2025-03-25T15:07:23.000000,3,4.0,29.0,33.0,1
CHG-0000253,Scheduled task created,Access,Thor,Thor,Avengers,Service D,Medium,Medium,High,Closed,Medium,2025-03-24T16:09:22.000000,Monday,2025-03-25T00:09:22.000000,2025-03-26T11:09:22.000000,5,8.0,35.0,43.0,1
CHG-0000254,System resource increased,Complaint,Jack Sparrow,Jack Sparrow,Matrix,Service D,Low,Low,High,Closed,Critical,2025-03-25T04:15:21.000000,Tuesday,2025-03-25T08:15:21.000000,2025-03-25T22:15:21.000000,2,4.0,14.0,18.0,1
CHG-0000255,System update applied,Complaint,Neo,Neo,Matrix,Service B,Low,High,Low,Closed,Low,2025-03-26T05:46:36.000000,Wednesday,2025-03-26T12:46:36.000000,2025-03-27T11:46:36.000000,2,7.0,23.0,30.0,0
CHG-0000256,Device monitoring enabled,Network,Shang Chi,Shang Chi,Avengers II,Service A,High,Medium,Medium,Closed,Medium,2025-03-27T11:03:37.000000,Thursday,2025-03-27T14:03:37.000000,2025-03-27T18:03:37.000000,5,3.0,4.0,7.0,0
CHG-0000257,Password policy updated,Hardware,Thor,Thor,Avengers,Service A,Medium,Low,Medium,Closed,High,2025-03-28T03:17:40.000000,Friday,2025-03-28T08:17:40.000000,2025-03-29T08:17:40.000000,4,5.0,24.0,29.0,1
CHG-0000258,User group membership changed,Failure,Shang Chi,Shang Chi,Avengers II,Service B,High,Low,Low,Closed,High,2025-03-28T10:38:21.000000,Friday,2025-03-28T15:38:21.000000,2025-03-29T11:38:21.000000,4,5.0,20.0,25.0,1
CHG-0000259,Application deployed,Data,Shang Chi,Shang Chi,Avengers II,Service D,High,High,Low,Closed,Medium,2025-03-28T00:05:08.000000,Friday,2025-03-28T02:05:08.000000,2025-03-28T07:05:08.000000,0,2.0,5.0,7.0,0
CHG-0000260,Scheduled job modified,Failure,Doctor Strange,Doctor Strange,Avengers II,Service C,Low,Low,High,Closed,High,2025-03-28T11:20:30.000000,Friday,2025-03-28T16:20:30.000000,2025-03-29T13:20:30.000000,3,5.0,21.0,26.0,1
CHG-0000261,User group membership changed,Complaint,Captain America,Captain America,Avengers,Service E,Low,High,High,In Progress,Critical,2025-03-29T16:50:54.000000,Saturday,2025-03-30T00:50:54.000000,,4,8.0,0.0,0.0,0
CHG-0000262,Data import completed,Complaint,Spiderman,Spiderman,Avengers II,Service A,Medium,Medium,High,Closed,Critical,2025-03-29T21:04:49.000000,Saturday,2025-03-30T05:04:49.000000,2025-03-31T05:04:49.000000,1,8.0,24.0,32.0,1
CHG-0000263,Service status checked,Facilities,Captain Marvel,Captain Marvel,Avengers II,Service E,Low,Low,Low,Closed,High,2025-03-29T10:44:34.000000,Saturday,2025-03-29T15:44:34.000000,2025-03-30T07:44:34.000000,4,5.0,16.0,21.0,0
CHG-0000264,System notification configured,Failure,Batman,Batman,Matrix,Service B,Medium,High,High,Closed,Medium,2025-03-29T02:01:23.000000,Saturday,2025-03-29T04:01:23.000000,2025-03-29T17:01:23.000000,1,2.0,13.0,15.0,0
CHG-0000265,Service status checked,Failure,Hulk,Hulk,Avengers,Service E,Low,Low,Low,Closed,Medium,2025-03-29T09:14:20.000000,Saturday,2025-03-29T12:14:20.000000,2025-03-30T13:14:20.000000,3,3.0,25.0,28.0,1
CHG-0000266,Alert threshold changed,Hardware,Hulk,Hulk,Avengers,Service A,Low,Low,High,Closed,High,2025-03-30T09:55:10.000000,Sunday,2025-03-30T16:55:10.000000,2025-03-30T18:55:10.000000,1,7.0,2.0,9.0,0
CHG-0000267,Resource allocation changed,Complaint,Hulk,Hulk,Avengers,Service E,High,Medium,Medium,Closed,Medium,2025-03-30T23:50:55.000000,Sunday,2025-03-31T03:50:55.000000,2025-04-01T02:50:55.000000,4,4.0,23.0,27.0,0
CHG-0000268,User permissions modified,Data,Loki,Loki,Avengers,Service E,High,High,High,Closed,Medium,2025-03-30T20:58:49.000000,Sunday,2025-03-31T02:58:49.000000,2025-04-01T11:58:49.000000,1,6.0,33.0,39.0,1
CHG-0000269,Service dependency changed,Failure,Loki,Loki,Avengers,Service A,Low,Low,High,Closed,Medium,2025-03-30T16:04:41.000000,Sunday,2025-03-30T18:04:41.000000,2025-03-31T15:04:41.000000,3,2.0,21.0,23.0,0
CHG-0000270,Service integration updated,Network,Captain America,Captain America,Avengers,Service B,Medium,Medium,Low,Closed,High,2025-03-30T01:00:00.000000,Sunday,2025-03-30T05:00:00.000000,2025-03-31T11:00:00.000000,4,4.0,30.0,34.0,1
CHG-0000271,User password reset,Access,Iron Man,Iron Man,Avengers,Service A,High,Medium,Medium,In Progress,Medium,2025-03-31T17:51:01.000000,Monday,2025-03-31T21:51:01.000000,,2,4.0,0.0,0.0,0
CHG-0000272,System role assigned,Access,Loki,Loki,Avengers,Service D,Low,Low,High,New,High,2025-03-31T05:11:29.000000,Monday,,,4,0.0,0.0,0.0,0
CHG-0000273,Password policy updated,Access,Batman,Batman,Matrix,Service C,Low,Low,Medium,Closed,High,2025-04-01T11:45:21.000000,Tuesday,2025-04-01T14:45:21.000000,2025-04-02T03:45:21.000000,3,3.0,13.0,16.0,0
CHG-0000274,Device added to network,Failure,Thor,Thor,Avengers,Service A,Medium,Medium,High,Closed,Medium,2025-04-01T13:37:53.000000,Tuesday,2025-04-01T18:37:53.000000,2025-04-02T00:37:53.000000,4,5.0,6.0,11.0,0
CHG-0000275,Password policy updated,Complaint,Captain Marvel,Captain Marvel,Avengers II,Service B,Medium,High,Medium,Closed,Medium,2025-04-01T16:15:22.000000,Tuesday,2025-04-01T22:15:22.000000,2025-04-02T03:15:22.000000,4,6.0,5.0,11.0,0
CHG-0000276,Application log reviewed,Facilities,Captain America,Captain America,Avengers,Service A,High,High,Low,On Hold,Medium,2025-04-02T19:13:15.000000,Wednesday,,,5,0.0,0.0,0.0,0
CHG-0000277,Network settings adjusted,Network,Iron Man,Iron Man,Avengers,Service C,High,Medium,Medium,Closed,Medium,2025-04-02T00:11:49.000000,Wednesday,2025-04-02T06:11:49.000000,2025-04-02T15:11:49.000000,1,6.0,9.0,15.0,0
CHG-0000278,Routine maintenance performed,Failure,Doctor Strange,Doctor Strange,Avengers II,Service B,Medium,High,Medium,Closed,Medium,2025-04-03T10:40:51.000000,Thursday,2025-04-03T17:40:51.000000,2025-04-05T04:40:51.000000,0,7.0,35.0,42.0,1
CHG-0000279,User authentication method updated,Access,Captain America,Captain America,Avengers,Service B,High,High,High,Closed,Low,2025-04-03T11:43:11.000000,Thursday,2025-04-03T18:43:11.000000,2025-04-04T04:43:11.000000,2,7.0,10.0,17.0,0
CHG-0000280,Data import completed,Complaint,Captain Marvel,Captain Marvel,Avengers II,Service E,Low,High,Medium,Closed,Medium,2025-04-04T16:48:10.000000,Friday,2025-04-04T23:48:10.000000,2025-04-06T10:48:10.000000,1,7.0,35.0,42.0,1
CHG-0000281,Application deployed,Complaint,Spiderman,Spiderman,Avengers II,Service E,High,Medium,High,Closed,Medium,2025-04-04T03:48:32.000000,Friday,2025-04-04T05:48:32.000000,2025-04-04T15:48:32.000000,3,2.0,10.0,12.0,0
CHG-0000282,Security settings updated,Software,Shang Chi,Shang Chi,Avengers II,Service D,Low,Medium,Low,Closed,Low,2025-04-05T05:42:59.000000,Saturday,2025-04-05T07:42:59.000000,2025-04-06T15:42:59.000000,5,2.0,32.0,34.0,0
CHG-0000283,Backup schedule updated,Hardware,Shang Chi,Shang Chi,Avengers II,Service A,Low,High,Low,Closed,Critical,2025-04-05T03:48:39.000000,Saturday,2025-04-05T10:48:39.000000,2025-04-05T22:48:39.000000,2,7.0,12.0,19.0,1
CHG-0000284,System role assigned,Network,Neo,Neo,Matrix,Service E,High,Low,Medium,Closed,High,2025-04-05T01:25:09.000000,Saturday,2025-04-05T04:25:09.000000,2025-04-06T10:25:09.000000,5,3.0,30.0,33.0,1
CHG-0000285,Alert threshold changed,Facilities,Doctor Strange,Doctor Strange,Avengers II,Service B,Medium,Low,High,Closed,Medium,2025-04-05T16:14:02.000000,Saturday,2025-04-05T20:14:02.000000,2025-04-06T10:14:02.000000,3,4.0,14.0,18.0,0
CHG-0000286,Device added to network,Software,Doctor Strange,Doctor Strange,Avengers II,Service E,Low,Low,Low,Closed,Medium,2025-04-06T22:35:56.000000,Sunday,2025-04-07T06:35:56.000000,2025-04-08T11:35:56.000000,4,8.0,29.0,37.0,1
CHG-0000287,System notification configured,Facilities,Captain Marvel,Captain Marvel,Avengers II,Service C,Low,Low,High,Closed,Low,2025-04-06T18:46:23.000000,Sunday,2025-04-06T22:46:23.000000,2025-04-07T00:46:23.000000,4,4.0,2.0,6.0,0
CHG-0000288,System resource increased,Access,Captain Marvel,Captain Marvel,Avengers II,Service A,Medium,Medium,Low,Closed,Medium,2025-04-06T07:41:57.000000,Sunday,2025-04-06T13:41:57.000000,2025-04-07T04:41:57.000000,4,6.0,15.0,21.0,0
CHG-0000289,User authentication method updated,Facilities,Loki,Loki,Avengers,Service C,High,High,Medium,Closed,Medium,2025-04-07T05:50:22.000000,Monday,2025-04-07T10:50:22.000000,2025-04-08T16:50:22.000000,1,5.0,30.0,35.0,1
CHG-0000290,Device monitoring enabled,Hardware,Shang Chi,Shang Chi,Avengers II,Service B,Low,Medium,Low,Closed,Medium,2025-04-07T02:11:32.000000,Monday,2025-04-07T09:11:32.000000,2025-04-08T16:11:32.000000,1,7.0,31.0,38.0,1
CHG-0000291,Device added to network,Network,Doctor Strange,Doctor Strange,Avengers II,Service A,High,Low,Low,Closed,High,2025-04-07T16:04:56.000000,Monday,2025-04-07T18:04:56.000000,2025-04-08T04:04:56.000000,3,2.0,10.0,12.0,0
CHG-0000292,User profile updated,Complaint,Loki,Loki,Avengers,Service E,Low,High,Low,Closed,Medium,2025-04-07T15:26:04.000000,Monday,2025-04-07T19:26:04.000000,2025-04-08T02:26:04.000000,1,4.0,7.0,11.0,0
CHG-0000293,Application configuration changed,Software,Batman,Batman,Matrix,Service A,Low,High,Low,In Progress,High,2025-04-07T06:17:21.000000,Monday,2025-04-07T08:17:21.000000,,4,2.0,0.0,0.0,0
CHG-0000294,System notification configured,Software,Captain America,Captain America,Avengers,Service E,Low,Medium,Medium,Closed,High,2025-04-08T11:43:41.000000,Tuesday,2025-04-08T17:43:41.000000,2025-04-09T02:43:41.000000,3,6.0,9.0,15.0,0
CHG-0000295,Service status checked,Software,Loki,Loki,Avengers,Service D,Medium,High,Medium,Closed,High,2025-04-08T09:33:14.000000,Tuesday,2025-04-08T11:33:14.000000,2025-04-09T22:33:14.000000,1,2.0,35.0,37.0,1
CHG-0000296,Data retention policy updated,Complaint,Thor,Thor,Avengers,Service C,Medium,Medium,Low,Closed,Medium,2025-04-09T16:08:15.000000,Wednesday,2025-04-09T20:08:15.000000,2025-04-10T00:08:15.000000,2,4.0,4.0,8.0,0
CHG-0000297,Backup schedule updated,Complaint,Captain America,Captain America,Avengers,Service B,Medium,Low,Low,On Hold,Medium,2025-04-09T16:57:50.000000,Wednesday,,,4,0.0,0.0,0.0,0
CHG-0000298,User account updated,Hardware,Neo,Neo,Matrix,Service C,High,High,Low,Closed,Medium,2025-04-09T11:15:48.000000,Wednesday,2025-04-09T15:15:48.000000,2025-04-10T15:15:48.000000,5,4.0,24.0,28.0,0
CHG-0000299,Application deployed,Data,Jack Sparrow,Jack Sparrow,Matrix,Service A,High,High,High,Closed,Medium,2025-04-10T21:58:30.000000,Thursday,2025-04-11T00:58:30.000000,2025-04-11T10:58:30.000000,1,3.0,10.0,13.0,0
CHG-0000300,Device firmware updated,Software,Batman,Batman,Matrix,Service B,Medium,Medium,High,Closed,Medium,2025-04-10T22:31:03.000000,Thursday,2025-04-11T04:31:03.000000,2025-04-12T16:31:03.000000,2,6.0,36.0,42.0,1
CHG-0000301,System update applied,Failure,Hulk,Hulk,Avengers,Service B,Medium,Medium,Medium,Closed,High,2025-04-10T21:36:07.000000,Thursday,2025-04-11T01:36:07.000000,2025-04-11T14:36:07.000000,0,4.0,13.0,17.0,0
CHG-0000302,Data import completed,Complaint,Neo,Neo,Matrix,Service B,Medium,Low,Medium,Closed,Low,2025-04-10T10:34:31.000000,Thursday,2025-04-10T12:34:31.000000,2025-04-11T05:34:31.000000,5,2.0,17.0,19.0,0
CHG-0000303,Alert threshold changed,Failure,Loki,Loki,Avengers,Service B,Medium,High,Medium,Closed,Medium,2025-04-11T11:07:02.000000,Friday,2025-04-11T17:07:02.000000,2025-04-13T04:07:02.000000,1,6.0,35.0,41.0,1
CHG-0000304,Resource permissions changed,Software,Loki,Loki,Avengers,Service D,High,Medium,High,Closed,High,2025-04-12T17:34:22.000000,Saturday,2025-04-12T22:34:22.000000,2025-04-14T04:34:22.000000,4,5.0,30.0,35.0,1
CHG-0000305,User authentication method updated,Failure,Iron Man,Iron Man,Avengers,Service E,High,Medium,High,Closed,High,2025-04-12T18:02:37.000000,Saturday,2025-04-13T02:02:37.000000,2025-04-13T07:02:37.000000,4,8.0,5.0,13.0,0
CHG-0000306,Software version upgraded,Complaint,Spiderman,Spiderman,Avengers II,Service E,High,High,High,Closed,Medium,2025-04-12T06:05:33.000000,Saturday,2025-04-12T09:05:33.000000,2025-04-13T03:05:33.000000,0,3.0,18.0,21.0,0
CHG-0000307,User session reset,Access,Iron Man,Iron Man,Avengers,Service A,Medium,Low,Medium,Closed,Critical,2025-04-13T13:23:54.000000,Sunday,2025-04-13T20:23:54.000000,2025-04-15T02:23:54.000000,1,7.0,30.0,37.0,1
CHG-0000308,Database maintenance completed,Complaint,Thor,Thor,Avengers,Service E,High,Low,Low,Closed,Low,2025-04-13T23:57:28.000000,Sunday,2025-04-14T02:57:28.000000,2025-04-15T08:57:28.000000,2,3.0,30.0,33.0,0
CHG-0000309,System cache cleared,Data,Jack Sparrow,Jack Sparrow,Matrix,Service C,High,Low,Low,Closed,Medium,2025-04-14T04:09:51.000000,Monday,2025-04-14T09:09:51.000000,2025-04-14T11:09:51.000000,1,5.0,2.0,7.0,0
CHG-0000310,Resource allocation changed,Facilities,Jack Sparrow,Jack Sparrow,Matrix,Service A,Low,Low,Low,Closed,High,2025-04-14T13:37:45.000000,Monday,2025-04-14T21:37:45.000000,2025-04-15T16:37:45.000000,0,8.0,19.0,27.0,1
CHG-0000311,Application deployed,Failure,John Cena,John Cena,Matrix,Service A,High,Medium,Medium,Closed,High,2025-04-14T01:40:44.000000,Monday,2025-04-14T07:40:44.000000,2025-04-14T13:40:44.000000,0,6.0,6.0,12.0,0
CHG-0000312,System update applied,Hardware,Doctor Strange,Doctor Strange,Avengers II,Service C,Low,Low,Medium,Closed,Medium,2025-04-14T23:30:41.000000,Monday,2025-04-15T04:30:41.000000,2025-04-16T02:30:41.000000,0,5.0,22.0,27.0,0
CHG-0000313,System log settings updated,Access,Hulk,Hulk,Avengers,Service B,High,Medium,Low,Closed,Low,2025-04-14T00:05:58.000000,Monday,2025-04-14T03:05:58.000000,2025-04-15T06:05:58.000000,4,3.0,27.0,30.0,0
CHG-0000314,Service endpoint modified,Hardware,Batman,Batman,Matrix,Service C,Medium,Medium,Low,Closed,Medium,2025-04-15T09:48:44.000000,Tuesday,2025-04-15T14:48:44.000000,2025-04-15T18:48:44.000000,4,5.0,4.0,9.0,0
CHG-0000315,Device firmware updated,Complaint,Shang Chi,Shang Chi,Avengers II,Service B,High,Medium,High,Closed,Medium,2025-04-15T01:04:27.000000,Tuesday,2025-04-15T07:04:27.000000,2025-04-15T17:04:27.000000,1,6.0,10.0,16.0,0
CHG-0000316,Application license assigned,Data,Captain America,Captain America,Avengers,Service D,Medium,Low,Medium,Closed,Medium,2025-04-16T15:09:22.000000,Wednesday,2025-04-16T19:09:22.000000,2025-04-18T03:09:22.000000,3,4.0,32.0,36.0,1
CHG-0000317,System notification configured,Failure,Jack Sparrow,Jack Sparrow,Matrix,Service C,Low,Low,High,Closed,Low,2025-04-16T08:39:15.000000,Wednesday,2025-04-16T16:39:15.000000,2025-04-18T00:39:15.000000,0,8.0,32.0,40.0,0
CHG-0000318,System cache cleared,Hardware,Spiderman,Spiderman,Avengers II,Service D,High,Medium,Medium,Closed,High,2025-04-16T00:27:08.000000,Wednesday,2025-04-16T07:27:08.000000,2025-04-17T18:27:08.000000,0,7.0,35.0,42.0,1
CHG-0000319,Security settings updated,Access,Hulk,Hulk,Avengers,Service C,Medium,High,Medium,Closed,Medium,2025-04-16T06:12:24.000000,Wednesday,2025-04-16T13:12:24.000000,2025-04-17T19:12:24.000000,0,7.0,30.0,37.0,1
CHG-0000320,Data export scheduled,Complaint,Shang Chi,Shang Chi,Avengers II,Service A,Medium,Medium,Low,Closed,Medium,2025-04-16T14:16:56.000000,Wednesday,2025-04-16T18:16:56.000000,2025-04-17T08:16:56.000000,3,4.0,14.0,18.0,0
CHG-0000321,Device monitoring enabled,Hardware,Hulk,Hulk,Avengers,Service E,Low,Low,Medium,Closed,Medium,2025-04-17T17:29:02.000000,Thursday,2025-04-17T20:29:02.000000,2025-04-17T22:29:02.000000,1,3.0,2.0,5.0,0
CHG-0000322,Device removed from inventory,Complaint,Thor,Thor,Avengers,Service D,High,Medium,High,Closed,High,2025-04-18T04:01:08.000000,Friday,2025-04-18T09:01:08.000000,2025-04-18T20:01:08.000000,4,5.0,11.0,16.0,0
CHG-0000323,Monitoring rules adjusted,Complaint,Iron Man,Iron Man,Avengers,Service C,High,Low,Low,Closed,High,2025-04-18T02:53:24.000000,Friday,2025-04-18T09:53:24.000000,2025-04-19T20:53:24.000000,5,7.0,35.0,42.0,1
CHG-0000324,Resource permissions changed,Software,John Wick,John Wick,Matrix,Service B,Medium,High,Low,Closed,High,2025-04-18T02:40:52.000000,Friday,2025-04-18T09:40:52.000000,2025-04-19T01:40:52.000000,5,7.0,16.0,23.0,0
CHG-0000325,Network settings adjusted,Hardware,Shang Chi,Shang Chi,Avengers II,Service A,Low,Low,Low,Closed,High,2025-04-18T15:56:13.000000,Friday,2025-04-18T22:56:13.000000,2025-04-19T21:56:13.000000,2,7.0,23.0,30.0,1
CHG-0000326,Alert threshold changed,Network,Captain Marvel,Captain Marvel,Avengers II,Service B,High,High,High,Closed,Low,2025-04-18T04:20:02.000000,Friday,2025-04-18T07:20:02.000000,2025-04-18T22:20:02.000000,4,3.0,15.0,18.0,0
CHG-0000327,Access policy reviewed,Hardware,Loki,Loki,Avengers,Service A,Medium,High,High,Closed,Medium,2025-04-19T11:04:54.000000,Saturday,2025-04-19T13:04:54.000000,2025-04-20T05:04:54.000000,5,2.0,16.0,18.0,0
CHG-0000328,Device added to network,Complaint,Hulk,Hulk,Avengers,Service D,Low,High,Medium,Closed,High,2025-04-20T17:32:34.000000,Sunday,2025-04-20T22:32:34.000000,2025-04-21T18:32:34.000000,3,5.0,20.0,25.0,1
CHG-0000329,User password reset,Software,Iron Man,Iron Man,Avengers,Service D,Medium,Medium,Medium,Closed,Low,2025-04-20T00:17:28.000000,Sunday,2025-04-20T04:17:28.000000,2025-04-20T19:17:28.000000,5,4.0,15.0,19.0,0
CHG-0000330,Service dependency changed,Software,Jack Sparrow,Jack Sparrow,Matrix,Service E,Low,Medium,Low,Closed,Medium,2025-04-20T17:32:46.000000,Sunday,2025-04-21T01:32:46.000000,2025-04-22T12:32:46.000000,5,8.0,35.0,43.0,1
CHG-0000331,Application shortcut created,Facilities,Doctor Strange,Doctor Strange,Avengers II,Service C,Low,Low,Medium,Closed,Medium,2025-04-21T09:01:05.000000,Monday,2025-04-21T16:01:05.000000,2025-04-22T06:01:05.000000,5,7.0,14.0,21.0,0
CHG-0000332,Backup schedule updated,Software,Captain America,Captain America,Avengers,Service A,High,Low,High,Closed,Medium,2025-04-21T22:40:09.000000,Monday,2025-04-22T05:40:09.000000,2025-04-23T10:40:09.000000,1,7.0,29.0,36.0,1
CHG-0000333,Access policy reviewed,Facilities,Iron Man,Iron Man,Avengers,Service D,High,Medium,Medium,Closed,Medium,2025-04-21T02:12:23.000000,Monday,2025-04-21T06:12:23.000000,2025-04-21T21:12:23.000000,5,4.0,15.0,19.0,0
CHG-0000334,Routine maintenance performed,Network,Iron Man,Iron Man,Avengers,Service E,Low,Low,Medium,On Hold,High,2025-04-22T02:16:24.000000,Tuesday,,,2,0.0,0.0,0.0,0
CHG-0000335,Application access granted,Complaint,Captain Marvel,Captain Marvel,Avengers II,Service D,Medium,High,Low,On Hold,Medium,2025-04-22T04:24:13.000000,Tuesday,,,5,0.0,0.0,0.0,0
CHG-0000336,Data export scheduled,Complaint,Captain America,Captain America,Avengers,Service E,Medium,High,Medium,In Progress,High,2025-04-22T11:24:09.000000,Tuesday,2025-04-22T17:24:09.000000,,4,6.0,0.0,0.0,0
CHG-0000337,User account updated,Facilities,Captain Marvel,Captain Marvel,Avengers II,Service D,High,Low,High,Closed,High,2025-04-23T10:04:09.000000,Wednesday,2025-04-23T16:04:09.000000,2025-04-23T23:04:09.000000,4,6.0,7.0,13.0,0
CHG-0000338,User password reset,Access,Captain America,Captain America,Avengers,Service B,High,High,Low,Closed,Medium,2025-04-23T22:20:13.000000,Wednesday,2025-04-24T04:20:13.000000,2025-04-25T12:20:13.000000,3,6.0,32.0,38.0,1
CHG-0000339,Scheduled task created,Hardware,Iron Man,Iron Man,Avengers,Service B,Low,High,Low,Closed,Medium,2025-04-23T21:46:55.000000,Wednesday,2025-04-24T00:46:55.000000,2025-04-25T10:46:55.000000,1,3.0,34.0,37.0,1
CHG-0000340,User authentication method updated,Data,Spiderman,Spiderman,Avengers II,Service E,High,Low,Medium,Closed,High,2025-04-23T21:42:55.000000,Wednesday,2025-04-24T00:42:55.000000,2025-04-24T15:42:55.000000,5,3.0,15.0,18.0,0
CHG-0000341,System update applied,Network,Shang Chi,Shang Chi,Avengers II,Service E,Low,Low,High,Closed,Critical,2025-04-24T08:14:03.000000,Thursday,2025-04-24T10:14:03.000000,2025-04-25T10:14:03.000000,5,2.0,24.0,26.0,1
CHG-0000342,Application configuration changed,Facilities,Doctor Strange,Doctor Strange,Avengers II,Service A,Low,Low,Medium,Closed,Medium,2025-04-24T14:15:16.000000,Thursday,2025-04-24T22:15:16.000000,2025-04-25T20:15:16.000000,1,8.0,22.0,30.0,0
CHG-0000343,Password policy updated,Complaint,Doctor Strange,Doctor Strange,Avengers II,Service D,Low,Low,Medium,Closed,High,2025-04-25T12:09:19.000000,Friday,2025-04-25T20:09:19.000000,2025-04-27T03:09:19.000000,1,8.0,31.0,39.0,1
CHG-0000344,Password policy updated,Network,Neo,Neo,Matrix,Service E,Low,High,High,On Hold,High,2025-04-25T00:08:50.000000,Friday,,,3,0.0,0.0,0.0,0
CHG-0000345,Application log reviewed,Software,Iron Man,Iron Man,Avengers,Service B,Low,Medium,Medium,Closed,Medium,2025-04-25T03:57:00.000000,Friday,2025-04-25T09:57:00.000000,2025-04-25T14:57:00.000000,1,6.0,5.0,11.0,0
CHG-0000346,Resource allocation changed,Software,Thor,Thor,Avengers,Service C,Medium,Low,High,Closed,Critical,2025-04-26T08:54:30.000000,Saturday,2025-04-26T13:54:30.000000,2025-04-26T15:54:30.000000,5,5.0,2.0,7.0,0
CHG-0000347,Device added to network,Hardware,Captain America,Captain America,Avengers,Service A,Medium,Medium,High,Closed,Low,2025-04-27T18:14:16.000000,Sunday,2025-04-28T00:14:16.000000,2025-04-29T05:14:16.000000,0,6.0,29.0,35.0,0
CHG-0000348,User profile updated,Hardware,Thor,Thor,Avengers,Service C,Low,Medium,High,In Progress,Medium,2025-04-27T13:26:44.000000,Sunday,2025-04-27T17:26:44.000000,,1,4.0,0.0,0.0,0
CHG-0000349,User session reset,Network,Thor,Thor,Avengers,Service D,High,Low,Low,In Progress,Low,2025-04-27T07:15:08.000000,Sunday,2025-04-27T11:15:08.000000,,4,4.0,0.0,0.0,0
CHG-0000350,Data import completed,Access,Batman,Batman,Matrix,Service A,Medium,High,Low,In Progress,Medium,2025-04-28T15:50:12.000000,Monday,2025-04-28T22:50:12.000000,,4,7.0,0.0,0.0,0
CHG-0000351,Application log reviewed,Complaint,Captain Marvel,Captain Marvel,Avengers II,Service D,Medium,Medium,Low,Closed,Medium,2025-04-28T23:35:51.000000,Monday,2025-04-29T02:35:51.000000,2025-04-29T19:35:51.000000,2,3.0,17.0,20.0,0
CHG-0000352,Configuration setting changed,Hardware,Doctor Strange,Doctor Strange,Avengers II,Service D,Medium,Medium,Low,Closed,Critical,2025-04-29T20:48:01.000000,Tuesday,2025-04-30T03:48:01.000000,2025-05-01T09:48:01.000000,2,7.0,30.0,37.0,1
CHG-0000353,System resource increased,Hardware,Thor,Thor,Avengers,Service B,Low,Low,High,Closed,High,2025-04-29T09:49:42.000000,Tuesday,2025-04-29T12:49:42.000000,2025-04-30T01:49:42.000000,0,3.0,13.0,16.0,0
CHG-0000354,Backup schedule updated,Network,Shang Chi,Shang Chi,Avengers II,Service E,Low,Medium,Medium,Closed,High,2025-04-29T11:31:01.000000,Tuesday,2025-04-29T17:31:01.000000,2025-04-29T19:31:01.000000,0,6.0,2.0,8.0,0
CHG-0000355,Scheduled job modified,Network,Captain America,Captain America,Avengers,Service E,Low,High,High,Closed,Medium,2025-04-29T16:19:20.000000,Tuesday,2025-04-29T21:19:20.000000,2025-04-30T17:19:20.000000,2,5.0,20.0,25.0,0
CHG-0000356,System cache cleared,Failure,Iron Man,Iron Man,Avengers,Service D,High,Low,Medium,In Progress,High,2025-04-29T19:12:42.000000,Tuesday,2025-04-29T22:12:42.000000,,3,3.0,0.0,0.0,0
CHG-0000357,Device access restricted,Failure,Shang Chi,Shang Chi,Avengers II,Service B,High,Low,Low,Closed,Medium,2025-04-30T12:39:44.000000,Wednesday,2025-04-30T15:39:44.000000,2025-05-01T23:39:44.000000,3,3.0,32.0,35.0,1
CHG-0000358,System cache cleared,Complaint,Batman,Batman,Matrix,Service D,Medium,Medium,Low,New,High,2025-05-01T06:05:11.000000,Thursday,,,2,0.0,0.0,0.0,0
CHG-0000359,Data import completed,Access,Captain Marvel,Captain Marvel,Avengers II,Service B,High,Medium,Medium,Closed,Medium,2025-05-01T11:41:44.000000,Thursday,2025-05-01T19:41:44.000000,2025-05-02T12:41:44.000000,3,8.0,17.0,25.0,0
CHG-0000360,User group membership changed,Failure,Spiderman,Spiderman,Avengers II,Service C,High,Low,High,Closed,Medium,2025-05-02T15:41:30.000000,Friday,2025-05-02T19:41:30.000000,2025-05-04T02:41:30.000000,4,4.0,31.0,35.0,1
CHG-0000361,System log settings updated,Complaint,Shang Chi,Shang Chi,Avengers II,Service D,Low,Low,High,Closed,High,2025-05-02T10:41:56.000000,Friday,2025-05-02T17:41:56.000000,2025-05-03T12:41:56.000000,5,7.0,19.0,26.0,1
CHG-0000362,Database maintenance completed,Data,Doctor Strange,Doctor Strange,Avengers II,Service A,High,Medium,Medium,Closed,High,2025-05-03T19:34:45.000000,Saturday,2025-05-04T02:34:45.000000,2025-05-05T12:34:45.000000,3,7.0,34.0,41.0,1
CHG-0000363,Application configuration changed,Facilities,Iron Man,Iron Man,Avengers,Service D,High,High,High,Closed,High,2025-05-03T04:54:23.000000,Saturday,2025-05-03T11:54:23.000000,2025-05-04T22:54:23.000000,4,7.0,35.0,42.0,1
CHG-0000364,User authentication method updated,Data,Iron Man,Iron Man,Avengers,Service C,Medium,Low,Medium,Closed,Medium,2025-05-04T18:46:49.000000,Sunday,2025-05-05T01:46:49.000000,2025-05-06T11:46:49.000000,2,7.0,34.0,41.0,1
CHG-0000365,Application shortcut created,Hardware,Doctor Strange,Doctor Strange,Avengers II,Service C,Low,Low,High,Closed,High,2025-05-04T02:07:19.000000,Sunday,2025-05-04T04:07:19.000000,2025-05-04T20:07:19.000000,0,2.0,16.0,18.0,0
CHG-0000366,System notification configured,Network,Iron Man,Iron Man,Avengers,Service C,Low,Medium,Medium,Closed,Medium,2025-05-04T20:57:42.000000,Sunday,2025-05-05T02:57:42.000000,2025-05-06T09:57:42.000000,4,6.0,31.0,37.0,1
CHG-0000367,System backup restored,Network,Hulk,Hulk,Avengers,Service A,Low,High,Low,Closed,High,2025-05-04T00:33:43.000000,Sunday,2025-05-04T06:33:43.000000,2025-05-04T08:33:43.000000,2,6.0,2.0,8.0,0
CHG-0000368,Configuration setting changed,Software,Thor,Thor,Avengers,Service B,Medium,Medium,Medium,In Progress,Medium,2025-05-05T10:04:00.000000,Monday,2025-05-05T13:04:00.000000,,0,3.0,0.0,0.0,0
CHG-0000369,Data retention policy updated,Data,Doctor Strange,Doctor Strange,Avengers II,Service D,Medium,Low,Medium,Closed,Low,2025-05-06T22:42:40.000000,Tuesday,2025-05-07T03:42:40.000000,2025-05-08T00:42:40.000000,2,5.0,21.0,26.0,0
CHG-0000370,Backup schedule updated,Failure,Jack Sparrow,Jack Sparrow,Matrix,Service C,High,Low,High,Closed,Critical,2025-05-06T01:41:11.000000,Tuesday,2025-05-06T08:41:11.000000,2025-05-07T11:41:11.000000,0,7.0,27.0,34.0,1
CHG-0000371,User group membership changed,Complaint,Loki,Loki,Avengers,Service E,Medium,High,Medium,Closed,High,2025-05-06T03:32:06.000000,Tuesday,2025-05-06T10:32:06.000000,2025-05-07T15:32:06.000000,1,7.0,29.0,36.0,1
CHG-0000372,Configuration setting changed,Facilities,John Wick,John Wick,Matrix,Service B,High,Low,Medium,Closed,Critical,2025-05-06T18:15:12.000000,Tuesday,2025-05-07T01:15:12.000000,2025-05-07T16:15:12.000000,4,7.0,15.0,22.0,1
CHG-0000373,Alert threshold changed,Software,Hulk,Hulk,Avengers,Service B,Medium,Medium,Low,Closed,Critical,2025-05-07T11:45:43.000000,Wednesday,2025-05-07T17:45:43.000000,2025-05-08T20:45:43.000000,4,6.0,27.0,33.0,1
CHG-0000374,Configuration setting changed,Software,Iron Man,Iron Man,Avengers,Service B,Low,High,Medium,Closed,Medium,2025-05-07T14:44:33.000000,Wednesday,2025-05-07T16:44:33.000000,2025-05-09T03:44:33.000000,3,2.0,35.0,37.0,1
CHG-0000375,Application shortcut created,Data,Thor,Thor,Avengers,Service A,High,High,Medium,Closed,Medium,2025-05-08T22:45:28.000000,Thursday,2025-05-09T03:45:28.000000,2025-05-09T14:45:28.000000,3,5.0,11.0,16.0,0
CHG-0000376,System update applied,Facilities,Jack Sparrow,Jack Sparrow,Matrix,Service B,Medium,Medium,Low,Closed,Medium,2025-05-08T05:29:27.000000,Thursday,2025-05-08T07:29:27.000000,2025-05-09T07:29:27.000000,4,2.0,24.0,26.0,0
CHG-0000377,Service port changed,Failure,Captain America,Captain America,Avengers,Service D,High,High,Medium,Closed,Medium,2025-05-08T23:08:01.000000,Thursday,2025-05-09T02:08:01.000000,2025-05-10T04:08:01.000000,0,3.0,26.0,29.0,1
CHG-0000378,Application license assigned,Failure,Iron Man,Iron Man,Avengers,Service A,Medium,Medium,High,Closed,Medium,2025-05-08T23:32:47.000000,Thursday,2025-05-09T06:32:47.000000,2025-05-09T16:32:47.000000,0,7.0,10.0,17.0,0
CHG-0000379,System update applied,Hardware,Captain Marvel,Captain Marvel,Avengers II,Service D,Medium,Medium,High,Closed,Low,2025-05-09T16:50:02.000000,Friday,2025-05-09T20:50:02.000000,2025-05-10T15:50:02.000000,0,4.0,19.0,23.0,0
CHG-0000380,Application configuration changed,Access,Captain America,Captain America,Avengers,Service C,Low,Low,High,Closed,High,2025-05-10T16:20:28.000000,Saturday,2025-05-10T22:20:28.000000,2025-05-12T10:20:28.000000,5,6.0,36.0,42.0,1
CHG-0000381,Device added to network,Access,Spiderman,Spiderman,Avengers II,Service C,Medium,Low,Low,Closed,Medium,2025-05-10T06:48:48.000000,Saturday,2025-05-10T10:48:48.000000,2025-05-11T12:48:48.000000,1,4.0,26.0,30.0,1
CHG-0000382,Scheduled task created,Data,Iron Man,Iron Man,Avengers,Service A,High,High,High,Closed,Medium,2025-05-11T23:50:30.000000,Sunday,2025-05-12T01:50:30.000000,2025-05-13T13:50:30.000000,3,2.0,36.0,38.0,1
CHG-0000383,User group membership changed,Hardware,Spiderman,Spiderman,Avengers II,Service E,Medium,Low,Low,Closed,Critical,2025-05-11T22:29:08.000000,Sunday,2025-05-12T02:29:08.000000,2025-05-12T09:29:08.000000,4,4.0,7.0,11.0,1
CHG-0000384,User permissions modified,Facilities,Doctor Strange,Doctor Strange,Avengers II,Service B,Medium,High,Medium,Closed,Medium,2025-05-11T13:43:02.000000,Sunday,2025-05-11T15:43:02.000000,2025-05-13T01:43:02.000000,0,2.0,34.0,36.0,1
CHG-0000385,Data retention policy updated,Network,Captain America,Captain America,Avengers,Service A,High,High,Low,Closed,High,2025-05-11T20:11:47.000000,Sunday,2025-05-11T22:11:47.000000,2025-05-12T01:11:47.000000,0,2.0,3.0,5.0,0
CHG-0000386,Device added to network,Hardware,Captain Marvel,Captain Marvel,Avengers II,Service B,Medium,Medium,Medium,On Hold,Medium,2025-05-11T11:52:54.000000,Sunday,,,4,0.0,0.0,0.0,0
CHG-0000387,Application shortcut created,Failure,Thor,Thor,Avengers,Service B,Medium,Low,High,Closed,Medium,2025-05-12T04:39:32.000000,Monday,2025-05-12T09:39:32.000000,2025-05-12T21:39:32.000000,1,5.0,12.0,17.0,0
CHG-0000388,Device configuration updated,Software,Loki,Loki,Avengers,Service C,High,Low,Medium,Closed,Low,2025-05-13T22:45:05.000000,Tuesday,2025-05-14T05:45:05.000000,2025-05-14T15:45:05.000000,2,7.0,10.0,17.0,0
CHG-0000389,Backup schedule updated,Software,Iron Man,Iron Man,Avengers,Service D,Low,Low,Medium,On Hold,Low,2025-05-14T01:32:47.000000,Wednesday,,,0,0.0,0.0,0.0,0
CHG-0000390,Data import completed,Complaint,Hulk,Hulk,Avengers,Service C,Medium,Medium,High,Closed,High,2025-05-14T08:43:43.000000,Wednesday,2025-05-14T10:43:43.000000,2025-05-15T13:43:43.000000,1,2.0,27.0,29.0,1
CHG-0000391,System cache cleared,Complaint,Loki,Loki,Avengers,Service E,Medium,High,Low,Closed,Low,2025-05-14T20:59:58.000000,Wednesday,2025-05-15T04:59:58.000000,2025-05-16T07:59:58.000000,1,8.0,27.0,35.0,0
CHG-0000392,System cache cleared,Hardware,John Wick,John Wick,Matrix,Service E,Medium,High,Low,Closed,High,2025-05-14T02:37:48.000000,Wednesday,2025-05-14T09:37:48.000000,2025-05-15T19:37:48.000000,5,7.0,34.0,41.0,1
CHG-0000393,Device firmware updated,Failure,Batman,Batman,Matrix,Service B,High,High,Medium,Closed,High,2025-05-15T04:24:27.000000,Thursday,2025-05-15T06:24:27.000000,2025-05-16T01:24:27.000000,0,2.0,19.0,21.0,1
CHG-0000394,Device access restricted,Software,John Cena,John Cena,Matrix,Service C,Low,Medium,Medium,Closed,High,2025-05-15T22:53:00.000000,Thursday,2025-05-16T02:53:00.000000,2025-05-16T19:53:00.000000,5,4.0,17.0,21.0,1
CHG-0000395,Service status checked,Hardware,Loki,Loki,Avengers,Service A,High,Medium,Low,Closed,Low,2025-05-15T01:01:44.000000,Thursday,2025-05-15T09:01:44.000000,2025-05-16T01:01:44.000000,2,8.0,16.0,24.0,0
CHG-0000396,User profile updated,Software,John Wick,John Wick,Matrix,Service B,Medium,Medium,High,New,Medium,2025-05-16T18:31:08.000000,Friday,,,0,0.0,0.0,0.0,0
CHG-0000397,System log settings updated,Complaint,Thor,Thor,Avengers,Service C,Medium,Medium,Medium,Closed,Low,2025-05-16T00:08:53.000000,Friday,2025-05-16T05:08:53.000000,2025-05-16T15:08:53.000000,5,5.0,10.0,15.0,0
CHG-0000398,Service restarted,Data,Neo,Neo,Matrix,Service E,Medium,Low,Medium,Closed,High,2025-05-17T11:43:10.000000,Saturday,2025-05-17T18:43:10.000000,2025-05-17T21:43:10.000000,3,7.0,3.0,10.0,0
CHG-0000399,Backup schedule updated,Data,Hulk,Hulk,Avengers,Service A,High,Low,Medium,Closed,High,2025-05-18T16:21:11.000000,Sunday,2025-05-18T19:21:11.000000,2025-05-19T03:21:11.000000,4,3.0,8.0,11.0,0
CHG-0000400,User profile updated,Hardware,Doctor Strange,Doctor Strange,Avengers II,Service A,Medium,Low,Low,Closed,Low,2025-05-18T16:51:49.000000,Sunday,2025-05-18T20:51:49.000000,2025-05-20T04:51:49.000000,0,4.0,32.0,36.0,0
CHG-0000401,Service restarted,Complaint,Thor,Thor,Avengers,Service E,Low,Medium,Low,Closed,High,2025-05-19T16:01:09.000000,Monday,2025-05-19T19:01:09.000000,2025-05-20T13:01:09.000000,1,3.0,18.0,21.0,1
CHG-0000402,System cache cleared,Access,Captain Marvel,Captain Marvel,Avengers II,Service B,Low,Low,Medium,Closed,High,2025-05-19T17:01:59.000000,Monday,2025-05-19T23:01:59.000000,2025-05-20T20:01:59.000000,1,6.0,21.0,27.0,1
CHG-0000403,Scheduled job modified,Failure,Captain Marvel,Captain Marvel,Avengers II,Service E,High,Low,Low,Closed,High,2025-05-19T08:12:03.000000,Monday,2025-05-19T11:12:03.000000,2025-05-20T05:12:03.000000,0,3.0,18.0,21.0,1
CHG-0000404,Data export scheduled,Facilities,John Wick,John Wick,Matrix,Service E,High,Low,Medium,Closed,Medium,2025-05-19T23:49:25.000000,Monday,2025-05-20T03:49:25.000000,2025-05-20T18:49:25.000000,4,4.0,15.0,19.0,0
CHG-0000405,Application license assigned,Facilities,Batman,Batman,Matrix,Service E,Medium,High,High,New,Low,2025-05-19T05:13:57.000000,Monday,,,3,0.0,0.0,0.0,0
CHG-0000406,Monitoring rules adjusted,Failure,Captain America,Captain America,Avengers,Service B,High,Low,High,In Progress,High,2025-05-20T12:51:58.000000,Tuesday,2025-05-20T14:51:58.000000,,2,2.0,0.0,0.0,0
CHG-0000407,Service status checked,Data,Jack Sparrow,Jack Sparrow,Matrix,Service B,Medium,High,Low,In Progress,Low,2025-05-21T04:27:08.000000,Wednesday,2025-05-21T11:27:08.000000,,5,7.0,0.0,0.0,0
CHG-0000408,Alert threshold changed,Facilities,Captain Marvel,Captain Marvel,Avengers II,Service A,High,Medium,Low,Closed,High,2025-05-22T15:07:03.000000,Thursday,2025-05-22T20:07:03.000000,2025-05-23T14:07:03.000000,3,5.0,18.0,23.0,1
CHG-0000409,Service dependency changed,Data,Captain America,Captain America,Avengers,Service B,High,High,Medium,Closed,Medium,2025-05-22T06:29:54.000000,Thursday,2025-05-22T11:29:54.000000,2025-05-23T11:29:54.000000,2,5.0,24.0,29.0,0
CHG-0000410,Application license assigned,Access,Iron Man,Iron Man,Avengers,Service B,Medium,Low,High,Closed,Low,2025-05-22T22:34:01.000000,Thursday,2025-05-23T04:34:01.000000,2025-05-23T16:34:01.000000,3,6.0,12.0,18.0,0
CHG-0000411,System backup restored,Data,Thor,Thor,Avengers,Service D,High,High,High,Closed,Critical,2025-05-23T08:18:46.000000,Friday,2025-05-23T15:18:46.000000,2025-05-24T02:18:46.000000,3,7.0,11.0,18.0,1
CHG-0000412,Network settings adjusted,Hardware,Hulk,Hulk,Avengers,Service C,Low,Medium,High,Closed,Medium,2025-05-23T04:43:37.000000,Friday,2025-05-23T08:43:37.000000,2025-05-23T15:43:37.000000,0,4.0,7.0,11.0,0
CHG-0000413,Application deployed,Data,John Cena,John Cena,Matrix,Service B,High,High,Low,Closed,Medium,2025-05-23T09:27:29.000000,Friday,2025-05-23T11:27:29.000000,2025-05-23T15:27:29.000000,1,2.0,4.0,6.0,0
CHG-0000414,Security settings updated,Software,Hulk,Hulk,Avengers,Service A,Medium,Medium,High,Closed,High,2025-05-24T01:55:41.000000,Saturday,2025-05-24T05:55:41.000000,2025-05-24T16:55:41.000000,5,4.0,11.0,15.0,0
CHG-0000415,Application shortcut created,Hardware,John Wick,John Wick,Matrix,Service E,High,Low,High,Closed,Critical,2025-05-24T11:51:30.000000,Saturday,2025-05-24T15:51:30.000000,2025-05-25T22:51:30.000000,5,4.0,31.0,35.0,1
CHG-0000416,Application log reviewed,Data,Hulk,Hulk,Avengers,Service D,High,Medium,Low,Closed,Medium,2025-05-24T18:49:34.000000,Saturday,2025-05-25T00:49:34.000000,2025-05-26T05:49:34.000000,3,6.0,29.0,35.0,1
CHG-0000417,User profile updated,Access,Spiderman,Spiderman,Avengers II,Service D,Low,Low,Low,Closed,Low,2025-05-25T01:28:08.000000,Sunday,2025-05-25T09:28:08.000000,2025-05-25T21:28:08.000000,1,8.0,12.0,20.0,0
CHG-0000418,Routine maintenance performed,Software,Shang Chi,Shang Chi,Avengers II,Service B,Medium,Medium,Medium,Closed,High,2025-05-25T02:39:47.000000,Sunday,2025-05-25T08:39:47.000000,2025-05-26T07:39:47.000000,2,6.0,23.0,29.0,1
CHG-0000419,User profile updated,Software,Spiderman,Spiderman,Avengers II,Service B,High,Medium,High,Closed,Medium,2025-05-25T07:20:33.000000,Sunday,2025-05-25T14:20:33.000000,2025-05-25T22:20:33.000000,0,7.0,8.0,15.0,0
CHG-0000420,User group membership changed,Software,John Cena,John Cena,Matrix,Service B,High,Medium,High,Closed,Medium,2025-05-25T03:16:52.000000,Sunday,2025-05-25T09:16:52.000000,2025-05-26T00:16:52.000000,0,6.0,15.0,21.0,0
CHG-0000421,Software version upgraded,Failure,Spiderman,Spiderman,Avengers II,Service D,Medium,Low,Medium,In Progress,Low,2025-05-26T05:28:00.000000,Monday,2025-05-26T11:28:00.000000,,4,6.0,0.0,0.0,0
CHG-0000422,Configuration setting changed,Access,Batman,Batman,Matrix,Service B,Medium,Medium,High,Closed,Medium,2025-05-26T15:31:51.000000,Monday,2025-05-26T19:31:51.000000,2025-05-27T10:31:51.000000,5,4.0,15.0,19.0,0
CHG-0000423,Network settings adjusted,Failure,Loki,Loki,Avengers,Service E,Low,Medium,Low,Closed,Critical,2025-05-26T20:52:54.000000,Monday,2025-05-27T02:52:54.000000,2025-05-27T17:52:54.000000,4,6.0,15.0,21.0,1
CHG-0000424,User account updated,Access,Thor,Thor,Avengers,Service E,Medium,Low,High,Closed,Critical,2025-05-26T00:48:45.000000,Monday,2025-05-26T03:48:45.000000,2025-05-27T12:48:45.000000,3,3.0,33.0,36.0,1
CHG-0000425,Device access restricted,Access,Doctor Strange,Doctor Strange,Avengers II,Service A,High,Low,Medium,Closed,Medium,2025-05-27T21:24:16.000000,Tuesday,2025-05-28T05:24:16.000000,2025-05-29T00:24:16.000000,4,8.0,19.0,27.0,0
CHG-0000426,Alert threshold changed,Facilities,Batman,Batman,Matrix,Service C,Medium,Medium,Medium,Closed,Medium,2025-05-27T05:22:17.000000,Tuesday,2025-05-27T12:22:17.000000,2025-05-27T16:22:17.000000,0,7.0,4.0,11.0,0
CHG-0000427,Application configuration changed,Access,Loki,Loki,Avengers,Service E,Low,Medium,Medium,Closed,Medium,2025-05-28T17:55:42.000000,Wednesday,2025-05-28T19:55:42.000000,2025-05-29T05:55:42.000000,2,2.0,10.0,12.0,0
CHG-0000428,System update applied,Hardware,Shang Chi,Shang Chi,Avengers II,Service B,Medium,Low,Medium,Closed,Medium,2025-05-28T10:07:32.000000,Wednesday,2025-05-28T12:07:32.000000,2025-05-29T04:07:32.000000,4,2.0,16.0,18.0,0
CHG-0000429,Device monitoring enabled,Network,Captain America,Captain America,Avengers,Service C,Low,Low,High,Closed,Low,2025-05-29T20:51:00.000000,Thursday,2025-05-30T02:51:00.000000,2025-05-30T07:51:00.000000,5,6.0,5.0,11.0,0
CHG-0000430,User authentication method updated,Failure,Loki,Loki,Avengers,Service C,Medium,Low,Low,In Progress,Medium,2025-05-29T14:49:57.000000,Thursday,2025-05-29T16:49:57.000000,,3,2.0,0.0,0.0,0
CHG-0000431,Scheduled task created,Data,John Cena,John Cena,Matrix,Service C,High,High,High,In Progress,Critical,2025-05-29T18:32:55.000000,Thursday,2025-05-30T02:32:55.000000,,5,8.0,0.0,0.0,0
CHG-0000432,Routine maintenance performed,Hardware,Jack Sparrow,Jack Sparrow,Matrix,Service E,Medium,Medium,Medium,Closed,Medium,2025-05-30T14:16:45.000000,Friday,2025-05-30T19:16:45.000000,2025-05-31T16:16:45.000000,3,5.0,21.0,26.0,0
CHG-0000433,Security settings updated,Access,Iron Man,Iron Man,Avengers,Service E,Low,Medium,Medium,Closed,Medium,2025-05-30T08:53:38.000000,Friday,2025-05-30T13:53:38.000000,2025-05-30T16:53:38.000000,4,5.0,3.0,8.0,0
CHG-0000434,System notification configured,Access,Loki,Loki,Avengers,Service D,Low,Low,Low,Closed,Medium,2025-05-30T03:29:50.000000,Friday,2025-05-30T08:29:50.000000,2025-05-31T09:29:50.000000,2,5.0,25.0,30.0,1
CHG-0000435,Routine maintenance performed,Network,Shang Chi,Shang Chi,Avengers II,Service D,Low,High,High,Closed,High,2025-05-30T05:46:58.000000,Friday,2025-05-30T12:46:58.000000,2025-05-31T20:46:58.000000,4,7.0,32.0,39.0,1
CHG-0000436,Application license assigned,Software,Captain America,Captain America,Avengers,Service E,High,Medium,High,Closed,High,2025-05-30T21:23:26.000000,Friday,2025-05-31T02:23:26.000000,2025-06-01T11:23:26.000000,1,5.0,33.0,38.0,1
CHG-0000437,Application log reviewed,Network,Captain Marvel,Captain Marvel,Avengers II,Service A,Medium,High,Medium,New,Critical,2025-05-31T12:24:21.000000,Saturday,,,5,0.0,0.0,0.0,0
CHG-0000438,Scheduled task created,Hardware,Captain Marvel,Captain Marvel,Avengers II,Service E,Medium,Medium,High,Closed,High,2025-06-01T04:17:23.000000,Sunday,2025-06-01T07:17:23.000000,2025-06-02T09:17:23.000000,3,3.0,26.0,29.0,1
CHG-0000439,Backup schedule updated,Network,Neo,Neo,Matrix,Service D,Medium,Medium,Low,Closed,High,2025-06-01T05:29:31.000000,Sunday,2025-06-01T13:29:31.000000,2025-06-02T17:29:31.000000,2,8.0,28.0,36.0,1
CHG-0000440,User password reset,Software,Batman,Batman,Matrix,Service D,Medium,Low,High,Closed,Low,2025-06-01T06:55:21.000000,Sunday,2025-06-01T10:55:21.000000,2025-06-02T13:55:21.000000,2,4.0,27.0,31.0,0
CHG-0000441,Device firmware updated,Network,Doctor Strange,Doctor Strange,Avengers II,Service A,Low,High,High,Closed,Medium,2025-06-01T09:25:51.000000,Sunday,2025-06-01T13:25:51.000000,2025-06-01T19:25:51.000000,3,4.0,6.0,10.0,0
CHG-0000442,User session reset,Facilities,John Wick,John Wick,Matrix,Service A,Low,Low,Low,Closed,Critical,2025-06-01T17:23:41.000000,Sunday,2025-06-01T22:23:41.000000,2025-06-03T10:23:41.000000,0,5.0,36.0,41.0,1
CHG-0000443,Password policy updated,Complaint,Jack Sparrow,Jack Sparrow,Matrix,Service A,High,Medium,Medium,Closed,High,2025-06-02T10:36:31.000000,Monday,2025-06-02T17:36:31.000000,2025-06-02T23:36:31.000000,1,7.0,6.0,13.0,0
CHG-0000444,Device added to network,Data,Loki,Loki,Avengers,Service B,Low,Medium,High,Closed,High,2025-06-02T11:47:10.000000,Monday,2025-06-02T18:47:10.000000,2025-06-03T18:47:10.000000,2,7.0,24.0,31.0,1
CHG-0000445,System backup restored,Hardware,Loki,Loki,Avengers,Service E,Low,Low,Medium,Closed,Medium,2025-06-03T05:20:44.000000,Tuesday,2025-06-03T12:20:44.000000,2025-06-03T16:20:44.000000,3,7.0,4.0,11.0,0
CHG-0000446,Software version upgraded,Facilities,John Wick,John Wick,Matrix,Service C,Medium,Low,High,Closed,Medium,2025-06-03T21:03:30.000000,Tuesday,2025-06-04T05:03:30.000000,2025-06-05T05:03:30.000000,2,8.0,24.0,32.0,0
CHG-0000447,Service endpoint modified,Network,Shang Chi,Shang Chi,Avengers II,Service C,Low,High,High,On Hold,Medium,2025-06-04T12:16:25.000000,Wednesday,,,5,0.0,0.0,0.0,0
CHG-0000448,System role assigned,Data,Neo,Neo,Matrix,Service B,Low,High,Medium,Closed,Medium,2025-06-04T22:18:48.000000,Wednesday,2025-06-05T03:18:48.000000,2025-06-05T22:18:48.000000,1,5.0,19.0,24.0,0
CHG-0000449,User profile updated,Facilities,Captain America,Captain America,Avengers,Service D,Medium,Low,Low,Closed,Low,2025-06-05T10:00:29.000000,Thursday,2025-06-05T15:00:29.000000,2025-06-06T01:00:29.000000,5,5.0,10.0,15.0,0
CHG-0000450,System role assigned,Software,Spiderman,Spiderman,Avengers II,Service D,Medium,Low,Low,Closed,High,2025-06-05T05:29:52.000000,Thursday,2025-06-05T12:29:52.000000,2025-06-05T18:29:52.000000,4,7.0,6.0,13.0,0
CHG-0000451,Alert threshold changed,Data,Loki,Loki,Avengers,Service E,High,High,Low,Closed,Medium,2025-06-05T12:59:25.000000,Thursday,2025-06-05T20:59:25.000000,2025-06-07T03:59:25.000000,3,8.0,31.0,39.0,1
CHG-0000452,System role assigned,Complaint,Shang Chi,Shang Chi,Avengers II,Service C,Low,Medium,High,Closed,Low,2025-06-05T11:50:31.000000,Thursday,2025-06-05T17:50:31.000000,2025-06-06T06:50:31.000000,5,6.0,13.0,19.0,0
CHG-0000453,System cache cleared,Access,Shang Chi,Shang Chi,Avengers II,Service A,Low,Low,High,Closed,Low,2025-06-06T04:10:01.000000,Friday,2025-06-06T11:10:01.000000,2025-06-07T04:10:01.000000,4,7.0,17.0,24.0,0
CHG-0000454,Service restarted,Complaint,Neo,Neo,Matrix,Service B,High,High,Low,Closed,Low,2025-06-06T10:27:15.000000,Friday,2025-06-06T12:27:15.000000,2025-06-07T06:27:15.000000,0,2.0,18.0,20.0,0
CHG-0000455,User group membership changed,Hardware,Captain America,Captain America,Avengers,Service A,High,Low,Medium,Closed,High,2025-06-06T12:58:38.000000,Friday,2025-06-06T14:58:38.000000,2025-06-07T19:58:38.000000,5,2.0,29.0,31.0,1
CHG-0000456,User group membership changed,Software,Jack Sparrow,Jack Sparrow,Matrix,Service B,High,Medium,Medium,Closed,High,2025-06-06T04:00:26.000000,Friday,2025-06-06T12:00:26.000000,2025-06-06T18:00:26.000000,0,8.0,6.0,14.0,0
CHG-0000457,Resource permissions changed,Access,Iron Man,Iron Man,Avengers,Service D,Medium,High,Medium,Closed,Medium,2025-06-07T15:45:19.000000,Saturday,2025-06-07T20:45:19.000000,2025-06-08T06:45:19.000000,1,5.0,10.0,15.0,0
CHG-0000458,Device monitoring enabled,Complaint,Captain Marvel,Captain Marvel,Avengers II,Service E,Medium,Medium,Low,On Hold,Critical,2025-06-07T10:51:38.000000,Saturday,,,0,0.0,0.0,0.0,0
CHG-0000459,Service integration updated,Hardware,Hulk,Hulk,Avengers,Service E,Low,Medium,High,Closed,Low,2025-06-07T06:02:44.000000,Saturday,2025-06-07T13:02:44.000000,2025-06-08T04:02:44.000000,4,7.0,15.0,22.0,0
CHG-0000460,Resource permissions changed,Facilities,Captain Marvel,Captain Marvel,Avengers II,Service D,Medium,Low,High,Closed,Medium,2025-06-07T09:31:44.000000,Saturday,2025-06-07T17:31:44.000000,2025-06-09T00:31:44.000000,1,8.0,31.0,39.0,1
CHG-0000461,System backup restored,Failure,Iron Man,Iron Man,Avengers,Service D,Low,High,High,Closed,Medium,2025-06-07T20:00:00.000000,Saturday,2025-06-08T03:00:00.000000,2025-06-08T18:00:00.000000,2,7.0,15.0,22.0,0
CHG-0000462,Device monitoring enabled,Network,Loki,Loki,Avengers,Service D,High,High,Low,In Progress,High,2025-06-08T09:10:32.000000,Sunday,2025-06-08T12:10:32.000000,,2,3.0,0.0,0.0,0
CHG-0000463,System resource increased,Data,Loki,Loki,Avengers,Service D,Medium,Low,High,Closed,Low,2025-06-08T21:38:25.000000,Sunday,2025-06-09T03:38:25.000000,2025-06-10T15:38:25.000000,4,6.0,36.0,42.0,0
CHG-0000464,System backup restored,Failure,Spiderman,Spiderman,Avengers II,Service B,Low,Low,Low,Closed,High,2025-06-08T13:57:58.000000,Sunday,2025-06-08T19:57:58.000000,2025-06-09T06:57:58.000000,1,6.0,11.0,17.0,0
CHG-0000465,System notification configured,Data,John Wick,John Wick,Matrix,Service A,Medium,Medium,Medium,Closed,Critical,2025-06-08T22:53:48.000000,Sunday,2025-06-09T06:53:48.000000,2025-06-10T10:53:48.000000,5,8.0,28.0,36.0,1
CHG-0000466,System role assigned,Data,John Cena,John Cena,Matrix,Service A,Medium,Low,High,On Hold,High,2025-06-09T11:19:32.000000,Monday,,,2,0.0,0.0,0.0,0
CHG-0000467,Application configuration changed,Data,Neo,Neo,Matrix,Service A,Low,High,Medium,Closed,High,2025-06-09T09:46:11.000000,Monday,2025-06-09T13:46:11.000000,2025-06-10T21:46:11.000000,1,4.0,32.0,36.0,1
CHG-0000468,Device monitoring enabled,Failure,Doctor Strange,Doctor Strange,Avengers II,Service D,Medium,Low,High,Closed,Medium,2025-06-09T13:57:39.000000,Monday,2025-06-09T20:57:39.000000,2025-06-09T23:57:39.000000,1,7.0,3.0,10.0,0
CHG-0000469,Service integration updated,Data,Captain America,Captain America,Avengers,Service D,Medium,Medium,High,Closed,High,2025-06-09T22:01:02.000000,Monday,2025-06-10T04:01:02.000000,2025-06-10T15:01:02.000000,3,6.0,11.0,17.0,0
CHG-0000470,System cache cleared,Network,John Wick,John Wick,Matrix,Service B,High,Medium,Low,Closed,Medium,2025-06-10T08:18:17.000000,Tuesday,2025-06-10T14:18:17.000000,2025-06-11T07:18:17.000000,4,6.0,17.0,23.0,0
CHG-0000471,User account updated,Complaint,Doctor Strange,Doctor Strange,Avengers II,Service E,High,High,Medium,Closed,Medium,2025-06-11T01:58:44.000000,Wednesday,2025-06-11T07:58:44.000000,2025-06-11T13:58:44.000000,0,6.0,6.0,12.0,0
CHG-0000472,Device firmware updated,Software,Doctor Strange,Doctor Strange,Avengers II,Service E,Low,Medium,Medium,New,Medium,2025-06-11T20:08:48.000000,Wednesday,,,0,0.0,0.0,0.0,0
CHG-0000473,Network settings adjusted,Data,Doctor Strange,Doctor Strange,Avengers II,Service D,Low,High,Low,Closed,High,2025-06-11T20:58:22.000000,Wednesday,2025-06-12T00:58:22.000000,2025-06-13T11:58:22.000000,0,4.0,35.0,39.0,1
CHG-0000474,System cache cleared,Network,John Wick,John Wick,Matrix,Service E,High,Low,Low,Closed,High,2025-06-12T20:22:49.000000,Thursday,2025-06-13T02:22:49.000000,2025-06-14T07:22:49.000000,2,6.0,29.0,35.0,1
CHG-0000475,Application deployed,Network,Thor,Thor,Avengers,Service A,Low,Low,Medium,Closed,Medium,2025-06-12T09:14:53.000000,Thursday,2025-06-12T15:14:53.000000,2025-06-12T23:14:53.000000,2,6.0,8.0,14.0,0
CHG-0000476,Password policy updated,Failure,Loki,Loki,Avengers,Service D,High,Medium,High,New,Medium,2025-06-13T06:25:51.000000,Friday,,,0,0.0,0.0,0.0,0
CHG-0000477,Device access restricted,Failure,John Wick,John Wick,Matrix,Service C,Low,High,Low,Closed,Low,2025-06-13T04:00:07.000000,Friday,2025-06-13T11:00:07.000000,2025-06-14T11:00:07.000000,3,7.0,24.0,31.0,0
CHG-0000478,System role assigned,Software,Spiderman,Spiderman,Avengers II,Service B,High,High,Low,Closed,Medium,2025-06-13T23:34:41.000000,Friday,2025-06-14T02:34:41.000000,2025-06-15T10:34:41.000000,5,3.0,32.0,35.0,1
CHG-0000479,Service dependency changed,Access,Captain Marvel,Captain Marvel,Avengers II,Service C,High,High,High,Closed,Medium,2025-06-14T11:14:31.000000,Saturday,2025-06-14T13:14:31.000000,2025-06-15T21:14:31.000000,2,2.0,32.0,34.0,1
CHG-0000480,Device added to network,Software,Iron Man,Iron Man,Avengers,Service E,High,High,Medium,Closed,Low,2025-06-14T00:07:21.000000,Saturday,2025-06-14T03:07:21.000000,2025-06-15T04:07:21.000000,4,3.0,25.0,28.0,0
CHG-0000481,System role assigned,Facilities,Shang Chi,Shang Chi,Avengers II,Service A,High,Low,High,Closed,Medium,2025-06-14T18:33:09.000000,Saturday,2025-06-15T01:33:09.000000,2025-06-16T11:33:09.000000,5,7.0,34.0,41.0,1
CHG-0000482,Service integration updated,Software,Iron Man,Iron Man,Avengers,Service D,Low,Medium,High,Closed,Medium,2025-06-15T22:29:53.000000,Sunday,2025-06-16T00:29:53.000000,2025-06-16T08:29:53.000000,5,2.0,8.0,10.0,0
CHG-0000483,Network route adjusted,Network,Captain Marvel,Captain Marvel,Avengers II,Service A,High,Low,High,Closed,Medium,2025-06-15T04:17:50.000000,Sunday,2025-06-15T12:17:50.000000,2025-06-16T23:17:50.000000,1,8.0,35.0,43.0,1
CHG-0000484,Software version upgraded,Facilities,Doctor Strange,Doctor Strange,Avengers II,Service A,Medium,High,High,Closed,Medium,2025-06-15T11:10:53.000000,Sunday,2025-06-15T18:10:53.000000,2025-06-16T08:10:53.000000,3,7.0,14.0,21.0,0
CHG-0000485,Data export scheduled,Software,Loki,Loki,Avengers,Service D,Medium,Low,High,Closed,Low,2025-06-16T15:55:35.000000,Monday,2025-06-16T20:55:35.000000,2025-06-17T15:55:35.000000,3,5.0,19.0,24.0,0
CHG-0000486,Device monitoring enabled,Facilities,Neo,Neo,Matrix,Service C,Medium,High,Medium,Closed,Medium,2025-06-16T00:50:18.000000,Monday,2025-06-16T06:50:18.000000,2025-06-16T17:50:18.000000,5,6.0,11.0,17.0,0
CHG-0000487,Password policy updated,Network,Iron Man,Iron Man,Avengers,Service B,High,Medium,Medium,Closed,High,2025-06-16T21:36:02.000000,Monday,2025-06-17T05:36:02.000000,2025-06-17T22:36:02.000000,3,8.0,17.0,25.0,1
CHG-0000488,Application feature enabled,Hardware,Loki,Loki,Avengers,Service D,Medium,Medium,Low,Closed,Critical,2025-06-17T00:11:06.000000,Tuesday,2025-06-17T06:11:06.000000,2025-06-18T10:11:06.000000,4,6.0,28.0,34.0,1
CHG-0000489,User profile updated,Complaint,John Wick,John Wick,Matrix,Service A,Low,Medium,Low,Closed,Medium,2025-06-17T19:25:50.000000,Tuesday,2025-06-17T23:25:50.000000,2025-06-18T22:25:50.000000,0,4.0,23.0,27.0,0
CHG-0000490,Device monitoring enabled,Complaint,Shang Chi,Shang Chi,Avengers II,Service C,Low,Low,High,Closed,High,2025-06-17T06:27:35.000000,Tuesday,2025-06-17T14:27:35.000000,2025-06-18T17:27:35.000000,1,8.0,27.0,35.0,1
CHG-0000491,User authentication method updated,Software,Doctor Strange,Doctor Strange,Avengers II,Service C,High,Medium,Low,Closed,Critical,2025-06-17T00:36:07.000000,Tuesday,2025-06-17T03:36:07.000000,2025-06-17T23:36:07.000000,5,3.0,20.0,23.0,1
CHG-0000492,Scheduled task created,Data,John Cena,John Cena,Matrix,Service D,Medium,Low,High,Closed,Medium,2025-06-18T01:55:38.000000,Wednesday,2025-06-18T06:55:38.000000,2025-06-18T20:55:38.000000,1,5.0,14.0,19.0,0
CHG-0000493,Backup schedule updated,Facilities,Batman,Batman,Matrix,Service B,Low,Medium,Low,Closed,Medium,2025-06-18T15:30:32.000000,Wednesday,2025-06-18T19:30:32.000000,2025-06-20T03:30:32.000000,4,4.0,32.0,36.0,1
CHG-0000494,User authentication method updated,Data,Hulk,Hulk,Avengers,Service E,Medium,Low,Low,Closed,Low,2025-06-19T00:55:14.000000,Thursday,2025-06-19T03:55:14.000000,2025-06-20T00:55:14.000000,2,3.0,21.0,24.0,0
CHG-0000495,Application access granted,Software,Captain Marvel,Captain Marvel,Avengers II,Service C,Medium,Low,High,New,Medium,2025-06-19T00:33:35.000000,Thursday,,,3,0.0,0.0,0.0,0
CHG-0000496,Data export scheduled,Facilities,John Cena,John Cena,Matrix,Service E,Low,High,Medium,Closed,Medium,2025-06-19T19:50:28.000000,Thursday,2025-06-20T02:50:28.000000,2025-06-21T13:50:28.000000,2,7.0,35.0,42.0,1
CHG-0000497,Data export scheduled,Access,Thor,Thor,Avengers,Service C,Low,Medium,Low,Closed,Medium,2025-06-20T13:35:46.000000,Friday,2025-06-20T17:35:46.000000,2025-06-22T05:35:46.000000,2,4.0,36.0,40.0,1
CHG-0000498,Application license assigned,Complaint,Spiderman,Spiderman,Avengers II,Service A,Low,Low,Medium,Closed,Medium,2025-06-20T23:52:14.000000,Friday,2025-06-21T05:52:14.000000,2025-06-22T04:52:14.000000,2,6.0,23.0,29.0,0
CHG-0000499,System backup restored,Data,Thor,Thor,Avengers,Service E,Medium,Medium,High,Closed,Medium,2025-06-21T12:00:42.000000,Saturday,2025-06-21T15:00:42.000000,2025-06-23T03:00:42.000000,4,3.0,36.0,39.0,1
CHG-0000500,System cache cleared,Network,Captain America,Captain America,Avengers,Service A,Low,Medium,High,Closed,High,2025-06-21T04:29:50.000000,Saturday,2025-06-21T10:29:50.000000,2025-06-22T09:29:50.000000,1,6.0,23.0,29.0,1
CHG-0000501,Application shortcut created,Data,John Cena,John Cena,Matrix,Service A,High,High,Low,Closed,Medium,2025-06-21T11:44:04.000000,Saturday,2025-06-21T18:44:04.000000,2025-06-22T01:44:04.000000,1,7.0,7.0,14.0,0
CHG-0000502,Resource allocation changed,Data,Thor,Thor,Avengers,Service C,Medium,Low,Medium,Closed,Medium,2025-06-21T15:01:28.000000,Saturday,2025-06-21T17:01:28.000000,2025-06-22T03:01:28.000000,5,2.0,10.0,12.0,0
CHG-0000503,User profile updated,Access,Batman,Batman,Matrix,Service C,High,Medium,Low,Closed,Low,2025-06-21T14:23:04.000000,Saturday,2025-06-21T16:23:04.000000,2025-06-22T03:23:04.000000,5,2.0,11.0,13.0,0
CHG-0000504,Network route adjusted,Access,Loki,Loki,Avengers,Service E,Low,High,Medium,Closed,Medium,2025-06-22T18:07:04.000000,Sunday,2025-06-22T21:07:04.000000,2025-06-23T22:07:04.000000,4,3.0,25.0,28.0,1
CHG-0000505,Device access restricted,Access,Loki,Loki,Avengers,Service C,High,High,Low,Closed,High,2025-06-22T10:12:46.000000,Sunday,2025-06-22T16:12:46.000000,2025-06-22T20:12:46.000000,1,6.0,4.0,10.0,0
CHG-0000506,Password policy updated,Hardware,John Wick,John Wick,Matrix,Service B,Medium,Medium,Medium,Closed,Medium,2025-06-22T21:00:42.000000,Sunday,2025-06-23T03:00:42.000000,2025-06-23T18:00:42.000000,3,6.0,15.0,21.0,0
CHG-0000507,System role assigned,Complaint,Shang Chi,Shang Chi,Avengers II,Service A,High,Low,Low,On Hold,Medium,2025-06-22T19:30:11.000000,Sunday,,,2,0.0,0.0,0.0,0
CHG-0000508,Configuration setting changed,Data,Captain America,Captain America,Avengers,Service A,Low,High,Medium,On Hold,Low,2025-06-22T09:06:38.000000,Sunday,,,0,0.0,0.0,0.0,0
CHG-0000509,Resource allocation changed,Network,Thor,Thor,Avengers,Service A,Low,Medium,Low,Closed,High,2025-06-23T17:00:05.000000,Monday,2025-06-23T19:00:05.000000,2025-06-25T04:00:05.000000,2,2.0,33.0,35.0,1
CHG-0000510,Access policy reviewed,Data,John Cena,John Cena,Matrix,Service E,High,Low,High,Closed,Medium,2025-06-24T18:21:22.000000,Tuesday,2025-06-25T02:21:22.000000,2025-06-25T11:21:22.000000,3,8.0,9.0,17.0,0
CHG-0000511,Password policy updated,Hardware,Loki,Loki,Avengers,Service E,High,High,Medium,Closed,High,2025-06-24T02:32:53.000000,Tuesday,2025-06-24T06:32:53.000000,2025-06-24T10:32:53.000000,5,4.0,4.0,8.0,0
CHG-0000512,Monitoring rules adjusted,Data,Hulk,Hulk,Avengers,Service C,High,Low,Medium,In Progress,Low,2025-06-24T10:25:55.000000,Tuesday,2025-06-24T18:25:55.000000,,3,8.0,0.0,0.0,0
CHG-0000513,System role assigned,Complaint,Hulk,Hulk,Avengers,Service A,Medium,High,High,Closed,High,2025-06-25T05:48:56.000000,Wednesday,2025-06-25T13:48:56.000000,2025-06-26T19:48:56.000000,1,8.0,30.0,38.0,1
CHG-0000514,Device configuration updated,Network,Thor,Thor,Avengers,Service C,Medium,Medium,Medium,Closed,High,2025-06-25T20:51:42.000000,Wednesday,2025-06-25T23:51:42.000000,2025-06-26T04:51:42.000000,4,3.0,5.0,8.0,0
CHG-0000515,Device firmware updated,Complaint,Neo,Neo,Matrix,Service B,Medium,Low,Medium,Closed,High,2025-06-25T04:55:34.000000,Wednesday,2025-06-25T08:55:34.000000,2025-06-25T21:55:34.000000,3,4.0,13.0,17.0,0
CHG-0000516,Application shortcut created,Software,Thor,Thor,Avengers,Service A,High,High,Medium,Closed,Medium,2025-06-25T04:32:48.000000,Wednesday,2025-06-25T06:32:48.000000,2025-06-25T18:32:48.000000,5,2.0,12.0,14.0,0
CHG-0000517,Resource allocation changed,Access,Hulk,Hulk,Avengers,Service E,Low,High,Low,In Progress,High,2025-06-26T13:53:30.000000,Thursday,2025-06-26T15:53:30.000000,,5,2.0,0.0,0.0,0
CHG-0000518,Application license assigned,Network,Jack Sparrow,Jack Sparrow,Matrix,Service E,Medium,Low,Medium,In Progress,High,2025-06-26T06:09:43.000000,Thursday,2025-06-26T10:09:43.000000,,2,4.0,0.0,0.0,0
CHG-0000519,Application log reviewed,Data,Captain America,Captain America,Avengers,Service A,Medium,Medium,Medium,Closed,Low,2025-06-27T04:27:29.000000,Friday,2025-06-27T11:27:29.000000,2025-06-27T22:27:29.000000,1,7.0,11.0,18.0,0
CHG-0000520,System backup restored,Network,John Wick,John Wick,Matrix,Service D,Medium,High,Medium,In Progress,Medium,2025-06-27T06:08:56.000000,Friday,2025-06-27T11:08:56.000000,,5,5.0,0.0,0.0,0
CHG-0000521,System role assigned,Complaint,Captain America,Captain America,Avengers,Service C,Medium,High,High,Closed,High,2025-06-27T00:47:42.000000,Friday,2025-06-27T05:47:42.000000,2025-06-28T01:47:42.000000,1,5.0,20.0,25.0,1
CHG-0000522,User account updated,Facilities,Batman,Batman,Matrix,Service E,Medium,Low,Medium,Closed,Medium,2025-06-28T17:05:17.000000,Saturday,2025-06-28T23:05:17.000000,2025-06-29T10:05:17.000000,1,6.0,11.0,17.0,0
CHG-0000523,System backup restored,Facilities,Iron Man,Iron Man,Avengers,Service E,High,High,High,Closed,High,2025-06-28T07:32:28.000000,Saturday,2025-06-28T12:32:28.000000,2025-06-29T02:32:28.000000,0,5.0,14.0,19.0,0
CHG-0000524,Alert threshold changed,Data,Hulk,Hulk,Avengers,Service B,Medium,High,Medium,Closed,Critical,2025-06-28T23:29:10.000000,Saturday,2025-06-29T02:29:10.000000,2025-06-30T08:29:10.000000,3,3.0,30.0,33.0,1
CHG-0000525,User account updated,Software,Neo,Neo,Matrix,Service E,High,Medium,Medium,Closed,Low,2025-06-28T13:12:38.000000,Saturday,2025-06-28T16:12:38.000000,2025-06-30T01:12:38.000000,2,3.0,33.0,36.0,0
CHG-0000526,Database maintenance completed,Hardware,Spiderman,Spiderman,Avengers II,Service C,Low,High,High,Closed,Medium,2025-06-28T04:21:54.000000,Saturday,2025-06-28T11:21:54.000000,2025-06-29T04:21:54.000000,4,7.0,17.0,24.0,0
CHG-0000527,Application feature enabled,Complaint,Doctor Strange,Doctor Strange,Avengers II,Service A,High,Medium,Low,Closed,Low,2025-06-29T11:44:25.000000,Sunday,2025-06-29T15:44:25.000000,2025-06-30T11:44:25.000000,1,4.0,20.0,24.0,0
CHG-0000528,Routine maintenance performed,Complaint,Batman,Batman,Matrix,Service A,High,Low,Low,New,Low,2025-06-30T15:28:00.000000,Monday,,,3,0.0,0.0,0.0,0
CHG-0000529,Service endpoint modified,Software,Captain Marvel,Captain Marvel,Avengers II,Service B,Low,Medium,High,Closed,Medium,2025-06-30T07:34:01.000000,Monday,2025-06-30T10:34:01.000000,2025-07-01T15:34:01.000000,5,3.0,29.0,32.0,1
CHG-0000530,Service restarted,Access,Thor,Thor,Avengers,Service C,High,High,Low,Closed,Low,2025-07-01T02:25:09.000000,Tuesday,2025-07-01T05:25:09.000000,2025-07-01T18:25:09.000000,2,3.0,13.0,16.0,0
CHG-0000531,Application license assigned,Data,Loki,Loki,Avengers,Service A,Medium,Low,Medium,New,High,2025-07-01T03:49:12.000000,Tuesday,,,5,0.0,0.0,0.0,0
CHG-0000532,System resource increased,Complaint,Captain America,Captain America,Avengers,Service D,High,Low,High,Closed,High,2025-07-01T05:20:56.000000,Tuesday,2025-07-01T10:20:56.000000,2025-07-01T13:20:56.000000,3,5.0,3.0,8.0,0
CHG-0000533,Application license assigned,Failure,Thor,Thor,Avengers,Service C,Medium,Medium,Low,Closed,Low,2025-07-01T20:28:31.000000,Tuesday,2025-07-02T03:28:31.000000,2025-07-03T11:28:31.000000,3,7.0,32.0,39.0,0
CHG-0000534,Application feature enabled,Failure,Hulk,Hulk,Avengers,Service A,High,Medium,High,Closed,High,2025-07-01T07:05:10.000000,Tuesday,2025-07-01T13:05:10.000000,2025-07-02T12:05:10.000000,4,6.0,23.0,29.0,1
CHG-0000535,Service integration updated,Access,Loki,Loki,Avengers,Service E,High,Medium,Low,Closed,Critical,2025-07-02T06:32:08.000000,Wednesday,2025-07-02T12:32:08.000000,2025-07-03T04:32:08.000000,2,6.0,16.0,22.0,1
CHG-0000536,System role assigned,Failure,Spiderman,Spiderman,Avengers II,Service C,Medium,Low,Medium,Closed,Medium,2025-07-03T05:24:30.000000,Thursday,2025-07-03T09:24:30.000000,2025-07-04T02:24:30.000000,2,4.0,17.0,21.0,0
CHG-0000537,Service integration updated,Facilities,Captain Marvel,Captain Marvel,Avengers II,Service E,High,Low,Low,Closed,High,2025-07-03T02:15:54.000000,Thursday,2025-07-03T06:15:54.000000,2025-07-04T11:15:54.000000,0,4.0,29.0,33.0,1
CHG-0000538,Device removed from inventory,Facilities,Loki,Loki,Avengers,Service A,High,High,Medium,Closed,Medium,2025-07-03T01:34:28.000000,Thursday,2025-07-03T08:34:28.000000,2025-07-03T22:34:28.000000,2,7.0,14.0,21.0,0
CHG-0000539,Backup schedule updated,Failure,Spiderman,Spiderman,Avengers II,Service B,Low,Low,Low,Closed,Medium,2025-07-04T02:29:52.000000,Friday,2025-07-04T04:29:52.000000,2025-07-04T06:29:52.000000,4,2.0,2.0,4.0,0
CHG-0000540,Device firmware updated,Data,Captain America,Captain America,Avengers,Service E,Medium,High,High,Closed,High,2025-07-04T13:28:38.000000,Friday,2025-07-04T18:28:38.000000,2025-07-05T12:28:38.000000,1,5.0,18.0,23.0,1
CHG-0000541,System resource increased,Complaint,Shang Chi,Shang Chi,Avengers II,Service E,Medium,Low,Medium,In Progress,Low,2025-07-04T21:40:02.000000,Friday,2025-07-05T00:40:02.000000,,4,3.0,0.0,0.0,0
CHG-0000542,Service integration updated,Data,Thor,Thor,Avengers,Service B,Medium,High,High,Closed,Medium,2025-07-04T01:21:12.000000,Friday,2025-07-04T09:21:12.000000,2025-07-05T10:21:12.000000,1,8.0,25.0,33.0,1
CHG-0000543,Access policy reviewed,Software,Iron Man,Iron Man,Avengers,Service C,High,Medium,Medium,On Hold,Low,2025-07-04T23:39:21.000000,Friday,,,3,0.0,0.0,0.0,0
CHG-0000544,User authentication method updated,Failure,Loki,Loki,Avengers,Service B,High,Medium,Low,Closed,Medium,2025-07-05T08:15:24.000000,Saturday,2025-07-05T15:15:24.000000,2025-07-06T08:15:24.000000,4,7.0,17.0,24.0,0
CHG-0000545,Service endpoint modified,Software,Iron Man,Iron Man,Avengers,Service C,High,High,High,Closed,High,2025-07-05T06:30:01.000000,Saturday,2025-07-05T11:30:01.000000,2025-07-06T08:30:01.000000,3,5.0,21.0,26.0,1
CHG-0000546,Service integration updated,Access,Thor,Thor,Avengers,Service D,High,Low,Medium,Closed,Medium,2025-07-05T01:20:39.000000,Saturday,2025-07-05T04:20:39.000000,2025-07-05T12:20:39.000000,4,3.0,8.0,11.0,0
CHG-0000547,Service integration updated,Complaint,Loki,Loki,Avengers,Service E,Low,Medium,High,Closed,Medium,2025-07-05T10:07:23.000000,Saturday,2025-07-05T13:07:23.000000,2025-07-06T09:07:23.000000,4,3.0,20.0,23.0,0
CHG-0000548,User group membership changed,Hardware,Doctor Strange,Doctor Strange,Avengers II,Service A,Low,Low,Low,In Progress,Medium,2025-07-05T15:04:49.000000,Saturday,2025-07-05T21:04:49.000000,,1,6.0,0.0,0.0,0
CHG-0000549,Data retention policy updated,Hardware,Shang Chi,Shang Chi,Avengers II,Service E,High,High,Low,Closed,Medium,2025-07-06T10:42:33.000000,Sunday,2025-07-06T17:42:33.000000,2025-07-07T02:42:33.000000,0,7.0,9.0,16.0,0
CHG-0000550,Application deployed,Hardware,Captain Marvel,Captain Marvel,Avengers II,Service E,High,Medium,High,Closed,Low,2025-07-06T18:01:42.000000,Sunday,2025-07-06T20:01:42.000000,2025-07-07T14:01:42.000000,4,2.0,18.0,20.0,0
CHG-0000551,Device configuration updated,Hardware,Spiderman,Spiderman,Avengers II,Service E,High,High,Medium,Closed,Low,2025-07-07T05:35:07.000000,Monday,2025-07-07T12:35:07.000000,2025-07-08T04:35:07.000000,5,7.0,16.0,23.0,0
CHG-0000552,Network route adjusted,Data,Captain America,Captain America,Avengers,Service D,Low,Low,Low,Closed,Low,2025-07-07T19:48:21.000000,Monday,2025-07-07T23:48:21.000000,2025-07-08T17:48:21.000000,1,4.0,18.0,22.0,0
CHG-0000553,Service integration updated,Software,Neo,Neo,Matrix,Service E,Low,Medium,Medium,Closed,Medium,2025-07-07T08:24:43.000000,Monday,2025-07-07T12:24:43.000000,2025-07-07T23:24:43.000000,5,4.0,11.0,15.0,0
CHG-0000554,User authentication method updated,Hardware,Shang Chi,Shang Chi,Avengers II,Service C,High,Medium,Medium,Closed,Low,2025-07-07T13:16:16.000000,Monday,2025-07-07T18:16:16.000000,2025-07-08T14:16:16.000000,1,5.0,20.0,25.0,0
CHG-0000555,User account updated,Software,Doctor Strange,Doctor Strange,Avengers II,Service D,Low,High,High,Closed,Medium,2025-07-07T12:48:48.000000,Monday,2025-07-07T16:48:48.000000,2025-07-08T18:48:48.000000,3,4.0,26.0,30.0,1
CHG-0000556,Network route adjusted,Access,Captain America,Captain America,Avengers,Service A,Low,Low,Low,In Progress,Low,2025-07-08T17:14:03.000000,Tuesday,2025-07-08T21:14:03.000000,,2,4.0,0.0,0.0,0
CHG-0000557,Application feature enabled,Facilities,John Cena,John Cena,Matrix,Service E,High,High,High,Closed,Medium,2025-07-08T11:47:12.000000,Tuesday,2025-07-08T17:47:12.000000,2025-07-09T13:47:12.000000,3,6.0,20.0,26.0,0
CHG-0000558,Alert threshold changed,Software,John Wick,John Wick,Matrix,Service A,Low,Medium,Low,Closed,Medium,2025-07-08T21:21:26.000000,Tuesday,2025-07-09T03:21:26.000000,2025-07-10T15:21:26.000000,0,6.0,36.0,42.0,1
CHG-0000559,System log settings updated,Complaint,Captain Marvel,Captain Marvel,Avengers II,Service A,Medium,High,High,Closed,High,2025-07-08T22:41:11.000000,Tuesday,2025-07-09T01:41:11.000000,2025-07-09T06:41:11.000000,2,3.0,5.0,8.0,0
CHG-0000560,User profile updated,Hardware,Captain Marvel,Captain Marvel,Avengers II,Service E,Low,Low,Medium,Closed,Medium,2025-07-08T11:59:09.000000,Tuesday,2025-07-08T18:59:09.000000,2025-07-09T10:59:09.000000,5,7.0,16.0,23.0,0
CHG-0000561,Application license assigned,Hardware,Captain America,Captain America,Avengers,Service A,Medium,Low,High,Closed,Medium,2025-07-09T10:42:27.000000,Wednesday,2025-07-09T12:42:27.000000,2025-07-10T18:42:27.000000,5,2.0,30.0,32.0,1
CHG-0000562,System resource increased,Software,Thor,Thor,Avengers,Service A,Medium,Low,Medium,Closed,Medium,2025-07-09T21:39:37.000000,Wednesday,2025-07-10T02:39:37.000000,2025-07-11T11:39:37.000000,2,5.0,33.0,38.0,1
CHG-0000563,Data import completed,Network,Thor,Thor,Avengers,Service E,Low,High,High,Closed,Critical,2025-07-10T11:47:45.000000,Thursday,2025-07-10T14:47:45.000000,2025-07-11T19:47:45.000000,1,3.0,29.0,32.0,1
CHG-0000564,Device access restricted,Complaint,Hulk,Hulk,Avengers,Service A,Medium,High,Low,Closed,High,2025-07-10T00:04:31.000000,Thursday,2025-07-10T02:04:31.000000,2025-07-10T08:04:31.000000,0,2.0,6.0,8.0,0
CHG-0000565,Service integration updated,Complaint,Captain America,Captain America,Avengers,Service E,High,Low,Low,Closed,High,2025-07-10T07:26:47.000000,Thursday,2025-07-10T14:26:47.000000,2025-07-11T06:26:47.000000,5,7.0,16.0,23.0,0
CHG-0000566,Application feature enabled,Facilities,Loki,Loki,Avengers,Service B,Low,Medium,Low,New,High,2025-07-10T16:43:24.000000,Thursday,,,0,0.0,0.0,0.0,0
CHG-0000567,Service dependency changed,Data,Hulk,Hulk,Avengers,Service A,High,Medium,Low,Closed,High,2025-07-10T08:49:27.000000,Thursday,2025-07-10T15:49:27.000000,2025-07-10T19:49:27.000000,5,7.0,4.0,11.0,0
CHG-0000568,Application shortcut created,Failure,John Wick,John Wick,Matrix,Service D,Medium,Medium,Low,Closed,High,2025-07-11T23:17:19.000000,Friday,2025-07-12T02:17:19.000000,2025-07-13T08:17:19.000000,4,3.0,30.0,33.0,1
CHG-0000569,Password policy updated,Facilities,Loki,Loki,Avengers,Service A,High,High,Low,Closed,High,2025-07-11T17:50:41.000000,Friday,2025-07-11T21:50:41.000000,2025-07-13T09:50:41.000000,4,4.0,36.0,40.0,1
CHG-0000570,User profile updated,Access,Spiderman,Spiderman,Avengers II,Service C,Medium,Medium,High,Closed,High,2025-07-11T06:39:23.000000,Friday,2025-07-11T12:39:23.000000,2025-07-12T21:39:23.000000,5,6.0,33.0,39.0,1
CHG-0000571,System update applied,Network,Hulk,Hulk,Avengers,Service E,Low,Medium,Medium,Closed,Medium,2025-07-11T15:41:31.000000,Friday,2025-07-11T18:41:31.000000,2025-07-11T21:41:31.000000,2,3.0,3.0,6.0,0
CHG-0000572,User group membership changed,Failure,Loki,Loki,Avengers,Service B,Low,Low,High,Closed,Medium,2025-07-12T09:09:34.000000,Saturday,2025-07-12T14:09:34.000000,2025-07-12T17:09:34.000000,5,5.0,3.0,8.0,0
CHG-0000573,Network settings adjusted,Hardware,Shang Chi,Shang Chi,Avengers II,Service E,Medium,High,High,In Progress,Critical,2025-07-12T19:49:06.000000,Saturday,2025-07-13T00:49:06.000000,,3,5.0,0.0,0.0,0
CHG-0000574,Data import completed,Data,Loki,Loki,Avengers,Service E,Low,Low,Low,Closed,Critical,2025-07-12T11:21:59.000000,Saturday,2025-07-12T18:21:59.000000,2025-07-13T10:21:59.000000,3,7.0,16.0,23.0,1
CHG-0000575,Database maintenance completed,Complaint,Loki,Loki,Avengers,Service E,Low,High,High,Closed,Medium,2025-07-13T22:17:35.000000,Sunday,2025-07-14T01:17:35.000000,2025-07-14T09:17:35.000000,5,3.0,8.0,11.0,0
CHG-0000576,System resource increased,Software,Captain America,Captain America,Avengers,Service E,Medium,Medium,Medium,Closed,Critical,2025-07-13T18:05:29.000000,Sunday,2025-07-13T22:05:29.000000,2025-07-14T08:05:29.000000,0,4.0,10.0,14.0,1
CHG-0000577,User profile updated,Complaint,Spiderman,Spiderman,Avengers II,Service B,Medium,Low,Medium,Closed,Medium,2025-07-13T17:26:46.000000,Sunday,2025-07-13T20:26:46.000000,2025-07-14T01:26:46.000000,3,3.0,5.0,8.0,0
CHG-0000578,Application shortcut created,Failure,Hulk,Hulk,Avengers,Service E,Medium,Low,High,Closed,Low,2025-07-13T09:08:55.000000,Sunday,2025-07-13T11:08:55.000000,2025-07-14T03:08:55.000000,5,2.0,16.0,18.0,0
CHG-0000579,Application log reviewed,Hardware,Iron Man,Iron Man,Avengers,Service D,Medium,Medium,Low,Closed,High,2025-07-14T10:10:33.000000,Monday,2025-07-14T15:10:33.000000,2025-07-16T00:10:33.000000,3,5.0,33.0,38.0,1
CHG-0000580,Application access granted,Hardware,Doctor Strange,Doctor Strange,Avengers II,Service D,High,Low,Medium,Closed,Critical,2025-07-14T08:11:56.000000,Monday,2025-07-14T10:11:56.000000,2025-07-14T13:11:56.000000,4,2.0,3.0,5.0,0
CHG-0000581,System backup restored,Access,Jack Sparrow,Jack Sparrow,Matrix,Service D,Medium,Medium,High,Closed,Medium,2025-07-15T01:17:35.000000,Tuesday,2025-07-15T04:17:35.000000,2025-07-16T02:17:35.000000,3,3.0,22.0,25.0,0
CHG-0000582,User session reset,Failure,Neo,Neo,Matrix,Service D,High,Medium,Low,Closed,Low,2025-07-15T01:26:26.000000,Tuesday,2025-07-15T06:26:26.000000,2025-07-16T02:26:26.000000,0,5.0,20.0,25.0,0
CHG-0000583,System resource increased,Complaint,Doctor Strange,Doctor Strange,Avengers II,Service D,Low,Medium,Low,Closed,High,2025-07-16T23:04:24.000000,Wednesday,2025-07-17T06:04:24.000000,2025-07-18T16:04:24.000000,1,7.0,34.0,41.0,1
CHG-0000584,Alert threshold changed,Software,Loki,Loki,Avengers,Service D,Low,High,High,Closed,Medium,2025-07-16T00:25:42.000000,Wednesday,2025-07-16T07:25:42.000000,2025-07-16T22:25:42.000000,5,7.0,15.0,22.0,0
CHG-0000585,Application deployed,Complaint,Hulk,Hulk,Avengers,Service E,Low,High,High,Closed,High,2025-07-16T15:04:26.000000,Wednesday,2025-07-16T21:04:26.000000,2025-07-18T07:04:26.000000,1,6.0,34.0,40.0,1
CHG-0000586,Application license assigned,Access,Loki,Loki,Avengers,Service E,Low,Low,Low,Closed,Low,2025-07-17T14:30:59.000000,Thursday,2025-07-17T21:30:59.000000,2025-07-18T17:30:59.000000,4,7.0,20.0,27.0,0
CHG-0000587,Database maintenance completed,Network,Iron Man,Iron Man,Avengers,Service C,High,Low,Low,Closed,Medium,2025-07-17T08:51:30.000000,Thursday,2025-07-17T13:51:30.000000,2025-07-18T13:51:30.000000,2,5.0,24.0,29.0,0
CHG-0000588,Network route adjusted,Software,Loki,Loki,Avengers,Service A,High,High,Medium,Closed,Medium,2025-07-17T13:44:58.000000,Thursday,2025-07-17T17:44:58.000000,2025-07-18T15:44:58.000000,0,4.0,22.0,26.0,0
CHG-0000589,System role assigned,Network,Loki,Loki,Avengers,Service E,Medium,Medium,Medium,Closed,Low,2025-07-17T02:24:25.000000,Thursday,2025-07-17T07:24:25.000000,2025-07-17T13:24:25.000000,1,5.0,6.0,11.0,0
CHG-0000590,Service endpoint modified,Data,Loki,Loki,Avengers,Service A,Low,Medium,High,On Hold,Low,2025-07-17T05:21:47.000000,Thursday,,,3,0.0,0.0,0.0,0
CHG-0000591,Device firmware updated,Network,Spiderman,Spiderman,Avengers II,Service C,Low,Low,High,Closed,High,2025-07-18T19:38:43.000000,Friday,2025-07-19T00:38:43.000000,2025-07-19T12:38:43.000000,0,5.0,12.0,17.0,0
CHG-0000592,Password policy updated,Hardware,Batman,Batman,Matrix,Service D,Low,Low,High,Closed,Medium,2025-07-18T22:40:37.000000,Friday,2025-07-19T05:40:37.000000,2025-07-20T15:40:37.000000,2,7.0,34.0,41.0,1
CHG-0000593,Configuration setting changed,Access,Iron Man,Iron Man,Avengers,Service C,High,Medium,High,Closed,Medium,2025-07-19T04:39:50.000000,Saturday,2025-07-19T06:39:50.000000,2025-07-19T10:39:50.000000,1,2.0,4.0,6.0,0
CHG-0000594,Device removed from inventory,Failure,Captain Marvel,Captain Marvel,Avengers II,Service C,High,High,High,Closed,Medium,2025-07-19T20:39:06.000000,Saturday,2025-07-20T01:39:06.000000,2025-07-20T12:39:06.000000,0,5.0,11.0,16.0,0
CHG-0000595,Application access granted,Complaint,Loki,Loki,Avengers,Service D,High,Low,Low,Closed,Low,2025-07-19T10:02:31.000000,Saturday,2025-07-19T18:02:31.000000,2025-07-20T09:02:31.000000,4,8.0,15.0,23.0,0
CHG-0000596,System resource increased,Software,John Cena,John Cena,Matrix,Service D,High,High,High,Closed,High,2025-07-19T14:48:08.000000,Saturday,2025-07-19T20:48:08.000000,2025-07-20T05:48:08.000000,0,6.0,9.0,15.0,0
CHG-0000597,System update applied,Facilities,John Cena,John Cena,Matrix,Service B,High,High,Low,Closed,Medium,2025-07-19T18:53:09.000000,Saturday,2025-07-19T20:53:09.000000,2025-07-20T09:53:09.000000,1,2.0,13.0,15.0,0
CHG-0000598,System backup restored,Access,John Cena,John Cena,Matrix,Service E,Low,Low,High,Closed,Medium,2025-07-20T20:26:34.000000,Sunday,2025-07-20T22:26:34.000000,2025-07-21T16:26:34.000000,2,2.0,18.0,20.0,0
CHG-0000599,Software version upgraded,Complaint,Thor,Thor,Avengers,Service C,High,Low,High,Closed,Medium,2025-07-20T08:29:28.000000,Sunday,2025-07-20T14:29:28.000000,2025-07-21T03:29:28.000000,1,6.0,13.0,19.0,0
CHG-0000600,Data retention policy updated,Network,Thor,Thor,Avengers,Service B,Low,High,Low,On Hold,Medium,2025-07-20T06:22:34.000000,Sunday,,,1,0.0,0.0,0.0,0
CHG-0000601,Monitoring rules adjusted,Complaint,John Cena,John Cena,Matrix,Service A,Low,Medium,Medium,Closed,High,2025-07-21T04:17:43.000000,Monday,2025-07-21T06:17:43.000000,2025-07-21T11:17:43.000000,2,2.0,5.0,7.0,0
CHG-0000602,Application deployed,Hardware,Batman,Batman,Matrix,Service C,Medium,High,High,Closed,Medium,2025-07-21T16:23:26.000000,Monday,2025-07-21T21:23:26.000000,2025-07-21T23:23:26.000000,2,5.0,2.0,7.0,0
CHG-0000603,Device access restricted,Complaint,Neo,Neo,Matrix,Service E,High,Medium,Low,Closed,High,2025-07-22T18:28:22.000000,Tuesday,2025-07-22T20:28:22.000000,2025-07-24T06:28:22.000000,5,2.0,34.0,36.0,1
CHG-0000604,Network route adjusted,Facilities,Loki,Loki,Avengers,Service D,Medium,High,High,Closed,Medium,2025-07-22T23:03:14.000000,Tuesday,2025-07-23T07:03:14.000000,2025-07-23T11:03:14.000000,5,8.0,4.0,12.0,0
CHG-0000605,Backup schedule updated,Data,Shang Chi,Shang Chi,Avengers II,Service D,Medium,Low,High,Closed,Medium,2025-07-22T17:00:18.000000,Tuesday,2025-07-22T21:00:18.000000,2025-07-24T06:00:18.000000,4,4.0,33.0,37.0,1
CHG-0000606,Device monitoring enabled,Network,Hulk,Hulk,Avengers,Service D,High,Medium,Medium,On Hold,High,2025-07-23T01:39:06.000000,Wednesday,,,4,0.0,0.0,0.0,0
CHG-0000607,Configuration setting changed,Network,Doctor Strange,Doctor Strange,Avengers II,Service D,Medium,Low,High,Closed,Low,2025-07-23T03:28:38.000000,Wednesday,2025-07-23T10:28:38.000000,2025-07-24T01:28:38.000000,0,7.0,15.0,22.0,0
CHG-0000608,Routine maintenance performed,Access,Loki,Loki,Avengers,Service E,High,High,High,Closed,Medium,2025-07-24T18:35:13.000000,Thursday,2025-07-24T20:35:13.000000,2025-07-25T14:35:13.000000,4,2.0,18.0,20.0,0
CHG-0000609,System log settings updated,Access,Loki,Loki,Avengers,Service B,High,High,Low,On Hold,Medium,2025-07-24T08:36:49.000000,Thursday,,,4,0.0,0.0,0.0,0
CHG-0000610,Application license assigned,Network,Captain Marvel,Captain Marvel,Avengers II,Service B,Medium,High,Medium,Closed,Medium,2025-07-24T18:35:03.000000,Thursday,2025-07-25T00:35:03.000000,2025-07-25T10:35:03.000000,0,6.0,10.0,16.0,0
CHG-0000611,Data import completed,Failure,Loki,Loki,Avengers,Service B,Low,Low,Low,In Progress,Medium,2025-07-24T12:19:54.000000,Thursday,2025-07-24T18:19:54.000000,,4,6.0,0.0,0.0,0
CHG-0000612,System backup restored,Failure,Loki,Loki,Avengers,Service A,Low,Low,Low,On Hold,Medium,2025-07-25T14:57:55.000000,Friday,,,0,0.0,0.0,0.0,0
CHG-0000613,Service endpoint modified,Network,Loki,Loki,Avengers,Service D,High,Low,Medium,Closed,Medium,2025-07-25T14:04:39.000000,Friday,2025-07-25T17:04:39.000000,2025-07-27T05:04:39.000000,4,3.0,36.0,39.0,1
CHG-0000614,Application deployed,Network,Shang Chi,Shang Chi,Avengers II,Service A,Medium,Low,Low,Closed,Medium,2025-07-25T12:53:34.000000,Friday,2025-07-25T20:53:34.000000,2025-07-26T17:53:34.000000,2,8.0,21.0,29.0,0
CHG-0000615,Routine maintenance performed,Software,Captain Marvel,Captain Marvel,Avengers II,Service A,Low,Medium,Low,Closed,Medium,2025-07-26T11:24:50.000000,Saturday,2025-07-26T19:24:50.000000,2025-07-28T02:24:50.000000,3,8.0,31.0,39.0,1
CHG-0000616,Application license assigned,Network,Captain Marvel,Captain Marvel,Avengers II,Service A,High,Medium,Low,Closed,Medium,2025-07-26T19:26:21.000000,Saturday,2025-07-26T22:26:21.000000,2025-07-28T04:26:21.000000,4,3.0,30.0,33.0,1
CHG-0000617,User authentication method updated,Data,Captain America,Captain America,Avengers,Service B,Low,High,Low,Closed,High,2025-07-27T22:06:37.000000,Sunday,2025-07-28T03:06:37.000000,2025-07-29T13:06:37.000000,4,5.0,34.0,39.0,1
CHG-0000618,Scheduled task created,Software,Batman,Batman,Matrix,Service D,Low,High,High,On Hold,Medium,2025-07-27T13:17:36.000000,Sunday,,,2,0.0,0.0,0.0,0
CHG-0000619,Alert threshold changed,Hardware,Spiderman,Spiderman,Avengers II,Service E,Low,Medium,Low,In Progress,Medium,2025-07-27T21:23:13.000000,Sunday,2025-07-28T02:23:13.000000,,3,5.0,0.0,0.0,0
CHG-0000620,Access policy reviewed,Software,Iron Man,Iron Man,Avengers,Service D,High,High,Low,Closed,High,2025-07-28T08:04:14.000000,Monday,2025-07-28T10:04:14.000000,2025-07-28T16:04:14.000000,1,2.0,6.0,8.0,0
CHG-0000621,Service endpoint modified,Hardware,Iron Man,Iron Man,Avengers,Service D,Low,Medium,Medium,Closed,Critical,2025-07-29T10:22:52.000000,Tuesday,2025-07-29T17:22:52.000000,2025-07-30T08:22:52.000000,0,7.0,15.0,22.0,1
CHG-0000622,Alert threshold changed,Data,Loki,Loki,Avengers,Service B,High,Low,Medium,New,Medium,2025-07-29T14:16:22.000000,Tuesday,,,2,0.0,0.0,0.0,0
CHG-0000623,Resource allocation changed,Complaint,Captain America,Captain America,Avengers,Service C,High,High,Low,Closed,Medium,2025-07-29T09:09:53.000000,Tuesday,2025-07-29T15:09:53.000000,2025-07-30T11:09:53.000000,1,6.0,20.0,26.0,0
CHG-0000624,System backup restored,Complaint,Shang Chi,Shang Chi,Avengers II,Service D,Low,Low,Low,Closed,Medium,2025-07-30T05:30:02.000000,Wednesday,2025-07-30T08:30:02.000000,2025-07-31T04:30:02.000000,4,3.0,20.0,23.0,0
CHG-0000625,Application feature enabled,Failure,Spiderman,Spiderman,Avengers II,Service E,Low,Medium,Low,Closed,High,2025-07-31T04:52:00.000000,Thursday,2025-07-31T08:52:00.000000,2025-07-31T10:52:00.000000,3,4.0,2.0,6.0,0
CHG-0000626,Service port changed,Complaint,Captain Marvel,Captain Marvel,Avengers II,Service C,High,Low,High,Closed,Medium,2025-08-01T13:18:22.000000,Friday,2025-08-01T17:18:22.000000,2025-08-02T15:18:22.000000,5,4.0,22.0,26.0,0
CHG-0000627,Data import completed,Access,Captain Marvel,Captain Marvel,Avengers II,Service D,High,Low,High,Closed,High,2025-08-01T05:22:27.000000,Friday,2025-08-01T11:22:27.000000,2025-08-02T06:22:27.000000,2,6.0,19.0,25.0,1
CHG-0000628,User password reset,Access,Spiderman,Spiderman,Avengers II,Service A,High,Medium,Medium,Closed,High,2025-08-01T23:39:58.000000,Friday,2025-08-02T07:39:58.000000,2025-08-02T10:39:58.000000,2,8.0,3.0,11.0,0
CHG-0000629,Alert threshold changed,Complaint,Iron Man,Iron Man,Avengers,Service D,Medium,High,Medium,Closed,High,2025-08-01T17:53:50.000000,Friday,2025-08-01T21:53:50.000000,2025-08-02T18:53:50.000000,0,4.0,21.0,25.0,1
CHG-0000630,Alert threshold changed,Facilities,Spiderman,Spiderman,Avengers II,Service A,Medium,Medium,High,Closed,High,2025-08-01T12:58:55.000000,Friday,2025-08-01T20:58:55.000000,2025-08-01T22:58:55.000000,2,8.0,2.0,10.0,0
CHG-0000631,Backup schedule updated,Hardware,John Wick,John Wick,Matrix,Service C,Medium,Medium,High,Closed,Medium,2025-08-02T10:44:29.000000,Saturday,2025-08-02T16:44:29.000000,2025-08-03T22:44:29.000000,2,6.0,30.0,36.0,1
CHG-0000632,System update applied,Failure,Doctor Strange,Doctor Strange,Avengers II,Service C,Low,Medium,Low,Closed,Medium,2025-08-02T11:31:43.000000,Saturday,2025-08-02T19:31:43.000000,2025-08-03T18:31:43.000000,0,8.0,23.0,31.0,0
CHG-0000633,System notification configured,Network,Hulk,Hulk,Avengers,Service A,Low,Medium,High,In Progress,Medium,2025-08-02T00:50:58.000000,Saturday,2025-08-02T06:50:58.000000,,1,6.0,0.0,0.0,0
CHG-0000634,Device added to network,Network,Thor,Thor,Avengers,Service B,Low,Low,Low,Closed,Medium,2025-08-02T16:04:20.000000,Saturday,2025-08-02T23:04:20.000000,2025-08-04T11:04:20.000000,3,7.0,36.0,43.0,1
CHG-0000635,System notification configured,Complaint,Neo,Neo,Matrix,Service A,Low,Low,High,Closed,Medium,2025-08-03T15:18:25.000000,Sunday,2025-08-03T17:18:25.000000,2025-08-04T06:18:25.000000,1,2.0,13.0,15.0,0
CHG-0000636,Access policy reviewed,Hardware,Hulk,Hulk,Avengers,Service E,Low,High,High,Closed,Medium,2025-08-03T03:40:53.000000,Sunday,2025-08-03T10:40:53.000000,2025-08-04T13:40:53.000000,5,7.0,27.0,34.0,1
CHG-0000637,Routine maintenance performed,Data,Iron Man,Iron Man,Avengers,Service B,High,Low,Low,Closed,Medium,2025-08-03T19:22:42.000000,Sunday,2025-08-04T00:22:42.000000,2025-08-05T07:22:42.000000,3,5.0,31.0,36.0,1
CHG-0000638,Resource permissions changed,Facilities,Neo,Neo,Matrix,Service E,Low,High,Low,Closed,Medium,2025-08-03T10:07:05.000000,Sunday,2025-08-03T14:07:05.000000,2025-08-05T02:07:05.000000,4,4.0,36.0,40.0,1
CHG-0000639,System resource increased,Complaint,Captain America,Captain America,Avengers,Service B,Medium,High,Medium,Closed,High,2025-08-04T02:51:08.000000,Monday,2025-08-04T09:51:08.000000,2025-08-04T21:51:08.000000,0,7.0,12.0,19.0,0
CHG-0000640,Device removed from inventory,Network,Spiderman,Spiderman,Avengers II,Service C,High,High,High,Closed,Medium,2025-08-04T14:21:42.000000,Monday,2025-08-04T21:21:42.000000,2025-08-05T20:21:42.000000,1,7.0,23.0,30.0,0
CHG-0000641,User authentication method updated,Hardware,Jack Sparrow,Jack Sparrow,Matrix,Service E,Medium,High,High,Closed,Medium,2025-08-05T08:49:31.000000,Tuesday,2025-08-05T10:49:31.000000,2025-08-05T18:49:31.000000,1,2.0,8.0,10.0,0
CHG-0000642,Security settings updated,Software,Captain Marvel,Captain Marvel,Avengers II,Service A,High,Medium,Low,Closed,Medium,2025-08-05T19:21:02.000000,Tuesday,2025-08-06T03:21:02.000000,2025-08-06T13:21:02.000000,4,8.0,10.0,18.0,0
CHG-0000643,Application deployed,Complaint,Loki,Loki,Avengers,Service A,Low,Low,Medium,On Hold,Low,2025-08-05T02:00:38.000000,Tuesday,,,2,0.0,0.0,0.0,0
CHG-0000644,Resource allocation changed,Access,Iron Man,Iron Man,Avengers,Service A,Low,Medium,Low,Closed,Medium,2025-08-06T01:03:34.000000,Wednesday,2025-08-06T06:03:34.000000,2025-08-07T04:03:34.000000,1,5.0,22.0,27.0,0
CHG-0000645,User group membership changed,Facilities,John Cena,John Cena,Matrix,Service A,Low,Low,Low,Closed,Medium,2025-08-06T10:54:25.000000,Wednesday,2025-08-06T16:54:25.000000,2025-08-08T01:54:25.000000,0,6.0,33.0,39.0,1
CHG-0000646,Network route adjusted,Hardware,Loki,Loki,Avengers,Service C,High,Low,Low,Closed,Medium,2025-08-06T15:11:12.000000,Wednesday,2025-08-06T17:11:12.000000,2025-08-07T20:11:12.000000,2,2.0,27.0,29.0,1
CHG-0000647,Software version upgraded,Network,Iron Man,Iron Man,Avengers,Service E,High,High,High,Closed,Critical,2025-08-07T04:20:54.000000,Thursday,2025-08-07T11:20:54.000000,2025-08-08T13:20:54.000000,0,7.0,26.0,33.0,1
CHG-0000648,Service dependency changed,Network,John Cena,John Cena,Matrix,Service A,Medium,High,High,Closed,Medium,2025-08-07T06:45:02.000000,Thursday,2025-08-07T11:45:02.000000,2025-08-08T18:45:02.000000,2,5.0,31.0,36.0,1
CHG-0000649,Application access granted,Hardware,Batman,Batman,Matrix,Service C,High,Medium,Medium,Closed,Medium,2025-08-07T15:11:19.000000,Thursday,2025-08-07T17:11:19.000000,2025-08-08T19:11:19.000000,1,2.0,26.0,28.0,1
CHG-0000650,User account updated,Access,Jack Sparrow,Jack Sparrow,Matrix,Service B,Medium,High,High,Closed,Medium,2025-08-08T17:23:45.000000,Friday,2025-08-08T20:23:45.000000,2025-08-08T22:23:45.000000,0,3.0,2.0,5.0,0
CHG-0000651,System update applied,Data,Spiderman,Spiderman,Avengers II,Service C,High,High,Low,Closed,Medium,2025-08-08T09:31:26.000000,Friday,2025-08-08T15:31:26.000000,2025-08-09T00:31:26.000000,0,6.0,9.0,15.0,0
CHG-0000652,Application deployed,Failure,Doctor Strange,Doctor Strange,Avengers II,Service E,High,High,Medium,Closed,High,2025-08-08T16:56:20.000000,Friday,2025-08-08T21:56:20.000000,2025-08-09T21:56:20.000000,2,5.0,24.0,29.0,1
CHG-0000653,Database maintenance completed,Access,Batman,Batman,Matrix,Service D,Low,Low,Medium,Closed,Medium,2025-08-08T12:58:17.000000,Friday,2025-08-08T15:58:17.000000,2025-08-08T20:58:17.000000,0,3.0,5.0,8.0,0
CHG-0000654,Device added to network,Hardware,John Wick,John Wick,Matrix,Service A,Low,Low,High,Closed,Medium,2025-08-08T21:04:43.000000,Friday,2025-08-09T02:04:43.000000,2025-08-09T05:04:43.000000,0,5.0,3.0,8.0,0
CHG-0000655,Alert threshold changed,Hardware,Iron Man,Iron Man,Avengers,Service C,Medium,Medium,Low,Closed,High,2025-08-09T18:34:41.000000,Saturday,2025-08-09T21:34:41.000000,2025-08-10T04:34:41.000000,0,3.0,7.0,10.0,0
CHG-0000656,Data retention policy updated,Software,Hulk,Hulk,Avengers,Service E,Low,Medium,High,Closed,Medium,2025-08-10T06:03:51.000000,Sunday,2025-08-10T12:03:51.000000,2025-08-11T20:03:51.000000,2,6.0,32.0,38.0,1
CHG-0000657,Configuration setting changed,Complaint,Shang Chi,Shang Chi,Avengers II,Service B,High,High,Low,Closed,Medium,2025-08-10T17:10:03.000000,Sunday,2025-08-10T21:10:03.000000,2025-08-11T09:10:03.000000,4,4.0,12.0,16.0,0
CHG-0000658,Application log reviewed,Data,Hulk,Hulk,Avengers,Service D,Low,Low,Low,Closed,High,2025-08-10T19:39:43.000000,Sunday,2025-08-11T00:39:43.000000,2025-08-11T21:39:43.000000,1,5.0,21.0,26.0,1
CHG-0000659,User session reset,Data,Doctor Strange,Doctor Strange,Avengers II,Service C,Low,Medium,High,Closed,Medium,2025-08-10T18:53:24.000000,Sunday,2025-08-10T20:53:24.000000,2025-08-11T19:53:24.000000,1,2.0,23.0,25.0,0
CHG-0000660,Device configuration updated,Software,Neo,Neo,Matrix,Service C,Low,Medium,High,Closed,Medium,2025-08-11T18:22:13.000000,Monday,2025-08-12T02:22:13.000000,2025-08-13T09:22:13.000000,0,8.0,31.0,39.0,1
CHG-0000661,System log settings updated,Network,Hulk,Hulk,Avengers,Service C,Medium,Low,Medium,Closed,Medium,2025-08-11T10:57:34.000000,Monday,2025-08-11T16:57:34.000000,2025-08-12T14:57:34.000000,3,6.0,22.0,28.0,0
CHG-0000662,Service integration updated,Data,Shang Chi,Shang Chi,Avengers II,Service C,Medium,Medium,Low,Closed,High,2025-08-11T03:47:20.000000,Monday,2025-08-11T07:47:20.000000,2025-08-11T14:47:20.000000,5,4.0,7.0,11.0,0
CHG-0000663,Data import completed,Facilities,Doctor Strange,Doctor Strange,Avengers II,Service E,Low,High,Low,Closed,High,2025-08-11T05:01:41.000000,Monday,2025-08-11T11:01:41.000000,2025-08-11T17:01:41.000000,3,6.0,6.0,12.0,0
CHG-0000664,User password reset,Software,Thor,Thor,Avengers,Service E,High,High,High,Closed,High,2025-08-12T06:05:02.000000,Tuesday,2025-08-12T12:05:02.000000,2025-08-13T02:05:02.000000,3,6.0,14.0,20.0,0
CHG-0000665,Routine maintenance performed,Software,Batman,Batman,Matrix,Service B,High,Low,Medium,Closed,Medium,2025-08-12T17:27:34.000000,Tuesday,2025-08-12T21:27:34.000000,2025-08-13T02:27:34.000000,5,4.0,5.0,9.0,0
CHG-0000666,Password policy updated,Data,Hulk,Hulk,Avengers,Service C,Medium,Medium,Low,New,Critical,2025-08-12T17:14:27.000000,Tuesday,,,0,0.0,0.0,0.0,0
CHG-0000667,Service endpoint modified,Access,Jack Sparrow,Jack Sparrow,Matrix,Service E,Medium,Low,High,Closed,High,2025-08-12T13:08:24.000000,Tuesday,2025-08-12T15:08:24.000000,2025-08-14T02:08:24.000000,3,2.0,35.0,37.0,1
CHG-0000668,User profile updated,Complaint,Hulk,Hulk,Avengers,Service C,Medium,Low,High,Closed,Critical,2025-08-12T22:07:51.000000,Tuesday,2025-08-13T02:07:51.000000,2025-08-13T13:07:51.000000,4,4.0,11.0,15.0,1
CHG-0000669,User account updated,Data,Captain America,Captain America,Avengers,Service E,High,Medium,High,Closed,Critical,2025-08-13T21:34:09.000000,Wednesday,2025-08-13T23:34:09.000000,2025-08-14T16:34:09.000000,5,2.0,17.0,19.0,1
CHG-0000670,User password reset,Facilities,Iron Man,Iron Man,Avengers,Service A,High,Medium,Low,Closed,High,2025-08-13T10:36:24.000000,Wednesday,2025-08-13T17:36:24.000000,2025-08-14T19:36:24.000000,0,7.0,26.0,33.0,1
CHG-0000671,Device monitoring enabled,Complaint,Thor,Thor,Avengers,Service E,Low,High,Medium,New,High,2025-08-14T16:57:28.000000,Thursday,,,0,0.0,0.0,0.0,0
CHG-0000672,Device removed from inventory,Failure,Batman,Batman,Matrix,Service C,Medium,Medium,Medium,New,Low,2025-08-14T05:47:59.000000,Thursday,,,5,0.0,0.0,0.0,0
CHG-0000673,Device access restricted,Facilities,Hulk,Hulk,Avengers,Service D,High,Low,Medium,Closed,Critical,2025-08-14T11:11:50.000000,Thursday,2025-08-14T18:11:50.000000,2025-08-15T21:11:50.000000,3,7.0,27.0,34.0,1
CHG-0000674,User profile updated,Facilities,Captain Marvel,Captain Marvel,Avengers II,Service C,Low,Medium,Medium,Closed,Low,2025-08-15T20:13:28.000000,Friday,2025-08-16T02:13:28.000000,2025-08-17T13:13:28.000000,4,6.0,35.0,41.0,0
CHG-0000675,Password policy updated,Complaint,Shang Chi,Shang Chi,Avengers II,Service B,Medium,Medium,High,On Hold,High,2025-08-15T10:12:06.000000,Friday,,,4,0.0,0.0,0.0,0
CHG-0000676,Application access granted,Facilities,Iron Man,Iron Man,Avengers,Service E,High,Low,Low,Closed,Medium,2025-08-15T09:08:42.000000,Friday,2025-08-15T13:08:42.000000,2025-08-17T00:08:42.000000,2,4.0,35.0,39.0,1
CHG-0000677,Alert threshold changed,Access,Neo,Neo,Matrix,Service A,Medium,High,Medium,Closed,Medium,2025-08-16T17:04:38.000000,Saturday,2025-08-16T21:04:38.000000,2025-08-17T16:04:38.000000,4,4.0,19.0,23.0,0
CHG-0000678,Service port changed,Data,Thor,Thor,Avengers,Service A,High,Low,Low,Closed,Medium,2025-08-16T04:15:14.000000,Saturday,2025-08-16T12:15:14.000000,2025-08-16T19:15:14.000000,0,8.0,7.0,15.0,0
CHG-0000679,User password reset,Hardware,Thor,Thor,Avengers,Service D,High,Low,Medium,Closed,Critical,2025-08-16T10:50:08.000000,Saturday,2025-08-16T15:50:08.000000,2025-08-17T01:50:08.000000,1,5.0,10.0,15.0,1
CHG-0000680,User permissions modified,Failure,Neo,Neo,Matrix,Service E,Low,Medium,Medium,Closed,Low,2025-08-16T16:14:29.000000,Saturday,2025-08-16T19:14:29.000000,2025-08-17T01:14:29.000000,0,3.0,6.0,9.0,0
CHG-0000681,Service dependency changed,Data,Iron Man,Iron Man,Avengers,Service E,High,Low,High,Closed,High,2025-08-16T00:27:57.000000,Saturday,2025-08-16T06:27:57.000000,2025-08-16T18:27:57.000000,1,6.0,12.0,18.0,0
CHG-0000682,System cache cleared,Complaint,Captain Marvel,Captain Marvel,Avengers II,Service D,Medium,Medium,Medium,Closed,High,2025-08-17T03:21:49.000000,Sunday,2025-08-17T11:21:49.000000,2025-08-18T17:21:49.000000,1,8.0,30.0,38.0,1
CHG-0000683,Service port changed,Complaint,Jack Sparrow,Jack Sparrow,Matrix,Service E,Medium,Low,Medium,Closed,High,2025-08-17T04:30:06.000000,Sunday,2025-08-17T09:30:06.000000,2025-08-17T19:30:06.000000,0,5.0,10.0,15.0,0
CHG-0000684,Alert threshold changed,Data,Captain Marvel,Captain Marvel,Avengers II,Service C,Low,Low,Medium,Closed,Low,2025-08-17T00:59:41.000000,Sunday,2025-08-17T04:59:41.000000,2025-08-17T19:59:41.000000,5,4.0,15.0,19.0,0
CHG-0000685,Monitoring rules adjusted,Complaint,Doctor Strange,Doctor Strange,Avengers II,Service A,High,Low,High,Closed,Low,2025-08-17T15:38:08.000000,Sunday,2025-08-17T18:38:08.000000,2025-08-18T23:38:08.000000,1,3.0,29.0,32.0,0
CHG-0000686,System cache cleared,Hardware,Jack Sparrow,Jack Sparrow,Matrix,Service B,Medium,High,High,Closed,High,2025-08-18T22:56:13.000000,Monday,2025-08-19T02:56:13.000000,2025-08-20T13:56:13.000000,5,4.0,35.0,39.0,1
CHG-0000687,Resource allocation changed,Network,Jack Sparrow,Jack Sparrow,Matrix,Service B,Low,Low,High,Closed,High,2025-08-18T20:20:10.000000,Monday,2025-08-19T04:20:10.000000,2025-08-20T01:20:10.000000,1,8.0,21.0,29.0,1
CHG-0000688,System resource increased,Complaint,Iron Man,Iron Man,Avengers,Service D,High,Low,Medium,Closed,High,2025-08-18T22:27:10.000000,Monday,2025-08-19T06:27:10.000000,2025-08-20T13:27:10.000000,0,8.0,31.0,39.0,1
CHG-0000689,Application configuration changed,Complaint,Loki,Loki,Avengers,Service E,Medium,High,Low,In Progress,Medium,2025-08-18T17:28:46.000000,Monday,2025-08-19T00:28:46.000000,,5,7.0,0.0,0.0,0
CHG-0000690,Software version upgraded,Complaint,John Cena,John Cena,Matrix,Service C,High,Low,Low,Closed,Medium,2025-08-19T12:59:20.000000,Tuesday,2025-08-19T18:59:20.000000,2025-08-20T22:59:20.000000,1,6.0,28.0,34.0,1
CHG-0000691,Data import completed,Software,Neo,Neo,Matrix,Service B,High,Low,High,Closed,Medium,2025-08-19T11:00:11.000000,Tuesday,2025-08-19T19:00:11.000000,2025-08-19T21:00:11.000000,1,8.0,2.0,10.0,0
CHG-0000692,Device removed from inventory,Data,Captain Marvel,Captain Marvel,Avengers II,Service C,Medium,High,Low,Closed,Critical,2025-08-20T23:36:44.000000,Wednesday,2025-08-21T02:36:44.000000,2025-08-21T15:36:44.000000,4,3.0,13.0,16.0,1
CHG-0000693,Service status checked,Complaint,Shang Chi,Shang Chi,Avengers II,Service A,High,Medium,Medium,Closed,High,2025-08-20T20:50:36.000000,Wednesday,2025-08-21T02:50:36.000000,2025-08-21T16:50:36.000000,5,6.0,14.0,20.0,0
CHG-0000694,User permissions modified,Failure,Loki,Loki,Avengers,Service A,Low,High,Low,Closed,Low,2025-08-20T16:46:16.000000,Wednesday,2025-08-20T21:46:16.000000,2025-08-21T14:46:16.000000,3,5.0,17.0,22.0,0
CHG-0000695,Data export scheduled,Data,Loki,Loki,Avengers,Service E,Medium,Medium,Low,Closed,High,2025-08-21T18:33:00.000000,Thursday,2025-08-22T01:33:00.000000,2025-08-22T18:33:00.000000,3,7.0,17.0,24.0,1
CHG-0000696,User authentication method updated,Software,Neo,Neo,Matrix,Service B,High,High,Low,On Hold,High,2025-08-21T17:10:11.000000,Thursday,,,2,0.0,0.0,0.0,0
CHG-0000697,Configuration setting changed,Failure,Shang Chi,Shang Chi,Avengers II,Service A,Low,Low,High,Closed,Medium,2025-08-22T21:04:02.000000,Friday,2025-08-23T04:04:02.000000,2025-08-23T13:04:02.000000,3,7.0,9.0,16.0,0
CHG-0000698,System update applied,Hardware,Thor,Thor,Avengers,Service D,Low,Medium,Low,Closed,High,2025-08-22T13:56:59.000000,Friday,2025-08-22T16:56:59.000000,2025-08-23T07:56:59.000000,0,3.0,15.0,18.0,0
CHG-0000699,Software version upgraded,Network,John Cena,John Cena,Matrix,Service E,Medium,Low,High,Closed,Medium,2025-08-22T01:19:06.000000,Friday,2025-08-22T07:19:06.000000,2025-08-22T16:19:06.000000,3,6.0,9.0,15.0,0
CHG-0000700,Service dependency changed,Facilities,Captain Marvel,Captain Marvel,Avengers II,Service E,High,Low,Medium,Closed,Medium,2025-08-23T21:40:12.000000,Saturday,2025-08-24T02:40:12.000000,2025-08-25T14:40:12.000000,5,5.0,36.0,41.0,1
CHG-0000701,Service status checked,Hardware,Captain Marvel,Captain Marvel,Avengers II,Service E,Low,Medium,Low,Closed,Medium,2025-08-23T11:58:35.000000,Saturday,2025-08-23T13:58:35.000000,2025-08-24T00:58:35.000000,1,2.0,11.0,13.0,0
CHG-0000702,System cache cleared,Data,Captain Marvel,Captain Marvel,Avengers II,Service A,Low,High,Low,Closed,Low,2025-08-23T22:16:13.000000,Saturday,2025-08-24T00:16:13.000000,2025-08-24T21:16:13.000000,1,2.0,21.0,23.0,0
CHG-0000703,System update applied,Failure,Captain America,Captain America,Avengers,Service B,Medium,High,Medium,Closed,Medium,2025-08-23T19:09:34.000000,Saturday,2025-08-24T02:09:34.000000,2025-08-24T18:09:34.000000,2,7.0,16.0,23.0,0
CHG-0000704,Application license assigned,Complaint,Loki,Loki,Avengers,Service B,Low,High,Medium,Closed,Medium,2025-08-24T09:20:51.000000,Sunday,2025-08-24T12:20:51.000000,2025-08-24T19:20:51.000000,3,3.0,7.0,10.0,0
CHG-0000705,Application shortcut created,Access,Loki,Loki,Avengers,Service D,Medium,High,Medium,Closed,Medium,2025-08-24T10:48:08.000000,Sunday,2025-08-24T12:48:08.000000,2025-08-25T04:48:08.000000,5,2.0,16.0,18.0,0
CHG-0000706,Resource permissions changed,Data,Neo,Neo,Matrix,Service A,High,Medium,Medium,Closed,Medium,2025-08-25T13:39:15.000000,Monday,2025-08-25T21:39:15.000000,2025-08-26T18:39:15.000000,1,8.0,21.0,29.0,0
CHG-0000707,Scheduled task created,Network,Iron Man,Iron Man,Avengers,Service E,Low,High,High,Closed,Medium,2025-08-26T11:30:57.000000,Tuesday,2025-08-26T18:30:57.000000,2025-08-27T15:30:57.000000,0,7.0,21.0,28.0,0
CHG-0000708,System backup restored,Access,Loki,Loki,Avengers,Service E,High,Medium,Low,Closed,Medium,2025-08-26T19:07:54.000000,Tuesday,2025-08-26T23:07:54.000000,2025-08-28T07:07:54.000000,4,4.0,32.0,36.0,1
CHG-0000709,Software version upgraded,Hardware,Captain Marvel,Captain Marvel,Avengers II,Service A,High,Medium,High,On Hold,Medium,2025-08-26T19:48:11.000000,Tuesday,,,0,0.0,0.0,0.0,0
CHG-0000710,Device removed from inventory,Complaint,Captain Marvel,Captain Marvel,Avengers II,Service D,High,Low,High,Closed,Medium,2025-08-27T23:57:58.000000,Wednesday,2025-08-28T04:57:58.000000,2025-08-29T04:57:58.000000,4,5.0,24.0,29.0,0
CHG-0000711,Application deployed,Failure,Batman,Batman,Matrix,Service D,Low,Medium,Low,New,Medium,2025-08-27T02:28:32.000000,Wednesday,,,3,0.0,0.0,0.0,0
CHG-0000712,Service port changed,Software,John Cena,John Cena,Matrix,Service C,Low,Low,Low,Closed,Medium,2025-08-27T02:29:03.000000,Wednesday,2025-08-27T04:29:03.000000,2025-08-28T12:29:03.000000,3,2.0,32.0,34.0,1
CHG-0000713,Service integration updated,Hardware,Thor,Thor,Avengers,Service E,High,Medium,Low,Closed,Low,2025-08-28T16:41:52.000000,Thursday,2025-08-28T21:41:52.000000,2025-08-30T02:41:52.000000,4,5.0,29.0,34.0,0
CHG-0000714,Service restarted,Hardware,Spiderman,Spiderman,Avengers II,Service E,High,High,Low,Closed,Medium,2025-08-28T04:10:34.000000,Thursday,2025-08-28T10:10:34.000000,2025-08-29T17:10:34.000000,1,6.0,31.0,37.0,1
CHG-0000715,Backup schedule updated,Hardware,Iron Man,Iron Man,Avengers,Service A,High,Low,High,Closed,Medium,2025-08-29T09:45:13.000000,Friday,2025-08-29T16:45:13.000000,2025-08-30T09:45:13.000000,4,7.0,17.0,24.0,0
CHG-0000716,Service endpoint modified,Data,Spiderman,Spiderman,Avengers II,Service E,High,High,Medium,Closed,High,2025-08-30T13:46:02.000000,Saturday,2025-08-30T20:46:02.000000,2025-08-31T15:46:02.000000,4,7.0,19.0,26.0,1
CHG-0000717,Application configuration changed,Network,Hulk,Hulk,Avengers,Service E,Low,High,Medium,Closed,Medium,2025-08-30T00:15:36.000000,Saturday,2025-08-30T05:15:36.000000,2025-08-30T10:15:36.000000,5,5.0,5.0,10.0,0
CHG-0000718,Service port changed,Software,Captain Marvel,Captain Marvel,Avengers II,Service C,High,High,High,New,Medium,2025-08-30T03:40:33.000000,Saturday,,,3,0.0,0.0,0.0,0
CHG-0000719,System log settings updated,Failure,John Cena,John Cena,Matrix,Service C,Low,Low,Low,In Progress,Low,2025-08-31T05:47:17.000000,Sunday,2025-08-31T09:47:17.000000,,1,4.0,0.0,0.0,0
CHG-0000720,Alert threshold changed,Hardware,Thor,Thor,Avengers,Service B,High,Low,Medium,Closed,High,2025-08-31T03:23:05.000000,Sunday,2025-08-31T08:23:05.000000,2025-09-01T12:23:05.000000,3,5.0,28.0,33.0,1
CHG-0000721,Database maintenance completed,Software,Captain Marvel,Captain Marvel,Avengers II,Service C,High,Low,Medium,Closed,High,2025-09-01T01:11:09.000000,Monday,2025-09-01T06:11:09.000000,2025-09-02T15:11:09.000000,3,5.0,33.0,38.0,1
CHG-0000722,Application shortcut created,Access,Thor,Thor,Avengers,Service B,High,Medium,Low,Closed,High,2025-09-01T03:41:56.000000,Monday,2025-09-01T08:41:56.000000,2025-09-01T11:41:56.000000,5,5.0,3.0,8.0,0
CHG-0000723,Service port changed,Software,Hulk,Hulk,Avengers,Service E,Low,High,High,Closed,Critical,2025-09-01T02:33:48.000000,Monday,2025-09-01T10:33:48.000000,2025-09-01T19:33:48.000000,5,8.0,9.0,17.0,1
CHG-0000724,Application access granted,Facilities,Iron Man,Iron Man,Avengers,Service B,High,High,Low,On Hold,Medium,2025-09-01T01:46:21.000000,Monday,,,0,0.0,0.0,0.0,0
CHG-0000725,Routine maintenance performed,Access,John Wick,John Wick,Matrix,Service C,Medium,Low,Medium,Closed,High,2025-09-02T15:28:02.000000,Tuesday,2025-09-02T22:28:02.000000,2025-09-03T16:28:02.000000,5,7.0,18.0,25.0,1
CHG-0000726,Application shortcut created,Facilities,Thor,Thor,Avengers,Service C,Medium,Low,Medium,Closed,Medium,2025-09-02T15:22:57.000000,Tuesday,2025-09-02T21:22:57.000000,2025-09-04T05:22:57.000000,1,6.0,32.0,38.0,1
CHG-0000727,Database maintenance completed,Complaint,Loki,Loki,Avengers,Service B,High,Low,Medium,Closed,High,2025-09-02T17:18:39.000000,Tuesday,2025-09-02T20:18:39.000000,2025-09-03T19:18:39.000000,3,3.0,23.0,26.0,1
CHG-0000728,Device configuration updated,Failure,Spiderman,Spiderman,Avengers II,Service D,High,Low,Low,Closed,High,2025-09-02T20:57:47.000000,Tuesday,2025-09-03T03:57:47.000000,2025-09-04T05:57:47.000000,3,7.0,26.0,33.0,1
CHG-0000729,Service endpoint modified,Network,Spiderman,Spiderman,Avengers II,Service B,Low,High,Medium,Closed,Medium,2025-09-02T18:37:11.000000,Tuesday,2025-09-03T02:37:11.000000,2025-09-03T05:37:11.000000,5,8.0,3.0,11.0,0
CHG-0000730,Device removed from inventory,Hardware,Iron Man,Iron Man,Avengers,Service B,Medium,High,High,Closed,Medium,2025-09-03T12:57:40.000000,Wednesday,2025-09-03T15:57:40.000000,2025-09-03T18:57:40.000000,5,3.0,3.0,6.0,0
CHG-0000731,Software version upgraded,Hardware,Iron Man,Iron Man,Avengers,Service E,Medium,High,High,Closed,Medium,2025-09-03T11:23:16.000000,Wednesday,2025-09-03T14:23:16.000000,2025-09-04T20:23:16.000000,0,3.0,30.0,33.0,1
CHG-0000732,Resource allocation changed,Complaint,Hulk,Hulk,Avengers,Service D,Medium,Low,High,Closed,High,2025-09-03T09:44:28.000000,Wednesday,2025-09-03T15:44:28.000000,2025-09-04T03:44:28.000000,5,6.0,12.0,18.0,0
CHG-0000733,Database maintenance completed,Failure,Neo,Neo,Matrix,Service C,Medium,High,High,Closed,High,2025-09-03T16:42:10.000000,Wednesday,2025-09-03T21:42:10.000000,2025-09-04T11:42:10.000000,2,5.0,14.0,19.0,0
CHG-0000734,Monitoring rules adjusted,Complaint,Jack Sparrow,Jack Sparrow,Matrix,Service D,Medium,Low,Low,Closed,Critical,2025-09-04T02:49:03.000000,Thursday,2025-09-04T07:49:03.000000,2025-09-04T10:49:03.000000,3,5.0,3.0,8.0,0
CHG-0000735,Application log reviewed,Complaint,Thor,Thor,Avengers,Service B,High,Medium,Low,In Progress,Critical,2025-09-04T20:00:40.000000,Thursday,2025-09-05T00:00:40.000000,,4,4.0,0.0,0.0,0
CHG-0000736,Resource permissions changed,Hardware,Captain America,Captain America,Avengers,Service B,Low,Low,Low,Closed,High,2025-09-04T22:16:45.000000,Thursday,2025-09-05T04:16:45.000000,2025-09-05T13:16:45.000000,5,6.0,9.0,15.0,0
CHG-0000737,Alert threshold changed,Complaint,Loki,Loki,Avengers,Service D,Medium,Low,Medium,In Progress,High,2025-09-05T12:58:29.000000,Friday,2025-09-05T18:58:29.000000,,4,6.0,0.0,0.0,0
CHG-0000738,Network settings adjusted,Hardware,Thor,Thor,Avengers,Service E,Medium,Low,Medium,Closed,Critical,2025-09-06T03:20:51.000000,Saturday,2025-09-06T10:20:51.000000,2025-09-07T11:20:51.000000,4,7.0,25.0,32.0,1
CHG-0000739,User authentication method updated,Access,Thor,Thor,Avengers,Service D,Low,Low,Medium,Closed,Medium,2025-09-06T11:08:21.000000,Saturday,2025-09-06T17:08:21.000000,2025-09-07T10:08:21.000000,0,6.0,17.0,23.0,0
CHG-0000740,Device monitoring enabled,Facilities,Iron Man,Iron Man,Avengers,Service D,Medium,High,Low,Closed,Medium,2025-09-06T20:04:05.000000,Saturday,2025-09-07T04:04:05.000000,2025-09-08T01:04:05.000000,2,8.0,21.0,29.0,0
CHG-0000741,Monitoring rules adjusted,Software,Iron Man,Iron Man,Avengers,Service B,Medium,Low,High,New,Medium,2025-09-06T18:53:34.000000,Saturday,,,2,0.0,0.0,0.0,0
CHG-0000742,Application shortcut created,Software,Captain America,Captain America,Avengers,Service D,Low,High,Low,Closed,High,2025-09-07T22:36:07.000000,Sunday,2025-09-08T03:36:07.000000,2025-09-08T07:36:07.000000,3,5.0,4.0,9.0,0
CHG-0000743,Alert threshold changed,Network,Doctor Strange,Doctor Strange,Avengers II,Service D,High,Low,Medium,Closed,High,2025-09-07T06:58:27.000000,Sunday,2025-09-07T12:58:27.000000,2025-09-08T03:58:27.000000,4,6.0,15.0,21.0,0
CHG-0000744,Application feature enabled,Network,Neo,Neo,Matrix,Service C,High,High,High,Closed,High,2025-09-08T20:58:41.000000,Monday,2025-09-09T04:58:41.000000,2025-09-10T01:58:41.000000,2,8.0,21.0,29.0,1
CHG-0000745,Service dependency changed,Facilities,Jack Sparrow,Jack Sparrow,Matrix,Service E,Low,Medium,Medium,Closed,Medium,2025-09-09T04:06:30.000000,Tuesday,2025-09-09T10:06:30.000000,2025-09-10T22:06:30.000000,5,6.0,36.0,42.0,1
CHG-0000746,User session reset,Failure,Loki,Loki,Avengers,Service D,Medium,Low,Medium,Closed,Medium,2025-09-09T03:56:19.000000,Tuesday,2025-09-09T11:56:19.000000,2025-09-10T06:56:19.000000,4,8.0,19.0,27.0,0
CHG-0000747,Service restarted,Hardware,Hulk,Hulk,Avengers,Service C,Low,Medium,Low,Closed,Critical,2025-09-10T21:31:03.000000,Wednesday,2025-09-11T02:31:03.000000,2025-09-12T03:31:03.000000,1,5.0,25.0,30.0,1
CHG-0000748,User profile updated,Complaint,John Wick,John Wick,Matrix,Service D,Low,High,Low,New,Low,2025-09-10T22:12:49.000000,Wednesday,,,2,0.0,0.0,0.0,0
CHG-0000749,System resource increased,Failure,Captain Marvel,Captain Marvel,Avengers II,Service E,High,Low,High,Closed,High,2025-09-10T12:09:09.000000,Wednesday,2025-09-10T16:09:09.000000,2025-09-11T06:09:09.000000,1,4.0,14.0,18.0,0
CHG-0000750,Resource permissions changed,Hardware,Loki,Loki,Avengers,Service D,High,Low,High,Closed,Medium,2025-09-10T01:31:57.000000,Wednesday,2025-09-10T07:31:57.000000,2025-09-10T09:31:57.000000,4,6.0,2.0,8.0,0
CHG-0000751,User group membership changed,Software,Spiderman,Spiderman,Avengers II,Service D,High,Low,Low,Closed,Medium,2025-09-10T09:29:16.000000,Wednesday,2025-09-10T15:29:16.000000,2025-09-11T19:29:16.000000,2,6.0,28.0,34.0,1
CHG-0000752,User permissions modified,Network,Captain Marvel,Captain Marvel,Avengers II,Service D,Medium,Medium,Medium,Closed,Medium,2025-09-11T02:02:37.000000,Thursday,2025-09-11T04:02:37.000000,2025-09-11T07:02:37.000000,4,2.0,3.0,5.0,0
CHG-0000753,User permissions modified,Complaint,Shang Chi,Shang Chi,Avengers II,Service E,Medium,Low,Low,Closed,Medium,2025-09-11T04:51:34.000000,Thursday,2025-09-11T12:51:34.000000,2025-09-12T12:51:34.000000,1,8.0,24.0,32.0,0
CHG-0000754,System role assigned,Complaint,Shang Chi,Shang Chi,Avengers II,Service A,Low,Low,Low,Closed,Critical,2025-09-11T00:03:06.000000,Thursday,2025-09-11T06:03:06.000000,2025-09-12T17:03:06.000000,1,6.0,35.0,41.0,1
CHG-0000755,Application license assigned,Access,Iron Man,Iron Man,Avengers,Service C,Low,Low,Low,Closed,Medium,2025-09-12T05:01:09.000000,Friday,2025-09-12T12:01:09.000000,2025-09-13T03:01:09.000000,1,7.0,15.0,22.0,0
CHG-0000756,Resource allocation changed,Data,Thor,Thor,Avengers,Service B,Medium,Medium,High,Closed,Low,2025-09-12T18:40:32.000000,Friday,2025-09-12T22:40:32.000000,2025-09-13T04:40:32.000000,5,4.0,6.0,10.0,0
CHG-0000757,Resource permissions changed,Software,Neo,Neo,Matrix,Service E,Low,Low,Medium,Closed,Medium,2025-09-13T14:46:30.000000,Saturday,2025-09-13T16:46:30.000000,2025-09-14T12:46:30.000000,2,2.0,20.0,22.0,0
CHG-0000758,Application shortcut created,Facilities,Shang Chi,Shang Chi,Avengers II,Service C,Low,Low,High,Closed,High,2025-09-13T13:11:16.000000,Saturday,2025-09-13T16:11:16.000000,2025-09-14T11:11:16.000000,5,3.0,19.0,22.0,1
CHG-0000759,Resource allocation changed,Data,Captain Marvel,Captain Marvel,Avengers II,Service C,Low,Medium,Medium,Closed,High,2025-09-14T11:48:28.000000,Sunday,2025-09-14T13:48:28.000000,2025-09-15T04:48:28.000000,3,2.0,15.0,17.0,0
CHG-0000760,System backup restored,Access,Captain Marvel,Captain Marvel,Avengers II,Service B,Low,High,High,Closed,Critical,2025-09-15T23:44:09.000000,Monday,2025-09-16T07:44:09.000000,2025-09-16T18:44:09.000000,1,8.0,11.0,19.0,1
CHG-0000761,Device access restricted,Access,Doctor Strange,Doctor Strange,Avengers II,Service A,High,Low,Medium,Closed,High,2025-09-15T12:09:22.000000,Monday,2025-09-15T17:09:22.000000,2025-09-16T22:09:22.000000,5,5.0,29.0,34.0,1
CHG-0000762,System update applied,Access,Thor,Thor,Avengers,Service E,Medium,Medium,High,Closed,Medium,2025-09-15T18:19:19.000000,Monday,2025-09-15T20:19:19.000000,2025-09-17T03:19:19.000000,0,2.0,31.0,33.0,1
CHG-0000763,User session reset,Facilities,John Wick,John Wick,Matrix,Service B,Low,Low,High,Closed,Medium,2025-09-16T18:31:08.000000,Tuesday,2025-09-16T22:31:08.000000,2025-09-17T19:31:08.000000,1,4.0,21.0,25.0,0
CHG-0000764,User permissions modified,Network,Neo,Neo,Matrix,Service B,Medium,Medium,Medium,Closed,High,2025-09-17T03:21:20.000000,Wednesday,2025-09-17T08:21:20.000000,2025-09-17T10:21:20.000000,3,5.0,2.0,7.0,0
CHG-0000765,User password reset,Software,Thor,Thor,Avengers,Service A,Medium,High,High,Closed,Low,2025-09-17T15:07:26.000000,Wednesday,2025-09-17T22:07:26.000000,2025-09-18T14:07:26.000000,5,7.0,16.0,23.0,0
CHG-0000766,Device firmware updated,Software,Captain America,Captain America,Avengers,Service C,High,Medium,Low,Closed,High,2025-09-17T13:32:11.000000,Wednesday,2025-09-17T17:32:11.000000,2025-09-18T06:32:11.000000,3,4.0,13.0,17.0,0
CHG-0000767,User profile updated,Network,Captain America,Captain America,Avengers,Service E,High,Medium,Low,Closed,Critical,2025-09-18T18:35:28.000000,Thursday,2025-09-19T02:35:28.000000,2025-09-19T06:35:28.000000,3,8.0,4.0,12.0,0
CHG-0000768,Application deployed,Software,Thor,Thor,Avengers,Service B,High,High,High,New,High,2025-09-18T07:46:10.000000,Thursday,,,1,0.0,0.0,0.0,0
CHG-0000769,Device removed from inventory,Software,Neo,Neo,Matrix,Service B,Low,Low,Low,Closed,Critical,2025-09-18T03:57:44.000000,Thursday,2025-09-18T10:57:44.000000,2025-09-19T07:57:44.000000,3,7.0,21.0,28.0,1
CHG-0000770,Configuration setting changed,Network,Spiderman,Spiderman,Avengers II,Service E,Medium,Low,High,Closed,High,2025-09-18T13:05:02.000000,Thursday,2025-09-18T15:05:02.000000,2025-09-19T21:05:02.000000,0,2.0,30.0,32.0,1
CHG-0000771,Service endpoint modified,Network,Jack Sparrow,Jack Sparrow,Matrix,Service A,High,Low,High,Closed,Low,2025-09-19T08:30:30.000000,Friday,2025-09-19T14:30:30.000000,2025-09-20T08:30:30.000000,2,6.0,18.0,24.0,0
CHG-0000772,Scheduled task created,Access,Loki,Loki,Avengers,Service E,High,Medium,High,Closed,Medium,2025-09-20T17:50:34.000000,Saturday,2025-09-21T01:50:34.000000,2025-09-21T12:50:34.000000,0,8.0,11.0,19.0,0
CHG-0000773,User group membership changed,Data,Iron Man,Iron Man,Avengers,Service C,Low,Medium,Low,Closed,Low,2025-09-20T13:15:39.000000,Saturday,2025-09-20T16:15:39.000000,2025-09-22T01:15:39.000000,4,3.0,33.0,36.0,0
CHG-0000774,Configuration setting changed,Failure,Shang Chi,Shang Chi,Avengers II,Service D,High,Low,High,Closed,Low,2025-09-20T20:59:46.000000,Saturday,2025-09-21T02:59:46.000000,2025-09-21T10:59:46.000000,1,6.0,8.0,14.0,0
CHG-0000775,Network settings adjusted,Software,Iron Man,Iron Man,Avengers,Service A,Low,Low,High,Closed,High,2025-09-20T17:44:27.000000,Saturday,2025-09-20T20:44:27.000000,2025-09-22T03:44:27.000000,3,3.0,31.0,34.0,1
CHG-0000776,Application license assigned,Software,Captain Marvel,Captain Marvel,Avengers II,Service C,High,Medium,Medium,Closed,Medium,2025-09-20T23:25:35.000000,Saturday,2025-09-21T06:25:35.000000,2025-09-22T02:25:35.000000,4,7.0,20.0,27.0,0
CHG-0000777,User account updated,Data,Doctor Strange,Doctor Strange,Avengers II,Service E,Low,High,Low,Closed,High,2025-09-21T07:31:33.000000,Sunday,2025-09-21T13:31:33.000000,2025-09-23T01:31:33.000000,3,6.0,36.0,42.0,1
CHG-0000778,Device firmware updated,Failure,Iron Man,Iron Man,Avengers,Service E,Medium,Low,Low,Closed,High,2025-09-21T19:12:18.000000,Sunday,2025-09-22T03:12:18.000000,2025-09-23T04:12:18.000000,5,8.0,25.0,33.0,1
CHG-0000779,Resource allocation changed,Complaint,Shang Chi,Shang Chi,Avengers II,Service C,High,High,High,Closed,High,2025-09-21T15:25:52.000000,Sunday,2025-09-21T23:25:52.000000,2025-09-22T13:25:52.000000,2,8.0,14.0,22.0,0
CHG-0000780,System notification configured,Access,Loki,Loki,Avengers,Service B,Low,High,High,Closed,High,2025-09-21T16:09:53.000000,Sunday,2025-09-21T18:09:53.000000,2025-09-23T02:09:53.000000,0,2.0,32.0,34.0,1
CHG-0000781,Service restarted,Complaint,Hulk,Hulk,Avengers,Service D,High,High,Medium,Closed,High,2025-09-21T11:41:12.000000,Sunday,2025-09-21T15:41:12.000000,2025-09-21T17:41:12.000000,1,4.0,2.0,6.0,0
CHG-0000782,System cache cleared,Network,Spiderman,Spiderman,Avengers II,Service A,Low,High,Medium,Closed,High,2025-09-22T10:47:17.000000,Monday,2025-09-22T17:47:17.000000,2025-09-23T20:47:17.000000,5,7.0,27.0,34.0,1
CHG-0000783,System update applied,Failure,Iron Man,Iron Man,Avengers,Service E,High,High,Medium,Closed,Medium,2025-09-23T01:01:53.000000,Tuesday,2025-09-23T09:01:53.000000,2025-09-24T06:01:53.000000,4,8.0,21.0,29.0,0
CHG-0000784,Application log reviewed,Failure,Iron Man,Iron Man,Avengers,Service D,High,Medium,High,Closed,Medium,2025-09-23T21:45:40.000000,Tuesday,2025-09-24T00:45:40.000000,2025-09-24T22:45:40.000000,1,3.0,22.0,25.0,0
CHG-0000785,Database maintenance completed,Hardware,John Wick,John Wick,Matrix,Service A,High,Medium,Low,Closed,Medium,2025-09-23T07:49:30.000000,Tuesday,2025-09-23T09:49:30.000000,2025-09-24T00:49:30.000000,0,2.0,15.0,17.0,0
CHG-0000786,Service restarted,Access,Hulk,Hulk,Avengers,Service D,Medium,Medium,Medium,Closed,Medium,2025-09-24T15:59:34.000000,Wednesday,2025-09-24T18:59:34.000000,2025-09-25T09:59:34.000000,0,3.0,15.0,18.0,0
CHG-0000787,Application shortcut created,Access,Shang Chi,Shang Chi,Avengers II,Service E,Low,High,High,Closed,Medium,2025-09-25T01:11:10.000000,Thursday,2025-09-25T09:11:10.000000,2025-09-25T16:11:10.000000,1,8.0,7.0,15.0,0
CHG-0000788,Database maintenance completed,Software,Captain Marvel,Captain Marvel,Avengers II,Service A,High,Medium,High,Closed,Medium,2025-09-25T05:04:36.000000,Thursday,2025-09-25T09:04:36.000000,2025-09-26T00:04:36.000000,4,4.0,15.0,19.0,0
CHG-0000789,System update applied,Network,Hulk,Hulk,Avengers,Service E,High,Medium,Medium,Closed,Low,2025-09-26T21:50:42.000000,Friday,2025-09-27T02:50:42.000000,2025-09-28T13:50:42.000000,1,5.0,35.0,40.0,0
CHG-0000790,Configuration setting changed,Failure,Batman,Batman,Matrix,Service C,Medium,Low,High,Closed,Medium,2025-09-27T14:42:44.000000,Saturday,2025-09-27T19:42:44.000000,2025-09-28T15:42:44.000000,4,5.0,20.0,25.0,0
CHG-0000791,System update applied,Network,Thor,Thor,Avengers,Service A,Low,High,Medium,Closed,Medium,2025-09-27T07:43:18.000000,Saturday,2025-09-27T12:43:18.000000,2025-09-28T16:43:18.000000,2,5.0,28.0,33.0,1
CHG-0000792,Application access granted,Access,John Cena,John Cena,Matrix,Service A,High,High,High,Closed,High,2025-09-27T16:03:41.000000,Saturday,2025-09-27T19:03:41.000000,2025-09-28T10:03:41.000000,1,3.0,15.0,18.0,0
CHG-0000793,System resource increased,Access,Doctor Strange,Doctor Strange,Avengers II,Service C,High,High,Low,Closed,Medium,2025-09-28T12:04:01.000000,Sunday,2025-09-28T17:04:01.000000,2025-09-30T01:04:01.000000,3,5.0,32.0,37.0,1
CHG-0000794,Resource permissions changed,Data,John Cena,John Cena,Matrix,Service C,Low,Low,Medium,Closed,Low,2025-09-29T01:18:44.000000,Monday,2025-09-29T08:18:44.000000,2025-09-30T14:18:44.000000,1,7.0,30.0,37.0,0
CHG-0000795,Scheduled job modified,Failure,Spiderman,Spiderman,Avengers II,Service A,High,Medium,Medium,Closed,High,2025-09-29T16:42:19.000000,Monday,2025-09-29T18:42:19.000000,2025-09-30T21:42:19.000000,5,2.0,27.0,29.0,1
CHG-0000796,System update applied,Complaint,Batman,Batman,Matrix,Service C,High,High,Medium,Closed,Medium,2025-09-30T09:36:25.000000,Tuesday,2025-09-30T14:36:25.000000,2025-10-01T15:36:25.000000,3,5.0,25.0,30.0,1
CHG-0000797,Scheduled task created,Access,Shang Chi,Shang Chi,Avengers II,Service B,High,High,High,Closed,Medium,2025-09-30T23:15:59.000000,Tuesday,2025-10-01T06:15:59.000000,2025-10-02T12:15:59.000000,4,7.0,30.0,37.0,1
CHG-0000798,System cache cleared,Network,Captain America,Captain America,Avengers,Service B,Medium,Low,Low,Closed,Medium,2025-09-30T17:34:13.000000,Tuesday,2025-09-30T21:34:13.000000,2025-10-01T21:34:13.000000,5,4.0,24.0,28.0,0
CHG-0000799,Device access restricted,Complaint,Captain Marvel,Captain Marvel,Avengers II,Service A,Low,Medium,High,Closed,High,2025-10-01T00:21:22.000000,Wednesday,2025-10-01T04:21:22.000000,2025-10-02T07:21:22.000000,0,4.0,27.0,31.0,1
CHG-0000800,User password reset,Failure,Captain America,Captain America,Avengers,Service C,Medium,Low,Medium,Closed,Critical,2025-10-01T19:30:33.000000,Wednesday,2025-10-02T03:30:33.000000,2025-10-02T07:30:33.000000,4,8.0,4.0,12.0,0
CHG-0000801,System backup restored,Software,Loki,Loki,Avengers,Service E,Medium,High,Low,Closed,Medium,2025-10-01T12:02:27.000000,Wednesday,2025-10-01T16:02:27.000000,2025-10-02T01:02:27.000000,3,4.0,9.0,13.0,0
CHG-0000802,Device added to network,Data,Spiderman,Spiderman,Avengers II,Service E,Low,Medium,Medium,Closed,Low,2025-10-01T15:43:46.000000,Wednesday,2025-10-01T23:43:46.000000,2025-10-03T11:43:46.000000,2,8.0,36.0,44.0,0
CHG-0000803,System notification configured,Access,Doctor Strange,Doctor Strange,Avengers II,Service C,High,Medium,High,Closed,Medium,2025-10-01T23:27:58.000000,Wednesday,2025-10-02T05:27:58.000000,2025-10-02T08:27:58.000000,4,6.0,3.0,9.0,0
CHG-0000804,User profile updated,Hardware,Shang Chi,Shang Chi,Avengers II,Service A,Low,Medium,Low,Closed,Low,2025-10-02T05:21:54.000000,Thursday,2025-10-02T12:21:54.000000,2025-10-03T13:21:54.000000,4,7.0,25.0,32.0,0
CHG-0000805,System notification configured,Complaint,Captain America,Captain America,Avengers,Service C,High,High,Low,Closed,Medium,2025-10-02T20:55:55.000000,Thursday,2025-10-03T01:55:55.000000,2025-10-03T20:55:55.000000,1,5.0,19.0,24.0,0
CHG-0000806,System cache cleared,Complaint,Hulk,Hulk,Avengers,Service A,Medium,Low,Medium,Closed,Low,2025-10-02T01:21:46.000000,Thursday,2025-10-02T03:21:46.000000,2025-10-02T23:21:46.000000,2,2.0,20.0,22.0,0
CHG-0000807,User permissions modified,Hardware,Doctor Strange,Doctor Strange,Avengers II,Service D,Medium,Medium,High,Closed,High,2025-10-02T01:52:02.000000,Thursday,2025-10-02T05:52:02.000000,2025-10-02T08:52:02.000000,4,4.0,3.0,7.0,0
CHG-0000808,Service restarted,Data,Iron Man,Iron Man,Avengers,Service B,Low,Medium,Low,Closed,Medium,2025-10-02T13:03:21.000000,Thursday,2025-10-02T16:03:21.000000,2025-10-03T14:03:21.000000,1,3.0,22.0,25.0,0
CHG-0000809,Security settings updated,Network,Captain America,Captain America,Avengers,Service B,High,Low,Medium,Closed,Low,2025-10-03T20:10:23.000000,Friday,2025-10-04T01:10:23.000000,2025-10-05T11:10:23.000000,0,5.0,34.0,39.0,0
CHG-0000810,Network settings adjusted,Access,Hulk,Hulk,Avengers,Service D,Medium,Low,High,Closed,Medium,2025-10-03T06:25:56.000000,Friday,2025-10-03T08:25:56.000000,2025-10-04T07:25:56.000000,1,2.0,23.0,25.0,0
CHG-0000811,System cache cleared,Network,John Wick,John Wick,Matrix,Service B,Medium,High,Medium,Closed,Critical,2025-10-03T05:41:23.000000,Friday,2025-10-03T07:41:23.000000,2025-10-04T12:41:23.000000,1,2.0,29.0,31.0,1
CHG-0000812,Data import completed,Access,Captain America,Captain America,Avengers,Service D,Low,High,Low,Closed,High,2025-10-03T10:36:02.000000,Friday,2025-10-03T13:36:02.000000,2025-10-03T19:36:02.000000,1,3.0,6.0,9.0,0
CHG-0000813,Device added to network,Failure,Spiderman,Spiderman,Avengers II,Service B,High,Low,Low,Closed,Medium,2025-10-03T07:16:26.000000,Friday,2025-10-03T15:16:26.000000,2025-10-04T14:16:26.000000,3,8.0,23.0,31.0,0
CHG-0000814,User permissions modified,Failure,Jack Sparrow,Jack Sparrow,Matrix,Service C,High,Medium,Medium,Closed,High,2025-10-04T04:41:39.000000,Saturday,2025-10-04T07:41:39.000000,2025-10-04T16:41:39.000000,2,3.0,9.0,12.0,0
CHG-0000815,Routine maintenance performed,Hardware,Iron Man,Iron Man,Avengers,Service C,High,High,Low,Closed,Medium,2025-10-04T17:03:51.000000,Saturday,2025-10-05T00:03:51.000000,2025-10-05T22:03:51.000000,4,7.0,22.0,29.0,0
CHG-0000816,Application shortcut created,Complaint,Shang Chi,Shang Chi,Avengers II,Service B,Medium,Low,Low,Closed,Low,2025-10-04T13:47:39.000000,Saturday,2025-10-04T20:47:39.000000,2025-10-05T09:47:39.000000,3,7.0,13.0,20.0,0
CHG-0000817,Password policy updated,Complaint,Loki,Loki,Avengers,Service C,High,Medium,High,Closed,Medium,2025-10-04T13:48:09.000000,Saturday,2025-10-04T16:48:09.000000,2025-10-04T22:48:09.000000,5,3.0,6.0,9.0,0
CHG-0000818,Alert threshold changed,Access,Captain Marvel,Captain Marvel,Avengers II,Service D,Medium,Low,Low,Closed,Medium,2025-10-05T05:16:32.000000,Sunday,2025-10-05T09:16:32.000000,2025-10-06T20:16:32.000000,2,4.0,35.0,39.0,1
CHG-0000819,Service port changed,Complaint,Doctor Strange,Doctor Strange,Avengers II,Service D,High,High,Medium,Closed,Medium,2025-10-06T08:10:36.000000,Monday,2025-10-06T16:10:36.000000,2025-10-08T01:10:36.000000,1,8.0,33.0,41.0,1
CHG-0000820,Service status checked,Facilities,Shang Chi,Shang Chi,Avengers II,Service B,High,Low,Medium,New,High,2025-10-07T02:18:25.000000,Tuesday,,,1,0.0,0.0,0.0,0
CHG-0000821,Data export scheduled,Failure,Hulk,Hulk,Avengers,Service D,Low,Medium,Medium,On Hold,Medium,2025-10-08T00:45:54.000000,Wednesday,,,2,0.0,0.0,0.0,0
CHG-0000822,Device monitoring enabled,Access,Jack Sparrow,Jack Sparrow,Matrix,Service D,Low,Medium,Medium,Closed,Low,2025-10-09T18:19:30.000000,Thursday,2025-10-09T23:19:30.000000,2025-10-10T19:19:30.000000,1,5.0,20.0,25.0,0
CHG-0000823,User password reset,Data,Spiderman,Spiderman,Avengers II,Service C,Medium,Low,Low,Closed,Medium,2025-10-09T01:26:01.000000,Thursday,2025-10-09T06:26:01.000000,2025-10-09T19:26:01.000000,4,5.0,13.0,18.0,0
CHG-0000824,System backup restored,Hardware,Captain America,Captain America,Avengers,Service A,Low,Medium,Low,New,Medium,2025-10-09T18:11:20.000000,Thursday,,,4,0.0,0.0,0.0,0
CHG-0000825,Application deployed,Facilities,Iron Man,Iron Man,Avengers,Service B,Medium,Medium,Medium,Closed,High,2025-10-10T10:27:21.000000,Friday,2025-10-10T13:27:21.000000,2025-10-11T05:27:21.000000,4,3.0,16.0,19.0,0
CHG-0000826,Service port changed,Facilities,John Cena,John Cena,Matrix,Service B,High,High,Medium,In Progress,Medium,2025-10-10T11:56:27.000000,Friday,2025-10-10T14:56:27.000000,,0,3.0,0.0,0.0,0
CHG-0000827,Database maintenance completed,Failure,Iron Man,Iron Man,Avengers,Service B,High,High,Medium,Closed,Medium,2025-10-11T05:08:23.000000,Saturday,2025-10-11T12:08:23.000000,2025-10-12T04:08:23.000000,1,7.0,16.0,23.0,0
CHG-0000828,Data export scheduled,Complaint,Neo,Neo,Matrix,Service C,Low,Low,Low,Closed,High,2025-10-11T05:22:21.000000,Saturday,2025-10-11T09:22:21.000000,2025-10-12T03:22:21.000000,3,4.0,18.0,22.0,1
CHG-0000829,System backup restored,Access,Shang Chi,Shang Chi,Avengers II,Service D,High,High,High,Closed,Medium,2025-10-11T03:33:16.000000,Saturday,2025-10-11T07:33:16.000000,2025-10-12T05:33:16.000000,5,4.0,22.0,26.0,0
CHG-0000830,Application feature enabled,Data,Spiderman,Spiderman,Avengers II,Service A,Medium,High,Medium,New,High,2025-10-12T06:53:27.000000,Sunday,,,4,0.0,0.0,0.0,0
CHG-0000831,Device added to network,Complaint,Iron Man,Iron Man,Avengers,Service A,Medium,Low,Medium,Closed,Medium,2025-10-13T00:56:54.000000,Monday,2025-10-13T03:56:54.000000,2025-10-13T13:56:54.000000,1,3.0,10.0,13.0,0
CHG-0000832,Application shortcut created,Data,John Cena,John Cena,Matrix,Service A,High,High,High,Closed,High,2025-10-13T14:58:39.000000,Monday,2025-10-13T18:58:39.000000,2025-10-15T03:58:39.000000,5,4.0,33.0,37.0,1
CHG-0000833,Service endpoint modified,Network,Shang Chi,Shang Chi,Avengers II,Service B,High,High,High,Closed,Medium,2025-10-13T02:43:19.000000,Monday,2025-10-13T10:43:19.000000,2025-10-13T20:43:19.000000,2,8.0,10.0,18.0,0
CHG-0000834,Application license assigned,Facilities,John Cena,John Cena,Matrix,Service E,High,Low,High,Closed,High,2025-10-14T12:43:32.000000,Tuesday,2025-10-14T18:43:32.000000,2025-10-15T12:43:32.000000,2,6.0,18.0,24.0,1
CHG-0000835,Application access granted,Failure,John Wick,John Wick,Matrix,Service E,Low,Low,Low,Closed,High,2025-10-14T22:31:00.000000,Tuesday,2025-10-15T02:31:00.000000,2025-10-15T14:31:00.000000,0,4.0,12.0,16.0,0
CHG-0000836,Device access restricted,Software,Iron Man,Iron Man,Avengers,Service C,Medium,High,Medium,On Hold,Medium,2025-10-15T02:24:34.000000,Wednesday,,,2,0.0,0.0,0.0,0
CHG-0000837,Application access granted,Access,Batman,Batman,Matrix,Service E,High,Medium,Medium,Closed,Medium,2025-10-15T15:37:14.000000,Wednesday,2025-10-15T17:37:14.000000,2025-10-16T09:37:14.000000,1,2.0,16.0,18.0,0
CHG-0000838,Password policy updated,Data,Spiderman,Spiderman,Avengers II,Service E,Low,Low,Low,Closed,High,2025-10-15T17:43:56.000000,Wednesday,2025-10-15T20:43:56.000000,2025-10-16T10:43:56.000000,4,3.0,14.0,17.0,0
CHG-0000839,Service dependency changed,Access,Thor,Thor,Avengers,Service B,Low,High,Medium,Closed,Medium,2025-10-15T17:44:30.000000,Wednesday,2025-10-15T19:44:30.000000,2025-10-16T15:44:30.000000,3,2.0,20.0,22.0,0
CHG-0000840,User group membership changed,Facilities,Shang Chi,Shang Chi,Avengers II,Service C,High,Low,High,Closed,Critical,2025-10-16T10:23:32.000000,Thursday,2025-10-16T18:23:32.000000,2025-10-18T03:23:32.000000,2,8.0,33.0,41.0,1
CHG-0000841,Application feature enabled,Software,Hulk,Hulk,Avengers,Service B,Low,Medium,Low,Closed,High,2025-10-16T03:57:58.000000,Thursday,2025-10-16T05:57:58.000000,2025-10-16T23:57:58.000000,2,2.0,18.0,20.0,1
CHG-0000842,System resource increased,Complaint,Loki,Loki,Avengers,Service A,Low,Medium,Medium,In Progress,Critical,2025-10-17T00:18:43.000000,Friday,2025-10-17T04:18:43.000000,,2,4.0,0.0,0.0,0
CHG-0000843,Application log reviewed,Access,Hulk,Hulk,Avengers,Service E,Low,Low,Low,Closed,Medium,2025-10-18T18:30:25.000000,Saturday,2025-10-19T00:30:25.000000,2025-10-19T04:30:25.000000,4,6.0,4.0,10.0,0
CHG-0000844,Device firmware updated,Data,Hulk,Hulk,Avengers,Service C,High,Medium,High,Closed,Low,2025-10-18T20:22:24.000000,Saturday,2025-10-19T00:22:24.000000,2025-10-20T06:22:24.000000,4,4.0,30.0,34.0,0
CHG-0000845,Service status checked,Failure,Spiderman,Spiderman,Avengers II,Service E,High,High,High,Closed,Low,2025-10-18T10:29:12.000000,Saturday,2025-10-18T18:29:12.000000,2025-10-19T19:29:12.000000,3,8.0,25.0,33.0,0
CHG-0000846,Device configuration updated,Software,John Wick,John Wick,Matrix,Service D,Low,Low,Medium,Closed,Medium,2025-10-19T03:37:48.000000,Sunday,2025-10-19T11:37:48.000000,2025-10-19T14:37:48.000000,3,8.0,3.0,11.0,0
CHG-0000847,Application feature enabled,Software,Captain Marvel,Captain Marvel,Avengers II,Service B,Medium,Low,High,On Hold,High,2025-10-19T03:46:30.000000,Sunday,,,4,0.0,0.0,0.0,0
CHG-0000848,System update applied,Data,Captain America,Captain America,Avengers,Service A,High,Medium,High,Closed,Critical,2025-10-19T17:01:50.000000,Sunday,2025-10-20T00:01:50.000000,2025-10-20T21:01:50.000000,5,7.0,21.0,28.0,1
CHG-0000849,Network settings adjusted,Data,Spiderman,Spiderman,Avengers II,Service E,High,High,Low,Closed,Medium,2025-10-19T14:55:31.000000,Sunday,2025-10-19T20:55:31.000000,2025-10-20T20:55:31.000000,1,6.0,24.0,30.0,0
CHG-0000850,Device firmware updated,Data,Loki,Loki,Avengers,Service E,High,Medium,Low,Closed,Medium,2025-10-20T04:54:44.000000,Monday,2025-10-20T12:54:44.000000,2025-10-21T18:54:44.000000,2,8.0,30.0,38.0,1
CHG-0000851,Application configuration changed,Facilities,Thor,Thor,Avengers,Service A,Low,Medium,High,Closed,Medium,2025-10-20T06:56:33.000000,Monday,2025-10-20T11:56:33.000000,2025-10-21T13:56:33.000000,1,5.0,26.0,31.0,1
CHG-0000852,Configuration setting changed,Software,Captain America,Captain America,Avengers,Service E,Low,High,High,New,Low,2025-10-20T06:47:22.000000,Monday,,,0,0.0,0.0,0.0,0
CHG-0000853,Data export scheduled,Access,Spiderman,Spiderman,Avengers II,Service D,Medium,Low,High,Closed,Medium,2025-10-20T06:27:46.000000,Monday,2025-10-20T12:27:46.000000,2025-10-21T17:27:46.000000,3,6.0,29.0,35.0,1
CHG-0000854,User profile updated,Access,Doctor Strange,Doctor Strange,Avengers II,Service D,Low,High,High,Closed,High,2025-10-21T19:25:06.000000,Tuesday,2025-10-22T02:25:06.000000,2025-10-22T06:25:06.000000,1,7.0,4.0,11.0,0
CHG-0000855,Application deployed,Facilities,Shang Chi,Shang Chi,Avengers II,Service B,Medium,High,Medium,Closed,Critical,2025-10-21T05:57:15.000000,Tuesday,2025-10-21T11:57:15.000000,2025-10-22T12:57:15.000000,4,6.0,25.0,31.0,1
CHG-0000856,Service restarted,Failure,John Cena,John Cena,Matrix,Service A,High,Medium,Low,Closed,Medium,2025-10-21T13:58:06.000000,Tuesday,2025-10-21T20:58:06.000000,2025-10-22T06:58:06.000000,0,7.0,10.0,17.0,0
CHG-0000857,Application shortcut created,Failure,Spiderman,Spiderman,Avengers II,Service A,Low,Medium,Low,Closed,Medium,2025-10-21T09:50:14.000000,Tuesday,2025-10-21T17:50:14.000000,2025-10-22T09:50:14.000000,4,8.0,16.0,24.0,0
CHG-0000858,Resource permissions changed,Facilities,Captain Marvel,Captain Marvel,Avengers II,Service C,Low,Medium,Medium,Closed,High,2025-10-22T12:43:35.000000,Wednesday,2025-10-22T19:43:35.000000,2025-10-23T05:43:35.000000,1,7.0,10.0,17.0,0
CHG-0000859,Application access granted,Hardware,Spiderman,Spiderman,Avengers II,Service E,Medium,Medium,Medium,Closed,Medium,2025-10-22T08:03:43.000000,Wednesday,2025-10-22T10:03:43.000000,2025-10-23T10:03:43.000000,1,2.0,24.0,26.0,0
CHG-0000860,Device added to network,Data,Iron Man,Iron Man,Avengers,Service A,Low,Low,High,Closed,Medium,2025-10-23T17:32:51.000000,Thursday,2025-10-24T01:32:51.000000,2025-10-25T10:32:51.000000,3,8.0,33.0,41.0,1
CHG-0000861,Software version upgraded,Data,Doctor Strange,Doctor Strange,Avengers II,Service A,Medium,High,Low,Closed,Medium,2025-10-23T18:23:20.000000,Thursday,2025-10-24T02:23:20.000000,2025-10-24T19:23:20.000000,5,8.0,17.0,25.0,0
CHG-0000862,Service dependency changed,Software,John Wick,John Wick,Matrix,Service D,High,Low,Medium,Closed,High,2025-10-23T09:26:59.000000,Thursday,2025-10-23T17:26:59.000000,2025-10-24T12:26:59.000000,4,8.0,19.0,27.0,1
CHG-0000863,Software version upgraded,Access,Loki,Loki,Avengers,Service E,High,High,Medium,Closed,Critical,2025-10-23T21:10:00.000000,Thursday,2025-10-24T00:10:00.000000,2025-10-24T03:10:00.000000,0,3.0,3.0,6.0,0
CHG-0000864,Database maintenance completed,Facilities,Iron Man,Iron Man,Avengers,Service B,High,Low,Low,Closed,High,2025-10-24T12:31:32.000000,Friday,2025-10-24T20:31:32.000000,2025-10-25T21:31:32.000000,0,8.0,25.0,33.0,1
CHG-0000865,Device firmware updated,Network,Spiderman,Spiderman,Avengers II,Service E,Low,Low,Low,Closed,Low,2025-10-24T18:30:12.000000,Friday,2025-10-24T20:30:12.000000,2025-10-25T02:30:12.000000,2,2.0,6.0,8.0,0
CHG-0000866,Service status checked,Software,Iron Man,Iron Man,Avengers,Service E,High,Low,Low,Closed,High,2025-10-24T23:05:15.000000,Friday,2025-10-25T06:05:15.000000,2025-10-25T15:05:15.000000,5,7.0,9.0,16.0,0
CHG-0000867,System cache cleared,Hardware,Neo,Neo,Matrix,Service D,High,High,High,Closed,Critical,2025-10-24T07:45:22.000000,Friday,2025-10-24T14:45:22.000000,2025-10-25T13:45:22.000000,4,7.0,23.0,30.0,1
CHG-0000868,Service endpoint modified,Network,Loki,Loki,Avengers,Service B,Medium,Low,High,Closed,Medium,2025-10-25T05:49:14.000000,Saturday,2025-10-25T11:49:14.000000,2025-10-26T19:49:14.000000,2,6.0,32.0,38.0,1
CHG-0000869,Device firmware updated,Facilities,Loki,Loki,Avengers,Service A,Low,High,High,On Hold,Medium,2025-10-25T08:55:19.000000,Saturday,,,1,0.0,0.0,0.0,0
CHG-0000870,Service restarted,Network,Loki,Loki,Avengers,Service E,Low,Medium,Low,Closed,High,2025-10-25T10:25:36.000000,Saturday,2025-10-25T15:25:36.000000,2025-10-25T19:25:36.000000,5,5.0,4.0,9.0,0
CHG-0000871,Application deployed,Facilities,Loki,Loki,Avengers,Service D,High,Medium,High,Closed,Low,2025-10-25T05:27:05.000000,Saturday,2025-10-25T07:27:05.000000,2025-10-25T11:27:05.000000,1,2.0,4.0,6.0,0
CHG-0000872,Application license assigned,Complaint,Shang Chi,Shang Chi,Avengers II,Service E,High,High,High,Closed,High,2025-10-26T06:03:35.000000,Sunday,2025-10-26T10:03:35.000000,2025-10-27T18:03:35.000000,0,4.0,32.0,36.0,1
CHG-0000873,Service integration updated,Facilities,Thor,Thor,Avengers,Service C,Low,Medium,Low,Closed,Low,2025-10-26T19:57:34.000000,Sunday,2025-10-27T03:57:34.000000,2025-10-28T09:57:34.000000,4,8.0,30.0,38.0,0
CHG-0000874,User authentication method updated,Access,Iron Man,Iron Man,Avengers,Service E,Low,High,Low,In Progress,Low,2025-10-26T03:47:40.000000,Sunday,2025-10-26T08:47:40.000000,,4,5.0,0.0,0.0,0
CHG-0000875,Alert threshold changed,Complaint,Hulk,Hulk,Avengers,Service C,High,Medium,Medium,Closed,Medium,2025-10-26T17:50:15.000000,Sunday,2025-10-27T00:50:15.000000,2025-10-27T03:50:15.000000,5,7.0,3.0,10.0,0
CHG-0000876,Configuration setting changed,Software,Captain America,Captain America,Avengers,Service A,High,High,Low,Closed,High,2025-10-26T10:51:04.000000,Sunday,2025-10-26T12:51:04.000000,2025-10-27T06:51:04.000000,3,2.0,18.0,20.0,1
CHG-0000877,Security settings updated,Facilities,Doctor Strange,Doctor Strange,Avengers II,Service B,Medium,High,High,In Progress,Medium,2025-10-27T20:27:48.000000,Monday,2025-10-28T04:27:48.000000,,4,8.0,0.0,0.0,0
CHG-0000878,Device removed from inventory,Software,Captain America,Captain America,Avengers,Service B,Medium,Medium,Medium,Closed,Medium,2025-10-27T09:43:09.000000,Monday,2025-10-27T11:43:09.000000,2025-10-28T05:43:09.000000,5,2.0,18.0,20.0,0
CHG-0000879,Application deployed,Failure,Hulk,Hulk,Avengers,Service D,High,Medium,Medium,Closed,High,2025-10-27T17:28:15.000000,Monday,2025-10-27T23:28:15.000000,2025-10-28T19:28:15.000000,5,6.0,20.0,26.0,1
CHG-0000880,Password policy updated,Hardware,Iron Man,Iron Man,Avengers,Service C,Low,Medium,Medium,Closed,High,2025-10-27T17:14:59.000000,Monday,2025-10-27T20:14:59.000000,2025-10-28T10:14:59.000000,4,3.0,14.0,17.0,0
CHG-0000881,Scheduled task created,Software,Batman,Batman,Matrix,Service C,Low,Medium,Low,Closed,Medium,2025-10-28T23:09:05.000000,Tuesday,2025-10-29T05:09:05.000000,2025-10-30T17:09:05.000000,0,6.0,36.0,42.0,1
CHG-0000882,Application access granted,Hardware,Doctor Strange,Doctor Strange,Avengers II,Service A,High,Low,High,In Progress,Medium,2025-10-29T08:37:17.000000,Wednesday,2025-10-29T15:37:17.000000,,1,7.0,0.0,0.0,0
CHG-0000883,Device monitoring enabled,Complaint,Loki,Loki,Avengers,Service A,High,High,Medium,Closed,Medium,2025-10-29T07:16:48.000000,Wednesday,2025-10-29T10:16:48.000000,2025-10-30T12:16:48.000000,1,3.0,26.0,29.0,1
CHG-0000884,Application configuration changed,Network,Hulk,Hulk,Avengers,Service C,Low,Low,Low,Closed,Medium,2025-10-29T13:26:18.000000,Wednesday,2025-10-29T16:26:18.000000,2025-10-30T11:26:18.000000,3,3.0,19.0,22.0,0
CHG-0000885,User authentication method updated,Software,Iron Man,Iron Man,Avengers,Service B,High,High,Low,Closed,Medium,2025-10-29T15:00:29.000000,Wednesday,2025-10-29T18:00:29.000000,2025-10-30T05:00:29.000000,0,3.0,11.0,14.0,0
CHG-0000886,Network settings adjusted,Complaint,Iron Man,Iron Man,Avengers,Service A,Medium,Medium,High,Closed,Low,2025-10-30T21:09:45.000000,Thursday,2025-10-31T04:09:45.000000,2025-10-31T09:09:45.000000,5,7.0,5.0,12.0,0
CHG-0000887,Access policy reviewed,Data,Hulk,Hulk,Avengers,Service D,High,Medium,Medium,On Hold,Critical,2025-10-30T10:03:35.000000,Thursday,,,3,0.0,0.0,0.0,0
CHG-0000888,Configuration setting changed,Hardware,Iron Man,Iron Man,Avengers,Service C,Low,High,Low,Closed,Medium,2025-10-30T06:57:27.000000,Thursday,2025-10-30T09:57:27.000000,2025-10-31T04:57:27.000000,4,3.0,19.0,22.0,0
CHG-0000889,User password reset,Software,Spiderman,Spiderman,Avengers II,Service E,High,High,Low,Closed,Low,2025-10-31T20:29:20.000000,Friday,2025-11-01T00:29:20.000000,2025-11-01T10:29:20.000000,1,4.0,10.0,14.0,0
CHG-0000890,User profile updated,Data,Jack Sparrow,Jack Sparrow,Matrix,Service D,Low,Medium,High,Closed,High,2025-10-31T10:03:22.000000,Friday,2025-10-31T15:03:22.000000,2025-11-01T18:03:22.000000,1,5.0,27.0,32.0,1
CHG-0000891,Backup schedule updated,Access,Batman,Batman,Matrix,Service C,High,Low,Low,Closed,High,2025-10-31T15:19:07.000000,Friday,2025-10-31T19:19:07.000000,2025-11-01T01:19:07.000000,1,4.0,6.0,10.0,0
CHG-0000892,Application license assigned,Software,Captain Marvel,Captain Marvel,Avengers II,Service C,Low,High,Medium,Closed,Critical,2025-10-31T10:21:41.000000,Friday,2025-10-31T16:21:41.000000,2025-11-02T00:21:41.000000,3,6.0,32.0,38.0,1
CHG-0000893,Resource permissions changed,Hardware,Spiderman,Spiderman,Avengers II,Service E,Medium,Low,Low,Closed,Medium,2025-10-31T13:54:55.000000,Friday,2025-10-31T17:54:55.000000,2025-11-01T05:54:55.000000,0,4.0,12.0,16.0,0
CHG-0000894,Database maintenance completed,Network,Neo,Neo,Matrix,Service B,Low,Medium,High,Closed,Medium,2025-11-01T06:12:58.000000,Saturday,2025-11-01T13:12:58.000000,2025-11-02T11:12:58.000000,5,7.0,22.0,29.0,0
CHG-0000895,User group membership changed,Facilities,Iron Man,Iron Man,Avengers,Service D,Low,Low,Low,New,Low,2025-11-01T03:49:13.000000,Saturday,,,1,0.0,0.0,0.0,0
CHG-0000896,System role assigned,Software,John Wick,John Wick,Matrix,Service B,Low,Low,High,Closed,Critical,2025-11-01T21:58:27.000000,Saturday,2025-11-01T23:58:27.000000,2025-11-02T04:58:27.000000,2,2.0,5.0,7.0,1
CHG-0000897,Network settings adjusted,Hardware,Shang Chi,Shang Chi,Avengers II,Service E,Medium,Medium,Medium,Closed,Medium,2025-11-02T20:49:57.000000,Sunday,2025-11-03T00:49:57.000000,2025-11-03T19:49:57.000000,1,4.0,19.0,23.0,0
CHG-0000898,Service endpoint modified,Network,Spiderman,Spiderman,Avengers II,Service E,Low,Low,Low,Closed,Medium,2025-11-03T22:21:33.000000,Monday,2025-11-04T01:21:33.000000,2025-11-05T01:21:33.000000,0,3.0,24.0,27.0,0
CHG-0000899,Application feature enabled,Network,Shang Chi,Shang Chi,Avengers II,Service E,Low,High,Low,Closed,Medium,2025-11-03T04:34:37.000000,Monday,2025-11-03T07:34:37.000000,2025-11-03T11:34:37.000000,4,3.0,4.0,7.0,0
CHG-0000900,Service dependency changed,Facilities,Doctor Strange,Doctor Strange,Avengers II,Service A,Low,Low,Low,Closed,High,2025-11-03T23:43:20.000000,Monday,2025-11-04T07:43:20.000000,2025-11-05T18:43:20.000000,3,8.0,35.0,43.0,1
CHG-0000901,Service restarted,Failure,Thor,Thor,Avengers,Service B,Medium,High,Low,Closed,Medium,2025-11-03T02:12:43.000000,Monday,2025-11-03T07:12:43.000000,2025-11-03T09:12:43.000000,2,5.0,2.0,7.0,0
CHG-0000902,Device removed from inventory,Complaint,Thor,Thor,Avengers,Service E,Low,High,Low,Closed,Medium,2025-11-03T08:46:31.000000,Monday,2025-11-03T13:46:31.000000,2025-11-04T01:46:31.000000,1,5.0,12.0,17.0,0
CHG-0000903,Service dependency changed,Hardware,Thor,Thor,Avengers,Service B,Medium,High,Medium,Closed,Critical,2025-11-04T12:07:31.000000,Tuesday,2025-11-04T15:07:31.000000,2025-11-06T02:07:31.000000,5,3.0,35.0,38.0,1
CHG-0000904,Network route adjusted,Access,Captain Marvel,Captain Marvel,Avengers II,Service A,Medium,Low,Low,Closed,High,2025-11-05T00:26:37.000000,Wednesday,2025-11-05T07:26:37.000000,2025-11-06T16:26:37.000000,5,7.0,33.0,40.0,1
CHG-0000905,Device monitoring enabled,Complaint,John Cena,John Cena,Matrix,Service B,High,Medium,Low,On Hold,Medium,2025-11-05T06:21:13.000000,Wednesday,,,4,0.0,0.0,0.0,0
CHG-0000906,Network settings adjusted,Complaint,Jack Sparrow,Jack Sparrow,Matrix,Service C,High,High,High,Closed,Critical,2025-11-05T02:14:17.000000,Wednesday,2025-11-05T04:14:17.000000,2025-11-05T20:14:17.000000,1,2.0,16.0,18.0,1
CHG-0000907,Service integration updated,Network,Iron Man,Iron Man,Avengers,Service B,Medium,Medium,Low,Closed,High,2025-11-06T06:05:22.000000,Thursday,2025-11-06T14:05:22.000000,2025-11-07T22:05:22.000000,0,8.0,32.0,40.0,1
CHG-0000908,Application shortcut created,Facilities,Shang Chi,Shang Chi,Avengers II,Service E,High,Medium,High,New,Medium,2025-11-06T15:23:34.000000,Thursday,,,0,0.0,0.0,0.0,0
CHG-0000909,Data import completed,Access,John Cena,John Cena,Matrix,Service A,Low,High,High,Closed,High,2025-11-06T20:24:09.000000,Thursday,2025-11-07T03:24:09.000000,2025-11-07T18:24:09.000000,5,7.0,15.0,22.0,0
CHG-0000910,Data import completed,Failure,Shang Chi,Shang Chi,Avengers II,Service B,High,Medium,Low,On Hold,High,2025-11-06T12:11:15.000000,Thursday,,,2,0.0,0.0,0.0,0
CHG-0000911,Device monitoring enabled,Data,Captain Marvel,Captain Marvel,Avengers II,Service E,High,Medium,Medium,Closed,Low,2025-11-07T19:55:08.000000,Friday,2025-11-08T01:55:08.000000,2025-11-09T10:55:08.000000,2,6.0,33.0,39.0,0
CHG-0000912,User authentication method updated,Data,Spiderman,Spiderman,Avengers II,Service C,High,High,Medium,Closed,Medium,2025-11-07T23:20:44.000000,Friday,2025-11-08T05:20:44.000000,2025-11-08T19:20:44.000000,4,6.0,14.0,20.0,0
CHG-0000913,Data retention policy updated,Software,John Cena,John Cena,Matrix,Service C,High,Medium,High,Closed,Critical,2025-11-07T06:32:38.000000,Friday,2025-11-07T11:32:38.000000,2025-11-07T22:32:38.000000,5,5.0,11.0,16.0,1
CHG-0000914,User permissions modified,Data,Loki,Loki,Avengers,Service D,High,High,High,Closed,Medium,2025-11-08T04:53:38.000000,Saturday,2025-11-08T11:53:38.000000,2025-11-09T20:53:38.000000,0,7.0,33.0,40.0,1
CHG-0000915,Configuration setting changed,Failure,Batman,Batman,Matrix,Service A,Medium,High,High,Closed,High,2025-11-09T16:50:31.000000,Sunday,2025-11-09T22:50:31.000000,2025-11-10T19:50:31.000000,5,6.0,21.0,27.0,1
CHG-0000916,System log settings updated,Software,Captain Marvel,Captain Marvel,Avengers II,Service B,Medium,High,Low,New,Medium,2025-11-09T00:23:56.000000,Sunday,,,4,0.0,0.0,0.0,0
CHG-0000917,Access policy reviewed,Complaint,Shang Chi,Shang Chi,Avengers II,Service D,High,High,Medium,In Progress,High,2025-11-09T20:27:23.000000,Sunday,2025-11-10T02:27:23.000000,,0,6.0,0.0,0.0,0
CHG-0000918,Resource permissions changed,Failure,Shang Chi,Shang Chi,Avengers II,Service D,Medium,High,Low,Closed,Medium,2025-11-10T20:40:15.000000,Monday,2025-11-11T04:40:15.000000,2025-11-11T14:40:15.000000,4,8.0,10.0,18.0,0
CHG-0000919,Service restarted,Data,Hulk,Hulk,Avengers,Service B,Low,High,Low,Closed,Low,2025-11-10T12:00:42.000000,Monday,2025-11-10T15:00:42.000000,2025-11-11T15:00:42.000000,4,3.0,24.0,27.0,0
CHG-0000920,Application license assigned,Network,Hulk,Hulk,Avengers,Service C,High,Medium,Medium,Closed,High,2025-11-11T12:50:54.000000,Tuesday,2025-11-11T15:50:54.000000,2025-11-12T10:50:54.000000,2,3.0,19.0,22.0,1
CHG-0000921,Device access restricted,Network,Shang Chi,Shang Chi,Avengers II,Service E,Medium,Medium,High,Closed,High,2025-11-11T08:55:23.000000,Tuesday,2025-11-11T12:55:23.000000,2025-11-12T16:55:23.000000,5,4.0,28.0,32.0,1
CHG-0000922,User account updated,Complaint,Loki,Loki,Avengers,Service A,Low,Low,Medium,Closed,Medium,2025-11-11T02:35:17.000000,Tuesday,2025-11-11T04:35:17.000000,2025-11-12T12:35:17.000000,3,2.0,32.0,34.0,1
CHG-0000923,User authentication method updated,Software,Thor,Thor,Avengers,Service E,Low,High,High,Closed,Medium,2025-11-12T20:55:07.000000,Wednesday,2025-11-12T22:55:07.000000,2025-11-14T08:55:07.000000,0,2.0,34.0,36.0,1
CHG-0000924,System role assigned,Data,Loki,Loki,Avengers,Service D,Low,High,Low,Closed,Medium,2025-11-12T14:34:17.000000,Wednesday,2025-11-12T21:34:17.000000,2025-11-13T12:34:17.000000,5,7.0,15.0,22.0,0
CHG-0000925,User password reset,Facilities,John Wick,John Wick,Matrix,Service D,Medium,Low,Low,Closed,Critical,2025-11-12T11:31:52.000000,Wednesday,2025-11-12T18:31:52.000000,2025-11-13T15:31:52.000000,0,7.0,21.0,28.0,1
CHG-0000926,Alert threshold changed,Access,Shang Chi,Shang Chi,Avengers II,Service B,Medium,Medium,Low,Closed,Medium,2025-11-12T01:22:23.000000,Wednesday,2025-11-12T08:22:23.000000,2025-11-13T08:22:23.000000,0,7.0,24.0,31.0,0
CHG-0000927,User profile updated,Access,Hulk,Hulk,Avengers,Service E,Medium,Low,Medium,On Hold,Critical,2025-11-13T16:04:41.000000,Thursday,,,2,0.0,0.0,0.0,0
CHG-0000928,Application feature enabled,Hardware,John Wick,John Wick,Matrix,Service D,High,Low,High,Closed,Medium,2025-11-14T08:59:59.000000,Friday,2025-11-14T15:59:59.000000,2025-11-14T20:59:59.000000,2,7.0,5.0,12.0,0
CHG-0000929,System backup restored,Hardware,Iron Man,Iron Man,Avengers,Service C,High,High,High,Closed,Medium,2025-11-14T23:07:04.000000,Friday,2025-11-15T05:07:04.000000,2025-11-15T20:07:04.000000,3,6.0,15.0,21.0,0
CHG-0000930,Application access granted,Data,Jack Sparrow,Jack Sparrow,Matrix,Service D,Low,High,Medium,Closed,Medium,2025-11-15T05:31:24.000000,Saturday,2025-11-15T13:31:24.000000,2025-11-16T02:31:24.000000,0,8.0,13.0,21.0,0
CHG-0000931,Application license assigned,Data,John Cena,John Cena,Matrix,Service A,High,Medium,Medium,In Progress,Critical,2025-11-15T00:37:47.000000,Saturday,2025-11-15T03:37:47.000000,,1,3.0,0.0,0.0,0
CHG-0000932,Software version upgraded,Hardware,Loki,Loki,Avengers,Service A,Medium,Medium,Low,In Progress,Medium,2025-11-15T07:22:19.000000,Saturday,2025-11-15T10:22:19.000000,,3,3.0,0.0,0.0,0
CHG-0000933,Monitoring rules adjusted,Access,Captain Marvel,Captain Marvel,Avengers II,Service A,Low,Low,Medium,Closed,High,2025-11-15T17:11:54.000000,Saturday,2025-11-16T00:11:54.000000,2025-11-16T19:11:54.000000,0,7.0,19.0,26.0,1
CHG-0000934,User authentication method updated,Software,Hulk,Hulk,Avengers,Service A,Medium,High,High,Closed,High,2025-11-16T06:57:45.000000,Sunday,2025-11-16T09:57:45.000000,2025-11-17T13:57:45.000000,1,3.0,28.0,31.0,1
CHG-0000935,User permissions modified,Hardware,Doctor Strange,Doctor Strange,Avengers II,Service E,Low,Medium,High,Closed,Medium,2025-11-16T13:51:44.000000,Sunday,2025-11-16T21:51:44.000000,2025-11-16T23:51:44.000000,2,8.0,2.0,10.0,0
CHG-0000936,User group membership changed,Network,Captain Marvel,Captain Marvel,Avengers II,Service B,Medium,Low,High,Closed,Low,2025-11-16T12:33:46.000000,Sunday,2025-11-16T18:33:46.000000,2025-11-17T06:33:46.000000,1,6.0,12.0,18.0,0
CHG-0000937,Service status checked,Data,Hulk,Hulk,Avengers,Service C,Low,Medium,Medium,Closed,Low,2025-11-16T23:12:51.000000,Sunday,2025-11-17T05:12:51.000000,2025-11-18T00:12:51.000000,1,6.0,19.0,25.0,0
CHG-0000938,System resource increased,Hardware,Jack Sparrow,Jack Sparrow,Matrix,Service A,Low,Medium,Low,Closed,Low,2025-11-16T13:40:19.000000,Sunday,2025-11-16T15:40:19.000000,2025-11-17T20:40:19.000000,4,2.0,29.0,31.0,0
CHG-0000939,Resource permissions changed,Failure,Thor,Thor,Avengers,Service B,High,High,Medium,Closed,Low,2025-11-17T02:25:04.000000,Monday,2025-11-17T07:25:04.000000,2025-11-18T18:25:04.000000,1,5.0,35.0,40.0,0
CHG-0000940,Service port changed,Failure,John Wick,John Wick,Matrix,Service B,Low,High,High,Closed,High,2025-11-18T08:07:44.000000,Tuesday,2025-11-18T10:07:44.000000,2025-11-19T16:07:44.000000,0,2.0,30.0,32.0,1
CHG-0000941,Database maintenance completed,Software,Captain Marvel,Captain Marvel,Avengers II,Service D,Medium,Low,Medium,Closed,High,2025-11-18T00:32:45.000000,Tuesday,2025-11-18T02:32:45.000000,2025-11-18T11:32:45.000000,1,2.0,9.0,11.0,0
CHG-0000942,Data export scheduled,Failure,Spiderman,Spiderman,Avengers II,Service B,Medium,Low,High,Closed,Medium,2025-11-18T02:49:12.000000,Tuesday,2025-11-18T05:49:12.000000,2025-11-18T18:49:12.000000,3,3.0,13.0,16.0,0
CHG-0000943,User profile updated,Data,Thor,Thor,Avengers,Service C,Medium,Low,High,New,High,2025-11-18T15:43:56.000000,Tuesday,,,3,0.0,0.0,0.0,0
CHG-0000944,Resource permissions changed,Data,Batman,Batman,Matrix,Service D,Medium,High,High,Closed,Critical,2025-11-18T15:06:09.000000,Tuesday,2025-11-18T21:06:09.000000,2025-11-19T23:06:09.000000,0,6.0,26.0,32.0,1
CHG-0000945,Service integration updated,Data,Captain Marvel,Captain Marvel,Avengers II,Service A,Medium,Medium,Medium,Closed,Medium,2025-11-19T13:26:43.000000,Wednesday,2025-11-19T17:26:43.000000,2025-11-19T23:26:43.000000,1,4.0,6.0,10.0,0
CHG-0000946,User profile updated,Access,Jack Sparrow,Jack Sparrow,Matrix,Service C,Medium,Medium,High,Closed,Medium,2025-11-19T17:07:45.000000,Wednesday,2025-11-19T22:07:45.000000,2025-11-21T03:07:45.000000,2,5.0,29.0,34.0,1
CHG-0000947,Service integration updated,Software,Shang Chi,Shang Chi,Avengers II,Service B,High,Low,High,Closed,Medium,2025-11-20T22:09:12.000000,Thursday,2025-11-21T03:09:12.000000,2025-11-21T23:09:12.000000,2,5.0,20.0,25.0,0
CHG-0000948,System log settings updated,Hardware,Captain Marvel,Captain Marvel,Avengers II,Service E,Low,High,High,Closed,High,2025-11-20T20:40:46.000000,Thursday,2025-11-20T23:40:46.000000,2025-11-21T15:40:46.000000,1,3.0,16.0,19.0,0
CHG-0000949,System notification configured,Hardware,Spiderman,Spiderman,Avengers II,Service C,Low,High,Low,Closed,Medium,2025-11-20T17:50:41.000000,Thursday,2025-11-20T22:50:41.000000,2025-11-22T07:50:41.000000,0,5.0,33.0,38.0,1
CHG-0000950,Application configuration changed,Facilities,Thor,Thor,Avengers,Service E,High,Medium,Low,Closed,Critical,2025-11-20T16:30:09.000000,Thursday,2025-11-20T22:30:09.000000,2025-11-22T02:30:09.000000,4,6.0,28.0,34.0,1
CHG-0000951,Device added to network,Software,Spiderman,Spiderman,Avengers II,Service A,Low,High,Low,On Hold,Medium,2025-11-20T05:26:14.000000,Thursday,,,1,0.0,0.0,0.0,0
CHG-0000952,Monitoring rules adjusted,Data,Loki,Loki,Avengers,Service C,Medium,Low,High,New,Medium,2025-11-21T09:28:50.000000,Friday,,,3,0.0,0.0,0.0,0
CHG-0000953,User account updated,Network,Captain America,Captain America,Avengers,Service A,High,High,Low,Closed,Medium,2025-11-21T11:21:39.000000,Friday,2025-11-21T15:21:39.000000,2025-11-22T16:21:39.000000,1,4.0,25.0,29.0,1
CHG-0000954,Network route adjusted,Data,Iron Man,Iron Man,Avengers,Service C,High,Medium,High,Closed,Low,2025-11-21T04:24:35.000000,Friday,2025-11-21T11:24:35.000000,2025-11-22T23:24:35.000000,5,7.0,36.0,43.0,0
CHG-0000955,Access policy reviewed,Complaint,Hulk,Hulk,Avengers,Service E,High,Medium,Low,On Hold,Low,2025-11-22T13:28:19.000000,Saturday,,,5,0.0,0.0,0.0,0
CHG-0000956,Network settings adjusted,Complaint,John Cena,John Cena,Matrix,Service C,Medium,Low,Medium,Closed,Low,2025-11-22T11:16:53.000000,Saturday,2025-11-22T17:16:53.000000,2025-11-23T03:16:53.000000,5,6.0,10.0,16.0,0
CHG-0000957,Application configuration changed,Hardware,Hulk,Hulk,Avengers,Service E,Low,High,Low,Closed,High,2025-11-23T18:53:39.000000,Sunday,2025-11-24T00:53:39.000000,2025-11-24T07:53:39.000000,2,6.0,7.0,13.0,0
CHG-0000958,Service status checked,Software,Neo,Neo,Matrix,Service C,Low,Medium,Low,Closed,Critical,2025-11-24T22:23:48.000000,Monday,2025-11-25T05:23:48.000000,2025-11-25T08:23:48.000000,1,7.0,3.0,10.0,0
CHG-0000959,Application shortcut created,Complaint,Thor,Thor,Avengers,Service B,Low,High,Medium,New,Critical,2025-11-24T00:40:03.000000,Monday,,,1,0.0,0.0,0.0,0
CHG-0000960,Service endpoint modified,Complaint,Neo,Neo,Matrix,Service A,Low,Low,Low,On Hold,Low,2025-11-24T05:05:08.000000,Monday,,,0,0.0,0.0,0.0,0
CHG-0000961,User profile updated,Data,Loki,Loki,Avengers,Service B,Low,Medium,Medium,New,Medium,2025-11-24T20:31:15.000000,Monday,,,1,0.0,0.0,0.0,0
CHG-0000962,User password reset,Facilities,Iron Man,Iron Man,Avengers,Service E,High,Medium,Medium,Closed,Medium,2025-11-24T07:01:09.000000,Monday,2025-11-24T15:01:09.000000,2025-11-25T06:01:09.000000,2,8.0,15.0,23.0,0
CHG-0000963,Device access restricted,Access,Shang Chi,Shang Chi,Avengers II,Service A,Low,Medium,High,Closed,High,2025-11-25T09:44:37.000000,Tuesday,2025-11-25T16:44:37.000000,2025-11-26T15:44:37.000000,5,7.0,23.0,30.0,1
CHG-0000964,User password reset,Data,Captain America,Captain America,Avengers,Service B,Low,Low,Medium,Closed,High,2025-11-25T00:38:33.000000,Tuesday,2025-11-25T06:38:33.000000,2025-11-26T02:38:33.000000,4,6.0,20.0,26.0,1
CHG-0000965,System notification configured,Complaint,Captain America,Captain America,Avengers,Service B,Medium,High,Medium,Closed,Medium,2025-11-25T21:39:40.000000,Tuesday,2025-11-26T03:39:40.000000,2025-11-26T05:39:40.000000,4,6.0,2.0,8.0,0
CHG-0000966,User permissions modified,Hardware,Captain America,Captain America,Avengers,Service B,High,Medium,Medium,Closed,Medium,2025-11-25T13:43:04.000000,Tuesday,2025-11-25T18:43:04.000000,2025-11-25T21:43:04.000000,1,5.0,3.0,8.0,0
CHG-0000967,System notification configured,Complaint,Thor,Thor,Avengers,Service B,Medium,Low,Low,Closed,Medium,2025-11-26T14:59:29.000000,Wednesday,2025-11-26T17:59:29.000000,2025-11-27T06:59:29.000000,0,3.0,13.0,16.0,0
CHG-0000968,Resource allocation changed,Software,Neo,Neo,Matrix,Service A,Medium,Low,High,Closed,Low,2025-11-27T09:34:32.000000,Thursday,2025-11-27T11:34:32.000000,2025-11-28T10:34:32.000000,1,2.0,23.0,25.0,0
CHG-0000969,Service endpoint modified,Failure,Thor,Thor,Avengers,Service C,High,Medium,Medium,Closed,Critical,2025-11-27T03:12:40.000000,Thursday,2025-11-27T07:12:40.000000,2025-11-28T05:12:40.000000,1,4.0,22.0,26.0,1
CHG-0000970,Software version upgraded,Facilities,Shang Chi,Shang Chi,Avengers II,Service D,High,High,High,New,Low,2025-11-27T10:46:12.000000,Thursday,,,5,0.0,0.0,0.0,0
CHG-0000971,Network settings adjusted,Hardware,Captain Marvel,Captain Marvel,Avengers II,Service A,Medium,High,Medium,Closed,Medium,2025-11-28T21:12:44.000000,Friday,2025-11-29T02:12:44.000000,2025-11-29T20:12:44.000000,1,5.0,18.0,23.0,0
CHG-0000972,Device firmware updated,Hardware,Captain America,Captain America,Avengers,Service A,Medium,Medium,Medium,Closed,Medium,2025-11-29T07:59:47.000000,Saturday,2025-11-29T09:59:47.000000,2025-11-29T12:59:47.000000,5,2.0,3.0,5.0,0
CHG-0000973,Device access restricted,Failure,Doctor Strange,Doctor Strange,Avengers II,Service E,High,Low,Low,Closed,Critical,2025-11-29T20:00:51.000000,Saturday,2025-11-29T22:00:51.000000,2025-11-30T10:00:51.000000,5,2.0,12.0,14.0,1
CHG-0000974,Database maintenance completed,Complaint,Loki,Loki,Avengers,Service C,Low,Medium,Low,Closed,Medium,2025-11-29T07:04:05.000000,Saturday,2025-11-29T10:04:05.000000,2025-11-30T04:04:05.000000,3,3.0,18.0,21.0,0
CHG-0000975,Application deployed,Data,Loki,Loki,Avengers,Service B,Low,Medium,Medium,Closed,Low,2025-11-29T06:59:29.000000,Saturday,2025-11-29T09:59:29.000000,2025-11-29T17:59:29.000000,1,3.0,8.0,11.0,0
CHG-0000976,Device removed from inventory,Hardware,Neo,Neo,Matrix,Service A,Medium,Low,Medium,Closed,Medium,2025-11-30T20:17:15.000000,Sunday,2025-12-01T01:17:15.000000,2025-12-01T12:17:15.000000,4,5.0,11.0,16.0,0
CHG-0000977,Network route adjusted,Network,Captain America,Captain America,Avengers,Service D,Medium,Low,High,Closed,Medium,2025-11-30T07:44:39.000000,Sunday,2025-11-30T10:44:39.000000,2025-12-01T04:44:39.000000,3,3.0,18.0,21.0,0
CHG-0000978,Service endpoint modified,Access,Doctor Strange,Doctor Strange,Avengers II,Service C,High,Low,Low,Closed,Medium,2025-11-30T13:38:53.000000,Sunday,2025-11-30T16:38:53.000000,2025-12-02T04:38:53.000000,1,3.0,36.0,39.0,1
CHG-0000979,Service dependency changed,Data,Thor,Thor,Avengers,Service D,High,High,High,Closed,Low,2025-11-30T01:46:55.000000,Sunday,2025-11-30T04:46:55.000000,2025-11-30T18:46:55.000000,5,3.0,14.0,17.0,0
CHG-0000980,Data import completed,Access,John Wick,John Wick,Matrix,Service A,Medium,High,High,Closed,Medium,2025-12-01T01:33:51.000000,Monday,2025-12-01T04:33:51.000000,2025-12-01T06:33:51.000000,5,3.0,2.0,5.0,0
CHG-0000981,User group membership changed,Complaint,Hulk,Hulk,Avengers,Service A,Medium,Low,Medium,Closed,Critical,2025-12-02T21:06:29.000000,Tuesday,2025-12-03T05:06:29.000000,2025-12-04T16:06:29.000000,1,8.0,35.0,43.0,1
CHG-0000982,Data export scheduled,Data,Batman,Batman,Matrix,Service D,High,Low,Medium,New,Medium,2025-12-02T20:50:22.000000,Tuesday,,,3,0.0,0.0,0.0,0
CHG-0000983,Password policy updated,Data,Hulk,Hulk,Avengers,Service E,High,Medium,Medium,Closed,Medium,2025-12-02T23:37:10.000000,Tuesday,2025-12-03T06:37:10.000000,2025-12-03T23:37:10.000000,5,7.0,17.0,24.0,0
CHG-0000984,Application log reviewed,Access,Hulk,Hulk,Avengers,Service B,Medium,Medium,High,Closed,Low,2025-12-03T04:51:05.000000,Wednesday,2025-12-03T06:51:05.000000,2025-12-04T13:51:05.000000,3,2.0,31.0,33.0,0
CHG-0000985,System log settings updated,Access,John Wick,John Wick,Matrix,Service E,Medium,Low,Medium,Closed,Medium,2025-12-03T01:09:38.000000,Wednesday,2025-12-03T03:09:38.000000,2025-12-04T09:09:38.000000,5,2.0,30.0,32.0,1
CHG-0000986,Application configuration changed,Network,Doctor Strange,Doctor Strange,Avengers II,Service B,Medium,High,High,Closed,Medium,2025-12-03T08:34:59.000000,Wednesday,2025-12-03T15:34:59.000000,2025-12-04T14:34:59.000000,3,7.0,23.0,30.0,0
CHG-0000987,Network settings adjusted,Failure,John Wick,John Wick,Matrix,Service A,High,Low,High,Closed,Medium,2025-12-03T14:51:56.000000,Wednesday,2025-12-03T17:51:56.000000,2025-12-04T01:51:56.000000,0,3.0,8.0,11.0,0
CHG-0000988,Scheduled task created,Failure,Shang Chi,Shang Chi,Avengers II,Service D,Medium,High,Low,Closed,High,2025-12-04T01:40:21.000000,Thursday,2025-12-04T08:40:21.000000,2025-12-05T03:40:21.000000,2,7.0,19.0,26.0,1
CHG-0000989,User session reset,Software,Loki,Loki,Avengers,Service A,Medium,High,Low,Closed,Critical,2025-12-05T05:39:24.000000,Friday,2025-12-05T12:39:24.000000,2025-12-05T15:39:24.000000,2,7.0,3.0,10.0,0
CHG-0000990,Scheduled task created,Network,Captain America,Captain America,Avengers,Service C,Low,Low,High,Closed,Medium,2025-12-05T10:01:13.000000,Friday,2025-12-05T14:01:13.000000,2025-12-06T04:01:13.000000,0,4.0,14.0,18.0,0
CHG-0000991,Network settings adjusted,Complaint,Captain Marvel,Captain Marvel,Avengers II,Service A,Low,Medium,High,Closed,High,2025-12-06T06:49:30.000000,Saturday,2025-12-06T09:49:30.000000,2025-12-07T05:49:30.000000,3,3.0,20.0,23.0,1
CHG-0000992,Routine maintenance performed,Data,Hulk,Hulk,Avengers,Service E,Medium,Low,Medium,Closed,Medium,2025-12-07T05:00:37.000000,Sunday,2025-12-07T12:00:37.000000,2025-12-08T21:00:37.000000,1,7.0,33.0,40.0,1
CHG-0000993,Security settings updated,Facilities,Neo,Neo,Matrix,Service C,Medium,Low,High,On Hold,High,2025-12-07T07:13:30.000000,Sunday,,,0,0.0,0.0,0.0,0
CHG-0000994,Database maintenance completed,Facilities,Shang Chi,Shang Chi,Avengers II,Service E,Low,Low,High,Closed,Medium,2025-12-07T03:52:23.000000,Sunday,2025-12-07T07:52:23.000000,2025-12-08T17:52:23.000000,2,4.0,34.0,38.0,1
CHG-0000995,Device configuration updated,Network,Jack Sparrow,Jack Sparrow,Matrix,Service B,Low,Medium,High,On Hold,Critical,2025-12-07T08:26:47.000000,Sunday,,,3,0.0,0.0,0.0,0
CHG-0000996,Access policy reviewed,Access,Thor,Thor,Avengers,Service E,Medium,Medium,High,Closed,Critical,2025-12-08T18:43:45.000000,Monday,2025-12-09T02:43:45.000000,2025-12-09T23:43:45.000000,2,8.0,21.0,29.0,1
CHG-0000997,Alert threshold changed,Software,John Cena,John Cena,Matrix,Service D,High,High,Low,Closed,Medium,2025-12-09T07:11:28.000000,Tuesday,2025-12-09T14:11:28.000000,2025-12-10T03:11:28.000000,4,7.0,13.0,20.0,0
CHG-0000998,Password policy updated,Software,Shang Chi,Shang Chi,Avengers II,Service C,High,Low,Medium,Closed,High,2025-12-09T23:05:07.000000,Tuesday,2025-12-10T03:05:07.000000,2025-12-11T11:05:07.000000,5,4.0,32.0,36.0,1
CHG-0000999,System cache cleared,Failure,Shang Chi,Shang Chi,Avengers II,Service E,High,High,High,Closed,Critical,2025-12-09T02:41:29.000000,Tuesday,2025-12-09T10:41:29.000000,2025-12-10T19:41:29.000000,2,8.0,33.0,41.0,1
CHG-0001000,User password reset,Facilities,Neo,Neo,Matrix,Service E,High,Medium,Low,Closed,Medium,2025-12-09T21:14:03.000000,Tuesday,2025-12-09T23:14:03.000000,2025-12-11T00:14:03.000000,3,2.0,25.0,27.0,1
CHG-0001001,Data export scheduled,Complaint,Thor,Thor,Avengers,Service E,Low,High,High,Closed,Medium,2025-12-09T12:21:25.000000,Tuesday,2025-12-09T17:21:25.000000,2025-12-11T00:21:25.000000,5,5.0,31.0,36.0,1
CHG-0001002,User password reset,Complaint,Iron Man,Iron Man,Avengers,Service C,Low,Low,High,On Hold,Low,2025-12-10T21:26:45.000000,Wednesday,,,5,0.0,0.0,0.0,0
CHG-0001003,Application license assigned,Hardware,Thor,Thor,Avengers,Service D,High,Medium,Low,Closed,Medium,2025-12-11T07:04:56.000000,Thursday,2025-12-11T15:04:56.000000,2025-12-12T18:04:56.000000,0,8.0,27.0,35.0,1
CHG-0001004,Scheduled job modified,Complaint,Shang Chi,Shang Chi,Avengers II,Service C,High,Medium,Low,New,Critical,2025-12-12T14:43:00.000000,Friday,,,3,0.0,0.0,0.0,0
CHG-0001005,Resource permissions changed,Hardware,Jack Sparrow,Jack Sparrow,Matrix,Service B,Medium,Low,Medium,Closed,Medium,2025-12-12T12:18:10.000000,Friday,2025-12-12T19:18:10.000000,2025-12-13T13:18:10.000000,1,7.0,18.0,25.0,0
CHG-0001006,Application access granted,Facilities,Hulk,Hulk,Avengers,Service E,Medium,High,High,Closed,Medium,2025-12-12T05:49:21.000000,Friday,2025-12-12T12:49:21.000000,2025-12-13T21:49:21.000000,0,7.0,33.0,40.0,1
CHG-0001007,Device removed from inventory,Network,Captain Marvel,Captain Marvel,Avengers II,Service C,High,Medium,Medium,Closed,Low,2025-12-12T07:26:13.000000,Friday,2025-12-12T13:26:13.000000,2025-12-13T23:26:13.000000,3,6.0,34.0,40.0,0
CHG-0001008,Application log reviewed,Complaint,Loki,Loki,Avengers,Service A,High,Medium,Low,In Progress,High,2025-12-12T17:03:19.000000,Friday,2025-12-12T20:03:19.000000,,2,3.0,0.0,0.0,0
CHG-0001009,Application license assigned,Data,Jack Sparrow,Jack Sparrow,Matrix,Service A,Low,High,Low,In Progress,Medium,2025-12-13T21:37:03.000000,Saturday,2025-12-14T04:37:03.000000,,4,7.0,0.0,0.0,0
CHG-0001010,Network settings adjusted,Data,Iron Man,Iron Man,Avengers,Service B,Medium,High,Medium,Closed,Low,2025-12-13T05:08:16.000000,Saturday,2025-12-13T11:08:16.000000,2025-12-14T05:08:16.000000,5,6.0,18.0,24.0,0
CHG-0001011,Service restarted,Network,Captain Marvel,Captain Marvel,Avengers II,Service C,Medium,High,Medium,Closed,Critical,2025-12-13T11:20:58.000000,Saturday,2025-12-13T17:20:58.000000,2025-12-14T13:20:58.000000,4,6.0,20.0,26.0,1
CHG-0001012,Backup schedule updated,Complaint,Batman,Batman,Matrix,Service D,Low,Medium,Medium,Closed,Low,2025-12-14T02:55:36.000000,Sunday,2025-12-14T07:55:36.000000,2025-12-15T08:55:36.000000,2,5.0,25.0,30.0,0
CHG-0001013,User permissions modified,Facilities,Hulk,Hulk,Avengers,Service E,High,Low,High,Closed,Critical,2025-12-15T10:13:22.000000,Monday,2025-12-15T16:13:22.000000,2025-12-17T04:13:22.000000,4,6.0,36.0,42.0,1
CHG-0001014,User permissions modified,Hardware,Iron Man,Iron Man,Avengers,Service A,Medium,Medium,High,Closed,Critical,2025-12-15T14:35:46.000000,Monday,2025-12-15T19:35:46.000000,2025-12-17T00:35:46.000000,2,5.0,29.0,34.0,1
CHG-0001015,System notification configured,Access,Captain America,Captain America,Avengers,Service D,Low,High,Low,Closed,High,2025-12-15T11:48:18.000000,Monday,2025-12-15T18:48:18.000000,2025-12-16T11:48:18.000000,1,7.0,17.0,24.0,1
CHG-0001016,Network settings adjusted,Hardware,Iron Man,Iron Man,Avengers,Service E,High,Low,Low,Closed,Critical,2025-12-15T00:39:38.000000,Monday,2025-12-15T05:39:38.000000,2025-12-15T07:39:38.000000,4,5.0,2.0,7.0,0
CHG-0001017,Device removed from inventory,Network,Thor,Thor,Avengers,Service A,High,Medium,High,Closed,Low,2025-12-15T03:39:12.000000,Monday,2025-12-15T05:39:12.000000,2025-12-16T02:39:12.000000,2,2.0,21.0,23.0,0
CHG-0001018,Data import completed,Complaint,Loki,Loki,Avengers,Service B,Low,Medium,High,Closed,Critical,2025-12-16T11:41:11.000000,Tuesday,2025-12-16T15:41:11.000000,2025-12-17T14:41:11.000000,0,4.0,23.0,27.0,1
CHG-0001019,Application log reviewed,Complaint,Iron Man,Iron Man,Avengers,Service D,High,Low,High,Closed,Medium,2025-12-16T08:34:42.000000,Tuesday,2025-12-16T14:34:42.000000,2025-12-16T20:34:42.000000,2,6.0,6.0,12.0,0
CHG-0001020,Application access granted,Data,Captain Marvel,Captain Marvel,Avengers II,Service C,Medium,Medium,Low,Closed,Medium,2025-12-16T22:27:32.000000,Tuesday,2025-12-17T03:27:32.000000,2025-12-17T05:27:32.000000,1,5.0,2.0,7.0,0
CHG-0001021,Device added to network,Facilities,Spiderman,Spiderman,Avengers II,Service A,Low,High,Low,Closed,Medium,2025-12-17T17:58:10.000000,Wednesday,2025-12-17T20:58:10.000000,2025-12-18T16:58:10.000000,1,3.0,20.0,23.0,0
CHG-0001022,Service endpoint modified,Access,Shang Chi,Shang Chi,Avengers II,Service D,Low,Medium,Medium,Closed,Medium,2025-12-17T03:29:29.000000,Wednesday,2025-12-17T11:29:29.000000,2025-12-17T14:29:29.000000,0,8.0,3.0,11.0,0
CHG-0001023,Service port changed,Access,Captain America,Captain America,Avengers,Service D,Low,High,High,Closed,Medium,2025-12-17T02:24:45.000000,Wednesday,2025-12-17T07:24:45.000000,2025-12-17T13:24:45.000000,1,5.0,6.0,11.0,0
CHG-0001024,Device firmware updated,Data,Captain America,Captain America,Avengers,Service B,High,Low,High,Closed,High,2025-12-17T19:35:12.000000,Wednesday,2025-12-17T21:35:12.000000,2025-12-18T22:35:12.000000,4,2.0,25.0,27.0,1
CHG-0001025,Device monitoring enabled,Complaint,Jack Sparrow,Jack Sparrow,Matrix,Service B,Low,High,Low,Closed,Medium,2025-12-18T01:54:23.000000,Thursday,2025-12-18T04:54:23.000000,2025-12-19T07:54:23.000000,3,3.0,27.0,30.0,1
CHG-0001026,Monitoring rules adjusted,Data,Neo,Neo,Matrix,Service A,Medium,Low,High,Closed,High,2025-12-19T15:24:39.000000,Friday,2025-12-19T21:24:39.000000,2025-12-20T09:24:39.000000,2,6.0,12.0,18.0,0
CHG-0001027,Data retention policy updated,Software,Jack Sparrow,Jack Sparrow,Matrix,Service D,Medium,High,High,Closed,Medium,2025-12-19T19:37:46.000000,Friday,2025-12-19T22:37:46.000000,2025-12-20T16:37:46.000000,0,3.0,18.0,21.0,0
CHG-0001028,User permissions modified,Network,Iron Man,Iron Man,Avengers,Service D,High,High,Low,On Hold,High,2025-12-19T08:16:45.000000,Friday,,,3,0.0,0.0,0.0,0
CHG-0001029,User permissions modified,Access,Loki,Loki,Avengers,Service E,High,Low,Low,Closed,Low,2025-12-19T23:41:43.000000,Friday,2025-12-20T03:41:43.000000,2025-12-20T22:41:43.000000,1,4.0,19.0,23.0,0
CHG-0001030,Software version upgraded,Complaint,Thor,Thor,Avengers,Service C,Low,High,High,Closed,Critical,2025-12-19T12:51:58.000000,Friday,2025-12-19T14:51:58.000000,2025-12-20T00:51:58.000000,4,2.0,10.0,12.0,1
CHG-0001031,Data export scheduled,Software,Captain Marvel,Captain Marvel,Avengers II,Service D,Medium,High,Low,On Hold,Critical,2025-12-20T09:01:36.000000,Saturday,,,0,0.0,0.0,0.0,0
CHG-0001032,System backup restored,Complaint,Loki,Loki,Avengers,Service E,Medium,Low,High,Closed,Low,2025-12-20T03:59:20.000000,Saturday,2025-12-20T08:59:20.000000,2025-12-20T14:59:20.000000,2,5.0,6.0,11.0,0
CHG-0001033,User session reset,Failure,Captain Marvel,Captain Marvel,Avengers II,Service B,Medium,Medium,Medium,Closed,Medium,2025-12-20T18:43:52.000000,Saturday,2025-12-21T01:43:52.000000,2025-12-22T01:43:52.000000,3,7.0,24.0,31.0,0
CHG-0001034,Application license assigned,Facilities,Hulk,Hulk,Avengers,Service C,Medium,Low,High,Closed,Medium,2025-12-21T22:05:58.000000,Sunday,2025-12-22T03:05:58.000000,2025-12-23T03:05:58.000000,3,5.0,24.0,29.0,0
CHG-0001035,Device monitoring enabled,Network,Captain America,Captain America,Avengers,Service D,Low,High,Medium,Closed,Medium,2025-12-21T21:58:41.000000,Sunday,2025-12-22T04:58:41.000000,2025-12-22T16:58:41.000000,3,7.0,12.0,19.0,0
CHG-0001036,Application shortcut created,Hardware,Batman,Batman,Matrix,Service D,Low,Medium,Low,Closed,Critical,2025-12-21T00:39:42.000000,Sunday,2025-12-21T06:39:42.000000,2025-12-22T00:39:42.000000,5,6.0,18.0,24.0,1
CHG-0001037,Alert threshold changed,Data,John Wick,John Wick,Matrix,Service A,High,Low,Low,Closed,Medium,2025-12-21T11:55:48.000000,Sunday,2025-12-21T14:55:48.000000,2025-12-22T03:55:48.000000,1,3.0,13.0,16.0,0
CHG-0001038,Data export scheduled,Hardware,Spiderman,Spiderman,Avengers II,Service E,High,High,Low,Closed,Medium,2025-12-22T07:17:32.000000,Monday,2025-12-22T15:17:32.000000,2025-12-23T18:17:32.000000,2,8.0,27.0,35.0,1
CHG-0001039,Routine maintenance performed,Facilities,Loki,Loki,Avengers,Service C,Medium,Low,Medium,Closed,Medium,2025-12-22T00:09:48.000000,Monday,2025-12-22T03:09:48.000000,2025-12-23T07:09:48.000000,5,3.0,28.0,31.0,1
CHG-0001040,System role assigned,Data,Batman,Batman,Matrix,Service A,Low,High,Medium,Closed,Low,2025-12-22T07:40:20.000000,Monday,2025-12-22T13:40:20.000000,2025-12-22T21:40:20.000000,4,6.0,8.0,14.0,0
CHG-0001041,Device monitoring enabled,Data,Thor,Thor,Avengers,Service E,High,High,Medium,Closed,Medium,2025-12-23T07:25:23.000000,Tuesday,2025-12-23T11:25:23.000000,2025-12-24T23:25:23.000000,1,4.0,36.0,40.0,1
CHG-0001042,Configuration setting changed,Software,Thor,Thor,Avengers,Service E,Medium,Low,Medium,Closed,Medium,2025-12-24T03:13:07.000000,Wednesday,2025-12-24T11:13:07.000000,2025-12-25T06:13:07.000000,3,8.0,19.0,27.0,0
CHG-0001043,Data export scheduled,Access,Loki,Loki,Avengers,Service C,High,Low,Low,On Hold,Medium,2025-12-24T13:39:48.000000,Wednesday,,,5,0.0,0.0,0.0,0
CHG-0001044,System role assigned,Facilities,Iron Man,Iron Man,Avengers,Service D,Medium,Medium,Medium,Closed,High,2025-12-24T20:05:46.000000,Wednesday,2025-12-25T01:05:46.000000,2025-12-26T09:05:46.000000,2,5.0,32.0,37.0,1
CHG-0001045,User profile updated,Network,John Wick,John Wick,Matrix,Service D,High,Medium,Low,Closed,Medium,2025-12-24T08:45:14.000000,Wednesday,2025-12-24T11:45:14.000000,2025-12-25T15:45:14.000000,3,3.0,28.0,31.0,1
CHG-0001046,User group membership changed,Hardware,Thor,Thor,Avengers,Service E,High,Low,Low,In Progress,Medium,2025-12-25T13:43:02.000000,Thursday,2025-12-25T17:43:02.000000,,2,4.0,0.0,0.0,0
CHG-0001047,Configuration setting changed,Access,Iron Man,Iron Man,Avengers,Service E,Medium,Medium,Low,Closed,High,2025-12-25T15:43:22.000000,Thursday,2025-12-25T23:43:22.000000,2025-12-27T11:43:22.000000,0,8.0,36.0,44.0,1
CHG-0001048,User permissions modified,Data,John Wick,John Wick,Matrix,Service D,Medium,Medium,Low,Closed,Medium,2025-12-25T06:05:51.000000,Thursday,2025-12-25T08:05:51.000000,2025-12-26T12:05:51.000000,3,2.0,28.0,30.0,1
CHG-0001049,User permissions modified,Facilities,Batman,Batman,Matrix,Service B,Medium,Medium,Low,Closed,Critical,2025-12-25T10:40:30.000000,Thursday,2025-12-25T18:40:30.000000,2025-12-26T20:40:30.000000,0,8.0,26.0,34.0,1
CHG-0001050,Service restarted,Hardware,Shang Chi,Shang Chi,Avengers II,Service D,Medium,Medium,High,Closed,High,2025-12-26T16:36:41.000000,Friday,2025-12-26T21:36:41.000000,2025-12-27T19:36:41.000000,4,5.0,22.0,27.0,1
CHG-0001051,Service dependency changed,Failure,Loki,Loki,Avengers,Service A,High,High,Low,Closed,Medium,2025-12-26T17:28:54.000000,Friday,2025-12-26T23:28:54.000000,2025-12-27T16:28:54.000000,5,6.0,17.0,23.0,0
CHG-0001052,Monitoring rules adjusted,Access,Thor,Thor,Avengers,Service E,Low,High,High,Closed,Medium,2025-12-26T13:48:59.000000,Friday,2025-12-26T15:48:59.000000,2025-12-27T00:48:59.000000,3,2.0,9.0,11.0,0
CHG-0001053,Routine maintenance performed,Hardware,Iron Man,Iron Man,Avengers,Service B,Medium,Medium,Low,On Hold,Medium,2025-12-26T22:16:22.000000,Friday,,,0,0.0,0.0,0.0,0
CHG-0001054,Device removed from inventory,Facilities,Batman,Batman,Matrix,Service D,Medium,Low,High,Closed,Critical,2025-12-27T09:32:48.000000,Saturday,2025-12-27T12:32:48.000000,2025-12-28T13:32:48.000000,0,3.0,25.0,28.0,1
CHG-0001055,User profile updated,Failure,John Wick,John Wick,Matrix,Service D,Low,Low,Medium,Closed,High,2025-12-27T10:14:35.000000,Saturday,2025-12-27T14:14:35.000000,2025-12-27T21:14:35.000000,4,4.0,7.0,11.0,0
CHG-0001056,User profile updated,Data,Captain America,Captain America,Avengers,Service E,Medium,High,High,Closed,Low,2025-12-27T22:46:09.000000,Saturday,2025-12-28T01:46:09.000000,2025-12-28T20:46:09.000000,4,3.0,19.0,22.0,0
CHG-0001057,Routine maintenance performed,Hardware,Doctor Strange,Doctor Strange,Avengers II,Service C,Medium,Low,Medium,Closed,Low,2025-12-28T17:00:42.000000,Sunday,2025-12-29T01:00:42.000000,2025-12-29T09:00:42.000000,2,8.0,8.0,16.0,0
CHG-0001058,Application configuration changed,Network,Shang Chi,Shang Chi,Avengers II,Service A,High,Medium,High,Closed,High,2025-12-28T05:01:02.000000,Sunday,2025-12-28T08:01:02.000000,2025-12-29T15:01:02.000000,2,3.0,31.0,34.0,1
CHG-0001059,Scheduled job modified,Network,John Wick,John Wick,Matrix,Service B,Low,High,Low,Closed,Low,2025-12-28T05:54:25.000000,Sunday,2025-12-28T08:54:25.000000,2025-12-29T12:54:25.000000,1,3.0,28.0,31.0,0
CHG-0001060,System log settings updated,Complaint,Captain America,Captain America,Avengers,Service C,Low,Medium,High,Closed,High,2025-12-28T12:55:56.000000,Sunday,2025-12-28T17:55:56.000000,2025-12-29T14:55:56.000000,4,5.0,21.0,26.0,1
CHG-0001061,Software version upgraded,Software,Captain Marvel,Captain Marvel,Avengers II,Service D,Low,High,High,Closed,Medium,2025-12-29T18:36:59.000000,Monday,2025-12-29T22:36:59.000000,2025-12-31T01:36:59.000000,0,4.0,27.0,31.0,1
CHG-0001062,System log settings updated,Failure,Thor,Thor,Avengers,Service A,Medium,High,Low,Closed,Medium,2025-12-29T10:12:41.000000,Monday,2025-12-29T12:12:41.000000,2025-12-29T20:12:41.000000,5,2.0,8.0,10.0,0
CHG-0001063,Access policy reviewed,Failure,Spiderman,Spiderman,Avengers II,Service B,Medium,Medium,Low,Closed,Critical,2025-12-29T11:50:05.000000,Monday,2025-12-29T15:50:05.000000,2025-12-29T23:50:05.000000,3,4.0,8.0,12.0,1
CHG-0001064,Service integration updated,Network,Iron Man,Iron Man,Avengers,Service C,Low,High,Medium,In Progress,Medium,2025-12-30T01:06:48.000000,Tuesday,2025-12-30T08:06:48.000000,,5,7.0,0.0,0.0,0
CHG-0001065,Scheduled job modified,Network,Spiderman,Spiderman,Avengers II,Service D,High,High,Low,Closed,Critical,2025-12-30T20:24:14.000000,Tuesday,2025-12-31T00:24:14.000000,2025-12-31T14:24:14.000000,0,4.0,14.0,18.0,1
CHG-0001066,Network settings adjusted,Failure,Captain America,Captain America,Avengers,Service D,Medium,Low,Medium,Closed,Medium,2025-12-30T03:33:15.000000,Tuesday,2025-12-30T09:33:15.000000,2025-12-30T21:33:15.000000,0,6.0,12.0,18.0,0
CHG-0001067,Data export scheduled,Data,Loki,Loki,Avengers,Service C,Medium,Medium,High,Closed,Medium,2025-12-30T20:38:38.000000,Tuesday,2025-12-31T02:38:38.000000,2025-12-31T09:38:38.000000,4,6.0,7.0,13.0,0
CHG-0001068,System cache cleared,Software,Shang Chi,Shang Chi,Avengers II,Service E,Low,High,High,Closed,Medium,2025-12-31T12:48:39.000000,Wednesday,2025-12-31T16:48:39.000000,2026-01-01T18:48:39.000000,1,4.0,26.0,30.0,1
CHG-0001069,Security settings updated,Failure,Captain Marvel,Captain Marvel,Avengers II,Service D,Medium,Medium,High,Closed,High,2025-12-31T10:16:03.000000,Wednesday,2025-12-31T15:16:03.000000,2026-01-01T20:16:03.000000,2,5.0,29.0,34.0,1
