Number,Short Description,Change Environment,Requested By,Assigned To,Assignment Group,Service,Risk,Urgency,Impact,State,Priority,Created,Day,Start Date,Closed,Reopen Count
CHG-0000001,Update configuration for single sign-on integration,Hardware,Spiderman,Spiderman,Avengers II,Service D,Medium,Medium,Low,Closed,Medium,2025-01-01T01:04:32.000000,Wednesday,2025-01-01T06:04:32.000000,2025-01-01T11:04:32.000000,5
CHG-0000002,Migrate user mailboxes to new email platform,Hardware,Captain America,Captain America,Avengers,Service A,Medium,Medium,Medium,Closed,Low,2025-01-01T11:09:58.000000,Wednesday,2025-01-01T16:09:58.000000,2025-01-02T04:09:58.000000,5
CHG-0000003,Update DNS records for application hostname change,Hardware,Hulk,Hulk,Avengers,Service B,High,Low,High,Closed,Medium,2025-01-01T11:02:45.000000,Wednesday,2025-01-01T19:02:45.000000,2025-01-02T20:02:45.000000,0
CHG-0000004,Implement new password policy across domain,Data,Shang Chi,Shang Chi,Avengers II,Service B,Low,Medium,Low,Closed,Medium,2025-01-01T04:28:20.000000,Wednesday,2025-01-01T08:28:20.000000,2025-01-01T15:28:20.000000,5
CHG-0000005,Upgrade virtualization platform to latest version,Access,Neo,Neo,Matrix,Service B,Low,Low,Medium,Closed,Critical,2025-01-02T20:13:04.000000,Thursday,2025-01-02T22:13:04.000000,2025-01-03T07:13:04.000000,3
CHG-0000006,Deploy new version of endpoint management agent,Failure,Shang Chi,Shang Chi,Avengers II,Service D,High,Medium,Medium,Closed,High,2025-01-02T21:49:31.000000,Thursday,2025-01-02T23:49:31.000000,2025-01-03T19:49:31.000000,4
CHG-0000007,Reconfigure service monitoring checks for new URLs,Facilities,Iron Man,Iron Man,Avengers,Service A,High,Medium,Low,Closed,High,2025-01-02T14:08:55.000000,Thursday,2025-01-02T21:08:55.000000,2025-01-04T02:08:55.000000,2
CHG-0000008,Reconfigure application timeout settings,Complaint,Neo,Neo,Matrix,Service B,Medium,Medium,Medium,Closed,Medium,2025-01-03T20:38:51.000000,Friday,2025-01-04T01:38:51.000000,2025-01-04T13:38:51.000000,1
CHG-0000009,Introduce new email disclaimer for outgoing messages,Complaint,John Wick,John Wick,Matrix,Service B,High,Low,Medium,Closed,Medium,2025-01-03T08:56:05.000000,Friday,2025-01-03T10:56:05.000000,2025-01-04T09:56:05.000000,2
CHG-0000010,Deploy new version of mobile banking API,Hardware,Loki,Loki,Avengers,Service A,Medium,Low,Low,Closed,Low,2025-01-03T00:46:11.000000,Friday,2025-01-03T03:46:11.000000,2025-01-03T23:46:11.000000,5
CHG-0000011,Implement new retention policy for log data,Data,Loki,Loki,Avengers,Service D,Low,Medium,High,Closed,Low,2025-01-04T00:28:36.000000,Saturday,2025-01-04T08:28:36.000000,2025-01-05T06:28:36.000000,4
CHG-0000012,Migrate application from test to production environment,Software,Captain America,Captain America,Avengers,Service A,Low,High,Medium,New,High,2025-01-04T04:39:42.000000,Saturday,,,1
CHG-0000013,Deploy new configuration for password self-service portal,Access,John Cena,John Cena,Matrix,Service B,High,Low,Medium,Closed,Critical,2025-01-05T04:19:14.000000,Sunday,2025-01-05T08:19:14.000000,2025-01-05T12:19:14.000000,1
CHG-0000014,Change print server configuration for new printers,Complaint,Iron Man,Iron Man,Avengers,Service C,High,High,Low,Closed,Medium,2025-01-05T21:30:46.000000,Sunday,2025-01-06T00:30:46.000000,2025-01-07T09:30:46.000000,0
CHG-0000015,Upgrade operating system on middleware servers,Software,Captain America,Captain America,Avengers,Service D,High,Medium,Medium,Closed,Low,2025-01-06T19:11:40.000000,Monday,2025-01-06T22:11:40.000000,2025-01-07T15:11:40.000000,0
CHG-0000016,Configure new SFTP connection to external partner,Complaint,Batman,Batman,Matrix,Service E,Medium,Medium,High,Closed,Low,2025-01-07T03:36:15.000000,Tuesday,2025-01-07T11:36:15.000000,2025-01-08T01:36:15.000000,5
CHG-0000017,Enable multi-factor authentication for VPN users,Complaint,Captain America,Captain America,Avengers,Service C,High,Low,High,Closed,Medium,2025-01-07T20:37:27.000000,Tuesday,2025-01-08T03:37:27.000000,2025-01-08T16:37:27.000000,0
CHG-0000018,Migrate application from test to production environment,Failure,Doctor Strange,Doctor Strange,Avengers II,Service C,High,Low,Medium,Closed,Medium,2025-01-07T23:42:36.000000,Tuesday,2025-01-08T05:42:36.000000,2025-01-09T02:42:36.000000,3
CHG-0000019,Implement new proxy configuration for internet access,Hardware,Shang Chi,Shang Chi,Avengers II,Service B,High,High,Low,Closed,Medium,2025-01-07T19:18:11.000000,Tuesday,2025-01-08T00:18:11.000000,2025-01-08T05:18:11.000000,2
CHG-0000020,Change time synchronization settings for servers,Data,Loki,Loki,Avengers,Service D,High,Low,Medium,Closed,High,2025-01-07T09:47:49.000000,Tuesday,2025-01-07T17:47:49.000000,2025-01-08T01:47:49.000000,5
CHG-0000021,Deploy new version of mobile banking API,Complaint,Doctor Strange,Doctor Strange,Avengers II,Service E,High,Medium,Medium,Closed,Medium,2025-01-08T04:19:51.000000,Wednesday,2025-01-08T11:19:51.000000,2025-01-09T18:19:51.000000,3
CHG-0000022,Adjust monitoring thresholds for critical alerts,Hardware,Thor,Thor,Avengers,Service A,High,Low,Medium,In Progress,Critical,2025-01-08T03:19:45.000000,Wednesday,2025-01-08T09:19:45.000000,,5
CHG-0000023,Implement role-based access control for application,Software,Doctor Strange,Doctor Strange,Avengers II,Service C,Low,High,High,Closed,Critical,2025-01-08T20:46:01.000000,Wednesday,2025-01-09T03:46:01.000000,2025-01-09T16:46:01.000000,2
CHG-0000024,Update API gateway rules for new service endpoints,Hardware,Neo,Neo,Matrix,Service B,Medium,High,High,Closed,High,2025-01-09T23:57:02.000000,Thursday,2025-01-10T05:57:02.000000,2025-01-11T02:57:02.000000,0
CHG-0000025,Deploy hotfix for production application issue,Failure,Jack Sparrow,Jack Sparrow,Matrix,Service E,Low,High,High,Closed,Low,2025-01-09T12:55:47.000000,Thursday,2025-01-09T16:55:47.000000,2025-01-10T14:55:47.000000,1
CHG-0000026,Implement new proxy configuration for internet access,Data,Shang Chi,Shang Chi,Avengers II,Service E,Medium,Medium,Medium,Closed,High,2025-01-09T17:24:30.000000,Thursday,2025-01-09T21:24:30.000000,2025-01-10T11:24:30.000000,4
CHG-0000027,Upgrade operating system on middleware servers,Facilities,Shang Chi,Shang Chi,Avengers II,Service D,High,High,High,Closed,Medium,2025-01-09T23:50:37.000000,Thursday,2025-01-10T07:50:37.000000,2025-01-11T14:50:37.000000,0
CHG-0000028,Deploy new version of mobile banking API,Access,Spiderman,Spiderman,Avengers II,Service B,Medium,Low,High,Closed,Medium,2025-01-10T01:47:03.000000,Friday,2025-01-10T05:47:03.000000,2025-01-11T02:47:03.000000,0
CHG-0000029,Change time synchronization settings for servers,Complaint,Captain Marvel,Captain Marvel,Avengers II,Service E,High,Medium,High,Closed,High,2025-01-10T09:18:20.000000,Friday,2025-01-10T11:18:20.000000,2025-01-10T20:18:20.000000,5
CHG-0000030,Change DHCP scope settings for office network,Software,Loki,Loki,Avengers,Service E,Low,Low,Medium,Closed,Medium,2025-01-11T05:40:08.000000,Saturday,2025-01-11T07:40:08.000000,2025-01-11T13:40:08.000000,3
CHG-0000031,Change time synchronization settings for servers,Complaint,Hulk,Hulk,Avengers,Service D,Medium,Low,High,Closed,Medium,2025-01-11T10:32:41.000000,Saturday,2025-01-11T13:32:41.000000,2025-01-12T10:32:41.000000,5
CHG-0000032,Reconfigure service monitoring checks for new URLs,Software,Spiderman,Spiderman,Avengers II,Service E,High,Low,Medium,Closed,Critical,2025-01-11T23:24:20.000000,Saturday,2025-01-12T02:24:20.000000,2025-01-12T21:24:20.000000,4
CHG-0000033,Implement new proxy configuration for internet access,Facilities,Spiderman,Spiderman,Avengers II,Service D,High,Low,Low,Closed,High,2025-01-12T03:53:14.000000,Sunday,2025-01-12T05:53:14.000000,2025-01-12T11:53:14.000000,2
CHG-0000034,Modify backup retention period for file shares,Data,Doctor Strange,Doctor Strange,Avengers II,Service A,Medium,Low,Medium,In Progress,Medium,2025-01-12T11:36:04.000000,Sunday,2025-01-12T14:36:04.000000,,5
CHG-0000035,Reconfigure backup schedule for critical databases,Failure,Spiderman,Spiderman,Avengers II,Service E,Low,High,Medium,Closed,Medium,2025-01-13T18:23:49.000000,Monday,2025-01-13T22:23:49.000000,2025-01-15T04:23:49.000000,0
CHG-0000036,Apply configuration changes to intrusion detection system,Access,Captain America,Captain America,Avengers,Service D,Medium,Medium,High,Closed,Critical,2025-01-13T07:30:31.000000,Monday,2025-01-13T13:30:31.000000,2025-01-13T23:30:31.000000,3
CHG-0000037,Update API gateway rules for new service endpoints,Complaint,Thor,Thor,Avengers,Service C,High,Low,Low,Closed,Medium,2025-01-13T06:41:50.000000,Monday,2025-01-13T10:41:50.000000,2025-01-14T12:41:50.000000,5
CHG-0000038,Reconfigure service monitoring checks for new URLs,Facilities,Jack Sparrow,Jack Sparrow,Matrix,Service B,Low,Low,Medium,Closed,Medium,2025-01-13T01:51:18.000000,Monday,2025-01-13T09:51:18.000000,2025-01-13T11:51:18.000000,3
CHG-0000039,Configure new high-availability cluster for database,Network,Iron Man,Iron Man,Avengers,Service B,High,High,Low,Closed,High,2025-01-14T12:43:08.000000,Tuesday,2025-01-14T19:43:08.000000,2025-01-15T00:43:08.000000,5
CHG-0000040,Implement role-based access control for application,Network,Spiderman,Spiderman,Avengers II,Service D,Low,Low,High,Closed,High,2025-01-14T18:54:16.000000,Tuesday,2025-01-14T23:54:16.000000,2025-01-15T08:54:16.000000,4
CHG-0000041,Update API gateway rules for new service endpoints,Complaint,Spiderman,Spiderman,Avengers II,Service B,Low,High,Medium,Closed,High,2025-01-14T04:16:51.000000,Tuesday,2025-01-14T10:16:51.000000,2025-01-15T01:16:51.000000,5
CHG-0000042,Deploy new version of mobile banking API,Complaint,Loki,Loki,Avengers,Service C,Low,Low,High,Closed,High,2025-01-15T23:04:20.000000,Wednesday,2025-01-16T02:04:20.000000,2025-01-16T12:04:20.000000,4
CHG-0000043,Apply configuration changes to intrusion detection system,Network,Thor,Thor,Avengers,Service D,Low,Medium,High,Closed,Medium,2025-01-15T06:43:29.000000,Wednesday,2025-01-15T08:43:29.000000,2025-01-16T20:43:29.000000,5
CHG-0000044,Update DNS records for application hostname change,Network,Jack Sparrow,Jack Sparrow,Matrix,Service C,Low,High,Low,Closed,Medium,2025-01-16T10:15:44.000000,Thursday,2025-01-16T12:15:44.000000,2025-01-17T11:15:44.000000,4
CHG-0000045,Apply configuration changes to intrusion detection system,Network,Captain America,Captain America,Avengers,Service D,Medium,Medium,Low,Closed,Low,2025-01-16T06:56:23.000000,Thursday,2025-01-16T08:56:23.000000,2025-01-17T20:56:23.000000,4
CHG-0000046,Modify backup retention period for file shares,Failure,Spiderman,Spiderman,Avengers II,Service B,High,High,Medium,Closed,Medium,2025-01-17T07:05:23.000000,Friday,2025-01-17T10:05:23.000000,2025-01-18T11:05:23.000000,2
CHG-0000047,Modify backup retention period for file shares,Data,John Wick,John Wick,Matrix,Service B,Low,Medium,High,Closed,High,2025-01-17T00:10:09.000000,Friday,2025-01-17T05:10:09.000000,2025-01-17T12:10:09.000000,1
CHG-0000048,Introduce new email disclaimer for outgoing messages,Software,Hulk,Hulk,Avengers,Service E,High,Medium,Medium,Closed,Medium,2025-01-17T19:12:18.000000,Friday,2025-01-17T21:12:18.000000,2025-01-18T09:12:18.000000,0
CHG-0000049,Update API gateway rules for new service endpoints,Data,John Cena,John Cena,Matrix,Service C,Medium,Medium,Low,Closed,Critical,2025-01-17T14:51:34.000000,Friday,2025-01-17T21:51:34.000000,2025-01-18T10:51:34.000000,0
CHG-0000050,Implement new password policy across domain,Data,Captain Marvel,Captain Marvel,Avengers II,Service A,Medium,Medium,Medium,Closed,High,2025-01-17T01:06:34.000000,Friday,2025-01-17T05:06:34.000000,2025-01-18T08:06:34.000000,0
CHG-0000051,Decommission obsolete virtual machines,Access,Captain Marvel,Captain Marvel,Avengers II,Service D,Low,Low,High,Closed,Low,2025-01-18T10:07:25.000000,Saturday,2025-01-18T14:07:25.000000,2025-01-20T01:07:25.000000,5
CHG-0000052,Change load balancer configuration for improved failover,Access,Doctor Strange,Doctor Strange,Avengers II,Service B,Low,High,High,Closed,Medium,2025-01-18T09:14:03.000000,Saturday,2025-01-18T17:14:03.000000,2025-01-19T23:14:03.000000,1
CHG-0000053,Enable multi-factor authentication for VPN users,Hardware,Iron Man,Iron Man,Avengers,Service A,High,Low,Low,Closed,Medium,2025-01-18T09:44:20.000000,Saturday,2025-01-18T17:44:20.000000,2025-01-19T00:44:20.000000,2
CHG-0000054,Modify service account permissions for application,Facilities,Shang Chi,Shang Chi,Avengers II,Service C,Low,Medium,Medium,Closed,High,2025-01-18T04:50:23.000000,Saturday,2025-01-18T09:50:23.000000,2025-01-19T04:50:23.000000,1
CHG-0000055,Implement new software deployment package for endpoints,Hardware,Iron Man,Iron Man,Avengers,Service B,High,Low,Medium,Closed,High,2025-01-19T15:59:32.000000,Sunday,2025-01-19T23:59:32.000000,2025-01-20T01:59:32.000000,2
CHG-0000056,Deploy new version of endpoint management agent,Network,Thor,Thor,Avengers,Service E,Low,Low,High,Closed,Low,2025-01-19T05:33:56.000000,Sunday,2025-01-19T13:33:56.000000,2025-01-20T19:33:56.000000,0
CHG-0000057,Upgrade operating system on middleware servers,Hardware,Jack Sparrow,Jack Sparrow,Matrix,Service E,High,Medium,Low,Closed,Medium,2025-01-19T16:20:17.000000,Sunday,2025-01-19T18:20:17.000000,2025-01-20T15:20:17.000000,0
CHG-0000058,Change print server configuration for new printers,Complaint,Batman,Batman,Matrix,Service C,High,Low,Low,Closed,Medium,2025-01-19T07:16:45.000000,Sunday,2025-01-19T10:16:45.000000,2025-01-19T15:16:45.000000,3
CHG-0000059,Update DNS records for application hostname change,Software,Batman,Batman,Matrix,Service A,Medium,Medium,Low,Closed,Medium,2025-01-20T04:58:46.000000,Monday,2025-01-20T10:58:46.000000,2025-01-20T21:58:46.000000,3
CHG-0000060,Upgrade operating system on middleware servers,Complaint,Jack Sparrow,Jack Sparrow,Matrix,Service D,High,High,Low,On Hold,Medium,2025-01-20T18:00:25.000000,Monday,,,1
CHG-0000061,Change time synchronization settings for servers,Data,Iron Man,Iron Man,Avengers,Service A,Medium,Low,Medium,Closed,High,2025-01-20T19:22:45.000000,Monday,2025-01-21T03:22:45.000000,2025-01-22T13:22:45.000000,0
CHG-0000062,Upgrade operating system on middleware servers,Network,Loki,Loki,Avengers,Service E,High,Medium,Medium,Closed,Low,2025-01-20T03:44:13.000000,Monday,2025-01-20T11:44:13.000000,2025-01-20T17:44:13.000000,5
CHG-0000063,Implement new proxy configuration for internet access,Hardware,Hulk,Hulk,Avengers,Service B,Medium,Low,Low,Closed,Medium,2025-01-21T22:19:59.000000,Tuesday,2025-01-22T02:19:59.000000,2025-01-22T06:19:59.000000,5
CHG-0000064,Reconfigure application timeout settings,Complaint,Captain America,Captain America,Avengers,Service A,Low,Low,Low,Closed,Medium,2025-01-21T06:59:18.000000,Tuesday,2025-01-21T12:59:18.000000,2025-01-21T17:59:18.000000,3
CHG-0000065,Enable multi-factor authentication for VPN users,Software,Iron Man,Iron Man,Avengers,Service D,Low,Medium,High,Closed,High,2025-01-21T03:55:36.000000,Tuesday,2025-01-21T08:55:36.000000,2025-01-22T09:55:36.000000,1
CHG-0000066,Deploy updated configuration for network switches,Failure,Spiderman,Spiderman,Avengers II,Service A,Medium,Low,High,Closed,Low,2025-01-22T12:55:19.000000,Wednesday,2025-01-22T16:55:19.000000,2025-01-24T02:55:19.000000,5
CHG-0000067,Reconfigure backup schedule for critical databases,Data,Shang Chi,Shang Chi,Avengers II,Service B,Low,Medium,Medium,Closed,High,2025-01-22T21:12:14.000000,Wednesday,2025-01-23T02:12:14.000000,2025-01-23T14:12:14.000000,4
CHG-0000068,Update SSL/TLS certificates on web servers,Data,John Cena,John Cena,Matrix,Service C,High,Medium,High,On Hold,Medium,2025-01-22T01:23:12.000000,Wednesday,,,5
CHG-0000069,Introduce new email disclaimer for outgoing messages,Failure,Thor,Thor,Avengers,Service D,Medium,Medium,High,Closed,Medium,2025-01-22T23:28:04.000000,Wednesday,2025-01-23T01:28:04.000000,2025-01-23T10:28:04.000000,2
CHG-0000070,Upgrade database server to latest minor version,Hardware,Spiderman,Spiderman,Avengers II,Service C,High,Low,Medium,Closed,Medium,2025-01-22T10:05:10.000000,Wednesday,2025-01-22T16:05:10.000000,2025-01-23T13:05:10.000000,4
CHG-0000071,Upgrade virtualization platform to latest version,Network,Hulk,Hulk,Avengers,Service D,Low,Medium,Medium,Closed,Critical,2025-01-23T23:04:20.000000,Thursday,2025-01-24T03:04:20.000000,2025-01-25T13:04:20.000000,0
CHG-0000072,Change network routing for branch office connectivity,Facilities,Hulk,Hulk,Avengers,Service A,Low,Medium,High,Closed,High,2025-01-23T11:00:51.000000,Thursday,2025-01-23T15:00:51.000000,2025-01-24T05:00:51.000000,5
CHG-0000073,Implement new retention policy for log data,Network,Iron Man,Iron Man,Avengers,Service C,Low,Medium,Low,Closed,Medium,2025-01-23T22:27:37.000000,Thursday,2025-01-24T04:27:37.000000,2025-01-24T13:27:37.000000,1
CHG-0000074,Implement new proxy configuration for internet access,Data,Neo,Neo,Matrix,Service D,Low,Low,High,Closed,Medium,2025-01-24T11:47:54.000000,Friday,2025-01-24T19:47:54.000000,2025-01-25T02:47:54.000000,2
CHG-0000075,Reconfigure service monitoring checks for new URLs,Access,Spiderman,Spiderman,Avengers II,Service D,Medium,Low,Low,Closed,Low,2025-01-25T17:19:00.000000,Saturday,2025-01-25T23:19:00.000000,2025-01-27T06:19:00.000000,5
CHG-0000076,Implement new access roles in identity management system,Hardware,Batman,Batman,Matrix,Service A,High,High,Medium,Closed,Low,2025-01-25T05:12:25.000000,Saturday,2025-01-25T10:12:25.000000,2025-01-26T11:12:25.000000,2
CHG-0000077,Apply configuration changes to intrusion detection system,Complaint,Captain Marvel,Captain Marvel,Avengers II,Service B,High,Medium,Medium,Closed,Medium,2025-01-25T06:52:10.000000,Saturday,2025-01-25T12:52:10.000000,2025-01-25T23:52:10.000000,0
CHG-0000078,Apply configuration changes to intrusion detection system,Data,John Cena,John Cena,Matrix,Service B,Low,Low,Low,Closed,High,2025-01-25T17:11:53.000000,Saturday,2025-01-25T23:11:53.000000,2025-01-26T08:11:53.000000,5
CHG-0000079,Configure new SFTP connection to external partner,Failure,Spiderman,Spiderman,Avengers II,Service B,Medium,Medium,High,Closed,Medium,2025-01-26T18:38:11.000000,Sunday,2025-01-26T20:38:11.000000,2025-01-28T03:38:11.000000,0
CHG-0000080,Introduce new logging and monitoring rules for servers,Hardware,Batman,Batman,Matrix,Service C,Medium,High,Low,Closed,Medium,2025-01-26T20:00:58.000000,Sunday,2025-01-26T22:00:58.000000,2025-01-27T17:00:58.000000,5
CHG-0000081,Enable encryption at rest for database storage,Failure,Hulk,Hulk,Avengers,Service C,High,Medium,High,Closed,High,2025-01-26T03:19:44.000000,Sunday,2025-01-26T05:19:44.000000,2025-01-26T17:19:44.000000,2
CHG-0000082,Adjust CPU and memory resources for virtual servers,Facilities,Batman,Batman,Matrix,Service C,High,Low,Low,Closed,Medium,2025-01-26T13:40:45.000000,Sunday,2025-01-26T15:40:45.000000,2025-01-26T19:40:45.000000,4
CHG-0000083,Introduce new email disclaimer for outgoing messages,Software,Thor,Thor,Avengers,Service A,Medium,Medium,Medium,Closed,Medium,2025-01-26T11:50:55.000000,Sunday,2025-01-26T13:50:55.000000,2025-01-27T09:50:55.000000,4
CHG-0000084,Update SSL/TLS certificates on web servers,Hardware,Loki,Loki,Avengers,Service C,Low,Low,High,Closed,Critical,2025-01-27T23:09:01.000000,Monday,2025-01-28T01:09:01.000000,2025-01-29T13:09:01.000000,3
CHG-0000085,Adjust CPU and memory resources for virtual servers,Facilities,Shang Chi,Shang Chi,Avengers II,Service B,Low,High,High,Closed,High,2025-01-27T23:53:56.000000,Monday,2025-01-28T04:53:56.000000,2025-01-29T12:53:56.000000,4
CHG-0000086,Decommission obsolete virtual machines,Software,Neo,Neo,Matrix,Service C,High,Low,Low,Closed,Low,2025-01-28T14:22:24.000000,Tuesday,2025-01-28T22:22:24.000000,2025-01-30T08:22:24.000000,4
CHG-0000087,Change print server configuration for new printers,Access,John Cena,John Cena,Matrix,Service B,High,Medium,High,Closed,Medium,2025-01-28T16:05:38.000000,Tuesday,2025-01-29T00:05:38.000000,2025-01-29T16:05:38.000000,0
CHG-0000088,Change email gateway configuration for spam filtering,Hardware,Thor,Thor,Avengers,Service D,Low,High,High,Closed,High,2025-01-29T07:49:13.000000,Wednesday,2025-01-29T10:49:13.000000,2025-01-29T18:49:13.000000,4
CHG-0000089,Add new subnet to internal network for project team,Hardware,Neo,Neo,Matrix,Service D,Low,High,Low,Closed,Medium,2025-01-29T11:16:34.000000,Wednesday,2025-01-29T14:16:34.000000,2025-01-30T02:16:34.000000,2
CHG-0000090,Upgrade database server to latest minor version,Software,Thor,Thor,Avengers,Service E,Low,Low,Medium,Closed,Critical,2025-01-29T01:31:33.000000,Wednesday,2025-01-29T03:31:33.000000,2025-01-30T04:31:33.000000,5
CHG-0000091,Introduce new logging and monitoring rules for servers,Complaint,Batman,Batman,Matrix,Service B,Low,Medium,Low,Closed,Medium,2025-01-29T01:43:57.000000,Wednesday,2025-01-29T05:43:57.000000,2025-01-30T01:43:57.000000,3
CHG-0000092,Apply monthly security patches to production servers,Network,Hulk,Hulk,Avengers,Service C,High,High,High,Closed,Medium,2025-01-29T16:18:03.000000,Wednesday,2025-01-29T18:18:03.000000,2025-01-29T20:18:03.000000,4
CHG-0000093,Reconfigure service monitoring checks for new URLs,Access,Hulk,Hulk,Avengers,Service A,Low,Low,Low,In Progress,High,2025-01-30T17:34:34.000000,Thursday,2025-01-30T23:34:34.000000,,3
CHG-0000094,Migrate application from test to production environment,Failure,Captain America,Captain America,Avengers,Service E,Medium,High,High,Closed,Medium,2025-01-30T19:54:14.000000,Thursday,2025-01-30T23:54:14.000000,2025-01-31T09:54:14.000000,2
CHG-0000095,Implement new proxy configuration for internet access,Software,Spiderman,Spiderman,Avengers II,Service A,High,Low,Low,Closed,Medium,2025-01-31T08:02:07.000000,Friday,2025-01-31T15:02:07.000000,2025-02-01T20:02:07.000000,5
CHG-0000096,Update network share permissions for project folder,Access,Shang Chi,Shang Chi,Avengers II,Service C,High,Medium,Low,Closed,High,2025-02-01T12:02:42.000000,Saturday,2025-02-01T18:02:42.000000,2025-02-03T00:02:42.000000,2
CHG-0000097,Apply configuration changes to intrusion detection system,Complaint,Captain Marvel,Captain Marvel,Avengers II,Service C,Low,High,Low,Closed,Low,2025-02-02T12:28:44.000000,Sunday,2025-02-02T14:28:44.000000,2025-02-03T09:28:44.000000,5
CHG-0000098,Change load balancer configuration for improved failover,Network,John Cena,John Cena,Matrix,Service B,Low,High,Medium,Closed,Medium,2025-02-02T19:44:16.000000,Sunday,2025-02-02T22:44:16.000000,2025-02-04T04:44:16.000000,4
CHG-0000099,Modify backup retention period for file shares,Complaint,Loki,Loki,Avengers,Service A,High,High,Medium,Closed,Critical,2025-02-02T07:57:07.000000,Sunday,2025-02-02T09:57:07.000000,2025-02-02T21:57:07.000000,1
CHG-0000100,Update API gateway rules for new service endpoints,Complaint,Captain America,Captain America,Avengers,Service C,Medium,High,High,Closed,Low,2025-02-03T22:05:08.000000,Monday,2025-02-04T00:05:08.000000,2025-02-04T23:05:08.000000,2
CHG-0000101,Deploy updated configuration for network switches,Failure,Shang Chi,Shang Chi,Avengers II,Service E,High,High,Low,Closed,Medium,2025-02-03T07:56:38.000000,Monday,2025-02-03T12:56:38.000000,2025-02-03T17:56:38.000000,0
CHG-0000102,Deploy updated configuration for network switches,Facilities,Doctor Strange,Doctor Strange,Avengers II,Service E,High,High,Medium,Closed,Medium,2025-02-03T04:05:02.000000,Monday,2025-02-03T08:05:02.000000,2025-02-04T02:05:02.000000,0
CHG-0000103,Upgrade virtualization platform to latest version,Failure,Iron Man,Iron Man,Avengers,Service A,High,High,High,Closed,Medium,2025-02-03T22:28:58.000000,Monday,2025-02-04T02:28:58.000000,2025-02-05T06:28:58.000000,3
CHG-0000104,Update SSL/TLS certificates on web servers,Access,Iron Man,Iron Man,Avengers,Service A,Medium,High,Medium,Closed,Low,2025-02-03T08:54:27.000000,Monday,2025-02-03T10:54:27.000000,2025-02-03T15:54:27.000000,1
CHG-0000105,Configure new SFTP connection to external partner,Access,Hulk,Hulk,Avengers,Service A,High,Low,Low,Closed,Medium,2025-02-04T21:28:05.000000,Tuesday,2025-02-05T00:28:05.000000,2025-02-05T10:28:05.000000,3
CHG-0000106,Change email gateway configuration for spam filtering,Network,Captain America,Captain America,Avengers,Service D,Low,Medium,Low,On Hold,Critical,2025-02-04T04:31:44.000000,Tuesday,,,2
CHG-0000107,Change network routing for branch office connectivity,Hardware,Spiderman,Spiderman,Avengers II,Service D,Medium,High,Medium,Closed,Low,2025-02-04T03:47:22.000000,Tuesday,2025-02-04T09:47:22.000000,2025-02-04T20:47:22.000000,3
CHG-0000108,Change Active Directory group membership for user access,Access,Batman,Batman,Matrix,Service C,High,High,Low,Closed,Medium,2025-02-04T09:08:41.000000,Tuesday,2025-02-04T12:08:41.000000,2025-02-04T19:08:41.000000,1
CHG-0000109,Implement new retention policy for log data,Network,Batman,Batman,Matrix,Service E,Low,High,Medium,Closed,Medium,2025-02-05T00:14:50.000000,Wednesday,2025-02-05T05:14:50.000000,2025-02-05T11:14:50.000000,2
CHG-0000110,Change DHCP scope settings for office network,Failure,Shang Chi,Shang Chi,Avengers II,Service E,High,Medium,Low,Closed,Medium,2025-02-05T21:50:22.000000,Wednesday,2025-02-06T00:50:22.000000,2025-02-06T12:50:22.000000,1
CHG-0000111,Implement new retention policy for log data,Complaint,Shang Chi,Shang Chi,Avengers II,Service C,High,Low,Low,Closed,Medium,2025-02-05T21:36:49.000000,Wednesday,2025-02-05T23:36:49.000000,2025-02-06T17:36:49.000000,1
CHG-0000112,Migrate application from test to production environment,Hardware,Batman,Batman,Matrix,Service B,Low,Low,Low,Closed,Medium,2025-02-06T13:12:47.000000,Thursday,2025-02-06T16:12:47.000000,2025-02-07T07:12:47.000000,4
CHG-0000113,Apply monthly security patches to production servers,Failure,Hulk,Hulk,Avengers,Service B,Low,Low,Low,In Progress,Medium,2025-02-06T05:39:09.000000,Thursday,2025-02-06T10:39:09.000000,,1
CHG-0000114,Enable multi-factor authentication for VPN users,Network,Captain America,Captain America,Avengers,Service A,Low,Low,High,On Hold,Critical,2025-02-06T08:55:29.000000,Thursday,,,0
CHG-0000115,Configure new high-availability cluster for database,Data,Shang Chi,Shang Chi,Avengers II,Service D,Low,Low,High,Closed,Medium,2025-02-06T06:35:16.000000,Thursday,2025-02-06T13:35:16.000000,2025-02-07T10:35:16.000000,4
CHG-0000116,Add new subnet to internal network for project team,Network,Shang Chi,Shang Chi,Avengers II,Service E,Low,Low,Medium,Closed,Medium,2025-02-06T17:15:46.000000,Thursday,2025-02-07T01:15:46.000000,2025-02-08T08:15:46.000000,3
CHG-0000117,Deploy updated configuration for network switches,Facilities,Hulk,Hulk,Avengers,Service E,Medium,High,Low,Closed,Medium,2025-02-07T13:51:47.000000,Friday,2025-02-07T18:51:47.000000,2025-02-08T06:51:47.000000,4
CHG-0000118,Implement new password policy across domain,Data,Thor,Thor,Avengers,Service C,Medium,Medium,Medium,Closed,High,2025-02-07T11:41:28.000000,Friday,2025-02-07T18:41:28.000000,2025-02-08T09:41:28.000000,1
CHG-0000119,Implement new change in batch file transfer process,Failure,Spiderman,Spiderman,Avengers II,Service D,High,Medium,Medium,Closed,Medium,2025-02-08T20:11:48.000000,Saturday,2025-02-08T23:11:48.000000,2025-02-09T07:11:48.000000,0
CHG-0000120,Deploy new version of mobile banking API,Network,John Wick,John Wick,Matrix,Service C,High,Low,Medium,Closed,Medium,2025-02-08T19:25:41.000000,Saturday,2025-02-08T23:25:41.000000,2025-02-09T13:25:41.000000,0
CHG-0000121,Migrate user mailboxes to new email platform,Failure,Captain Marvel,Captain Marvel,Avengers II,Service A,Medium,Low,Medium,Closed,High,2025-02-08T01:08:15.000000,Saturday,2025-02-08T06:08:15.000000,2025-02-08T09:08:15.000000,0
CHG-0000122,Configure new high-availability cluster for database,Complaint,Doctor Strange,Doctor Strange,Avengers II,Service B,High,Medium,Low,Closed,Medium,2025-02-08T20:43:52.000000,Saturday,2025-02-08T22:43:52.000000,2025-02-09T16:43:52.000000,5
CHG-0000123,Upgrade database server to latest minor version,Access,Thor,Thor,Avengers,Service A,Medium,Medium,High,Closed,Medium,2025-02-09T10:42:26.000000,Sunday,2025-02-09T15:42:26.000000,2025-02-10T16:42:26.000000,4
CHG-0000124,Change time synchronization settings for servers,Facilities,Iron Man,Iron Man,Avengers,Service A,Low,Low,Medium,In Progress,Medium,2025-02-09T10:20:54.000000,Sunday,2025-02-09T13:20:54.000000,,3
CHG-0000125,Change load balancer configuration for improved failover,Hardware,Thor,Thor,Avengers,Service D,Low,High,Medium,In Progress,High,2025-02-09T22:40:32.000000,Sunday,2025-02-10T05:40:32.000000,,0
CHG-0000126,Enable encryption at rest for database storage,Hardware,Shang Chi,Shang Chi,Avengers II,Service B,Medium,High,Medium,New,Medium,2025-02-10T03:11:27.000000,Monday,,,0
CHG-0000127,Upgrade virtualization platform to latest version,Complaint,Hulk,Hulk,Avengers,Service E,Low,Medium,Low,Closed,High,2025-02-11T22:39:51.000000,Tuesday,2025-02-12T03:39:51.000000,2025-02-12T23:39:51.000000,5
CHG-0000128,Update SSL/TLS certificates on web servers,Access,Spiderman,Spiderman,Avengers II,Service D,Low,Low,Low,Closed,Medium,2025-02-11T19:44:31.000000,Tuesday,2025-02-12T02:44:31.000000,2025-02-13T08:44:31.000000,2
CHG-0000129,Reconfigure backup schedule for critical databases,Data,Spiderman,Spiderman,Avengers II,Service D,Medium,Low,Low,On Hold,Critical,2025-02-12T13:25:27.000000,Wednesday,,,5
CHG-0000130,Enable multi-factor authentication for VPN users,Hardware,Iron Man,Iron Man,Avengers,Service A,Low,Medium,Medium,On Hold,High,2025-02-12T14:42:38.000000,Wednesday,,,5
CHG-0000131,Implement role-based access control for application,Failure,Doctor Strange,Doctor Strange,Avengers II,Service C,High,Medium,Low,On Hold,Medium,2025-02-12T16:57:10.000000,Wednesday,,,3
CHG-0000132,Upgrade virtualization platform to latest version,Data,Iron Man,Iron Man,Avengers,Service E,Low,Low,Medium,Closed,Low,2025-02-12T22:07:28.000000,Wednesday,2025-02-13T06:07:28.000000,2025-02-13T12:07:28.000000,4
CHG-0000133,Implement new access roles in identity management system,Failure,Spiderman,Spiderman,Avengers II,Service E,Low,Medium,Medium,Closed,Medium,2025-02-12T22:32:18.000000,Wednesday,2025-02-13T01:32:18.000000,2025-02-13T14:32:18.000000,0
CHG-0000134,Change scheduled job timing for batch processing,Access,Captain Marvel,Captain Marvel,Avengers II,Service D,High,Medium,Low,On Hold,High,2025-02-13T00:15:15.000000,Thursday,,,3
CHG-0000135,Modify service account permissions for application,Facilities,Captain America,Captain America,Avengers,Service E,Low,High,Low,Closed,Medium,2025-02-14T00:16:42.000000,Friday,2025-02-14T07:16:42.000000,2025-02-14T23:16:42.000000,1
CHG-0000136,Implement new change in batch file transfer process,Facilities,Loki,Loki,Avengers,Service A,High,High,Medium,Closed,High,2025-02-14T04:05:41.000000,Friday,2025-02-14T10:05:41.000000,2025-02-14T13:05:41.000000,3
CHG-0000137,Change network routing for branch office connectivity,Failure,Captain America,Captain America,Avengers,Service D,High,High,High,In Progress,Low,2025-02-14T10:59:50.000000,Friday,2025-02-14T17:59:50.000000,,3
CHG-0000138,Implement new retention policy for log data,Complaint,Shang Chi,Shang Chi,Avengers II,Service A,Medium,Low,Low,Closed,High,2025-02-14T12:58:17.000000,Friday,2025-02-14T19:58:17.000000,2025-02-15T11:58:17.000000,5
CHG-0000139,Migrate user mailboxes to new email platform,Software,John Cena,John Cena,Matrix,Service D,Medium,High,Low,Closed,Low,2025-02-14T08:51:41.000000,Friday,2025-02-14T14:51:41.000000,2025-02-15T03:51:41.000000,1
CHG-0000140,Deploy new release of core banking application,Access,Iron Man,Iron Man,Avengers,Service C,Medium,Medium,Low,Closed,High,2025-02-15T16:37:51.000000,Saturday,2025-02-15T20:37:51.000000,2025-02-17T02:37:51.000000,3
CHG-0000141,Deploy hotfix for production application issue,Failure,John Cena,John Cena,Matrix,Service E,Low,High,Medium,Closed,Medium,2025-02-15T14:50:28.000000,Saturday,2025-02-15T16:50:28.000000,2025-02-15T19:50:28.000000,1
CHG-0000142,Deploy new configuration for password self-service portal,Access,Doctor Strange,Doctor Strange,Avengers II,Service E,Medium,Medium,Medium,Closed,Critical,2025-02-16T01:50:30.000000,Sunday,2025-02-16T08:50:30.000000,2025-02-17T05:50:30.000000,0
CHG-0000143,Upgrade virtualization platform to latest version,Software,Neo,Neo,Matrix,Service C,Medium,High,High,Closed,Medium,2025-02-16T16:35:31.000000,Sunday,2025-02-16T22:35:31.000000,2025-02-17T13:35:31.000000,5
CHG-0000144,Update network share permissions for project folder,Failure,Jack Sparrow,Jack Sparrow,Matrix,Service A,Medium,High,High,Closed,High,2025-02-17T21:08:27.000000,Monday,2025-02-18T00:08:27.000000,2025-02-19T05:08:27.000000,2
CHG-0000145,Update DNS records for application hostname change,Failure,Batman,Batman,Matrix,Service C,High,Low,Low,Closed,High,2025-02-18T00:05:08.000000,Tuesday,2025-02-18T04:05:08.000000,2025-02-19T03:05:08.000000,1
CHG-0000146,Implement new password policy across domain,Network,Hulk,Hulk,Avengers,Service A,High,Low,High,Closed,Medium,2025-02-18T19:21:42.000000,Tuesday,2025-02-18T21:21:42.000000,2025-02-20T01:21:42.000000,4
CHG-0000147,Implement role-based access control for application,Complaint,Iron Man,Iron Man,Avengers,Service C,Low,Low,High,Closed,High,2025-02-18T20:45:21.000000,Tuesday,2025-02-19T04:45:21.000000,2025-02-20T10:45:21.000000,4
CHG-0000148,Decommission obsolete virtual machines,Data,Doctor Strange,Doctor Strange,Avengers II,Service D,High,Medium,Low,Closed,Medium,2025-02-18T12:24:31.000000,Tuesday,2025-02-18T20:24:31.000000,2025-02-20T07:24:31.000000,0
CHG-0000149,Replace legacy file server with new storage system,Software,Iron Man,Iron Man,Avengers,Service A,Low,Medium,Low,New,High,2025-02-18T05:37:23.000000,Tuesday,,,1
CHG-0000150,Replace legacy file server with new storage system,Software,Hulk,Hulk,Avengers,Service B,Medium,High,Low,Closed,Medium,2025-02-19T03:27:41.000000,Wednesday,2025-02-19T10:27:41.000000,2025-02-20T21:27:41.000000,3
CHG-0000151,Deploy new configuration for password self-service portal,Failure,Thor,Thor,Avengers,Service A,High,Medium,High,Closed,High,2025-02-19T16:22:58.000000,Wednesday,2025-02-19T20:22:58.000000,2025-02-20T15:22:58.000000,0
CHG-0000152,Update DNS records for application hostname change,Complaint,Doctor Strange,Doctor Strange,Avengers II,Service A,High,Medium,Low,Closed,High,2025-02-19T18:39:28.000000,Wednesday,2025-02-19T20:39:28.000000,2025-02-19T22:39:28.000000,1
CHG-0000153,Change print server configuration for new printers,Network,Thor,Thor,Avengers,Service A,Low,Low,Medium,New,Medium,2025-02-19T12:13:17.000000,Wednesday,,,5
CHG-0000154,Configure new high-availability cluster for database,Data,Neo,Neo,Matrix,Service E,High,Low,Low,Closed,High,2025-02-20T13:56:11.000000,Thursday,2025-02-20T18:56:11.000000,2025-02-21T03:56:11.000000,3
CHG-0000155,Deploy new version of mobile banking API,Network,Iron Man,Iron Man,Avengers,Service E,High,High,High,Closed,Medium,2025-02-21T12:35:33.000000,Friday,2025-02-21T17:35:33.000000,2025-02-23T00:35:33.000000,5
CHG-0000156,Deploy new version of mobile banking API,Failure,Iron Man,Iron Man,Avengers,Service C,Low,Medium,Medium,Closed,Critical,2025-02-21T01:19:38.000000,Friday,2025-02-21T03:19:38.000000,2025-02-22T00:19:38.000000,3
CHG-0000157,Update SSL/TLS certificates on web servers,Facilities,Hulk,Hulk,Avengers,Service E,Low,Medium,Medium,Closed,Low,2025-02-21T23:49:37.000000,Friday,2025-02-22T02:49:37.000000,2025-02-22T19:49:37.000000,4
CHG-0000158,Deploy updated configuration for network switches,Data,Doctor Strange,Doctor Strange,Avengers II,Service D,Low,Low,High,New,Critical,2025-02-21T22:41:33.000000,Friday,,,2
CHG-0000159,Replace legacy file server with new storage system,Failure,Loki,Loki,Avengers,Service A,Low,Low,High,Closed,Medium,2025-02-22T02:52:44.000000,Saturday,2025-02-22T05:52:44.000000,2025-02-22T21:52:44.000000,5
CHG-0000160,Introduce new email disclaimer for outgoing messages,Access,Iron Man,Iron Man,Avengers,Service E,Medium,Medium,Low,Closed,Critical,2025-02-22T03:52:25.000000,Saturday,2025-02-22T05:52:25.000000,2025-02-22T10:52:25.000000,1
CHG-0000161,Change Active Directory group membership for user access,Facilities,Captain Marvel,Captain Marvel,Avengers II,Service B,Medium,Medium,High,On Hold,Low,2025-02-22T00:53:08.000000,Saturday,,,5
CHG-0000162,Increase disk space allocation on application server,Hardware,Captain Marvel,Captain Marvel,Avengers II,Service D,Medium,Medium,High,Closed,High,2025-02-22T08:16:24.000000,Saturday,2025-02-22T15:16:24.000000,2025-02-24T01:16:24.000000,0
CHG-0000163,Implement new access roles in identity management system,Data,Batman,Batman,Matrix,Service B,Low,Medium,High,Closed,Medium,2025-02-22T13:35:14.000000,Saturday,2025-02-22T17:35:14.000000,2025-02-23T20:35:14.000000,5
CHG-0000164,Modify service account permissions for application,Failure,Captain America,Captain America,Avengers,Service D,High,High,Medium,Closed,Critical,2025-02-23T10:09:19.000000,Sunday,2025-02-23T15:09:19.000000,2025-02-23T19:09:19.000000,4
CHG-0000165,Configure new SFTP connection to external partner,Facilities,Jack Sparrow,Jack Sparrow,Matrix,Service C,Medium,Medium,Low,Closed,High,2025-02-23T22:02:42.000000,Sunday,2025-02-24T01:02:42.000000,2025-02-25T07:02:42.000000,3
CHG-0000166,Deploy hotfix for production application issue,Data,Jack Sparrow,Jack Sparrow,Matrix,Service C,Low,Low,Medium,Closed,Medium,2025-02-23T02:26:51.000000,Sunday,2025-02-23T06:26:51.000000,2025-02-24T07:26:51.000000,5
CHG-0000167,Implement new password policy across domain,Data,Iron Man,Iron Man,Avengers,Service C,High,Low,Low,New,Medium,2025-02-23T19:37:25.000000,Sunday,,,3
CHG-0000168,Change load balancer configuration for improved failover,Complaint,Captain Marvel,Captain Marvel,Avengers II,Service A,Medium,Low,Low,Closed,Low,2025-02-23T10:42:15.000000,Sunday,2025-02-23T12:42:15.000000,2025-02-24T15:42:15.000000,4
CHG-0000169,Replace legacy file server with new storage system,Hardware,Thor,Thor,Avengers,Service E,Low,Medium,Low,Closed,Medium,2025-02-24T05:52:06.000000,Monday,2025-02-24T08:52:06.000000,2025-02-25T17:52:06.000000,4
CHG-0000170,Change Active Directory group membership for user access,Access,Thor,Thor,Avengers,Service E,Medium,Low,Low,Closed,High,2025-02-24T15:37:23.000000,Monday,2025-02-24T22:37:23.000000,2025-02-26T10:37:23.000000,1
CHG-0000171,Change time synchronization settings for servers,Network,Captain Marvel,Captain Marvel,Avengers II,Service C,High,High,High,Closed,High,2025-02-24T19:29:02.000000,Monday,2025-02-24T22:29:02.000000,2025-02-26T07:29:02.000000,5
CHG-0000172,Replace legacy file server with new storage system,Hardware,Hulk,Hulk,Avengers,Service A,Low,High,Medium,Closed,Medium,2025-02-24T08:00:33.000000,Monday,2025-02-24T12:00:33.000000,2025-02-24T21:00:33.000000,3
CHG-0000173,Increase disk space allocation on application server,Hardware,Thor,Thor,Avengers,Service C,Low,Low,High,Closed,Low,2025-02-25T12:28:30.000000,Tuesday,2025-02-25T17:28:30.000000,2025-02-26T20:28:30.000000,1
CHG-0000174,Change print server configuration for new printers,Hardware,Iron Man,Iron Man,Avengers,Service D,Low,Medium,High,Closed,Medium,2025-02-26T06:02:52.000000,Wednesday,2025-02-26T08:02:52.000000,2025-02-27T07:02:52.000000,5
CHG-0000175,Reconfigure service monitoring checks for new URLs,Failure,John Cena,John Cena,Matrix,Service B,Low,High,Medium,In Progress,High,2025-02-26T13:45:52.000000,Wednesday,2025-02-26T18:45:52.000000,,4
CHG-0000176,Introduce new email disclaimer for outgoing messages,Failure,John Wick,John Wick,Matrix,Service C,High,Low,Medium,Closed,Low,2025-02-26T16:18:31.000000,Wednesday,2025-02-26T20:18:31.000000,2025-02-27T08:18:31.000000,0
CHG-0000177,Change scheduled job timing for batch processing,Facilities,Doctor Strange,Doctor Strange,Avengers II,Service E,High,Medium,Low,Closed,Medium,2025-02-27T09:22:23.000000,Thursday,2025-02-27T16:22:23.000000,2025-02-28T10:22:23.000000,5
CHG-0000178,Update SSL/TLS certificates on web servers,Complaint,Loki,Loki,Avengers,Service C,High,High,Medium,Closed,Medium,2025-02-27T16:37:51.000000,Thursday,2025-02-28T00:37:51.000000,2025-02-28T15:37:51.000000,5
CHG-0000179,Change configuration of web application firewall policies,Complaint,Captain America,Captain America,Avengers,Service D,Low,Low,Low,Closed,High,2025-02-28T00:47:00.000000,Friday,2025-02-28T03:47:00.000000,2025-03-01T07:47:00.000000,5
CHG-0000180,Implement new access roles in identity management system,Hardware,Captain America,Captain America,Avengers,Service B,High,Medium,High,Closed,Medium,2025-02-28T17:38:22.000000,Friday,2025-02-28T21:38:22.000000,2025-03-01T23:38:22.000000,3
CHG-0000181,Upgrade virtualization platform to latest version,Data,Doctor Strange,Doctor Strange,Avengers II,Service B,Medium,Medium,Low,In Progress,Low,2025-02-28T21:49:14.000000,Friday,2025-03-01T05:49:14.000000,,3
CHG-0000182,Deploy new release of core banking application,Complaint,Hulk,Hulk,Avengers,Service D,High,Medium,Medium,Closed,Medium,2025-03-01T21:48:29.000000,Saturday,2025-03-01T23:48:29.000000,2025-03-02T20:48:29.000000,4
CHG-0000183,Upgrade virtualization platform to latest version,Data,Thor,Thor,Avengers,Service A,Medium,Low,Medium,Closed,Low,2025-03-01T15:03:38.000000,Saturday,2025-03-01T18:03:38.000000,2025-03-02T11:03:38.000000,3
CHG-0000184,Update DNS records for application hostname change,Facilities,Thor,Thor,Avengers,Service E,High,Medium,Low,Closed,High,2025-03-02T03:23:15.000000,Sunday,2025-03-02T09:23:15.000000,2025-03-03T13:23:15.000000,4
CHG-0000185,Deploy new version of mobile banking API,Data,Iron Man,Iron Man,Avengers,Service C,Low,Medium,High,Closed,Medium,2025-03-03T08:27:31.000000,Monday,2025-03-03T13:27:31.000000,2025-03-04T15:27:31.000000,0
CHG-0000186,Implement firewall rule change for new service endpoint,Software,Thor,Thor,Avengers,Service A,Medium,Low,Low,Closed,High,2025-03-03T14:54:35.000000,Monday,2025-03-03T21:54:35.000000,2025-03-04T16:54:35.000000,5
CHG-0000187,Deploy new release of core banking application,Software,Neo,Neo,Matrix,Service E,Low,Low,Low,Closed,Medium,2025-03-03T22:35:42.000000,Monday,2025-03-04T00:35:42.000000,2025-03-04T15:35:42.000000,5
CHG-0000188,Add new subnet to internal network for project team,Facilities,Captain America,Captain America,Avengers,Service B,Low,Low,Low,New,Low,2025-03-04T22:07:24.000000,Tuesday,,,3
CHG-0000189,Deploy hotfix for production application issue,Network,Thor,Thor,Avengers,Service C,Low,Low,High,Closed,Low,2025-03-04T04:48:10.000000,Tuesday,2025-03-04T07:48:10.000000,2025-03-05T02:48:10.000000,4
CHG-0000190,Apply monthly security patches to production servers,Facilities,Captain Marvel,Captain Marvel,Avengers II,Service B,High,Low,Low,In Progress,Medium,2025-03-04T22:13:43.000000,Tuesday,2025-03-05T01:13:43.000000,,5
CHG-0000191,Implement new access roles in identity management system,Network,Loki,Loki,Avengers,Service D,Low,High,Medium,Closed,Medium,2025-03-04T02:32:25.000000,Tuesday,2025-03-04T08:32:25.000000,2025-03-04T10:32:25.000000,1
CHG-0000192,Implement role-based access control for application,Facilities,Shang Chi,Shang Chi,Avengers II,Service A,Medium,Low,High,Closed,Critical,2025-03-05T11:34:42.000000,Wednesday,2025-03-05T15:34:42.000000,2025-03-06T02:34:42.000000,5
CHG-0000193,Introduce new email disclaimer for outgoing messages,Complaint,Hulk,Hulk,Avengers,Service E,Low,Medium,Low,On Hold,Medium,2025-03-06T06:18:48.000000,Thursday,,,0
CHG-0000194,Increase disk space allocation on application server,Complaint,Hulk,Hulk,Avengers,Service C,High,Medium,Medium,New,High,2025-03-07T01:57:21.000000,Friday,,,4
CHG-0000195,Apply configuration changes to intrusion detection system,Data,Captain America,Captain America,Avengers,Service C,High,High,High,Closed,Critical,2025-03-07T00:07:26.000000,Friday,2025-03-07T06:07:26.000000,2025-03-08T06:07:26.000000,0
CHG-0000196,Replace legacy file server with new storage system,Hardware,Loki,Loki,Avengers,Service C,High,Low,Low,Closed,Medium,2025-03-07T07:05:41.000000,Friday,2025-03-07T15:05:41.000000,2025-03-08T21:05:41.000000,4
CHG-0000197,Implement firewall rule change for new service endpoint,Network,Hulk,Hulk,Avengers,Service A,Medium,High,Low,Closed,Low,2025-03-08T19:38:14.000000,Saturday,2025-03-08T21:38:14.000000,2025-03-09T23:38:14.000000,4
CHG-0000198,Change email gateway configuration for spam filtering,Complaint,Iron Man,Iron Man,Avengers,Service E,Low,High,Medium,Closed,Low,2025-03-08T18:56:24.000000,Saturday,2025-03-09T02:56:24.000000,2025-03-10T10:56:24.000000,2
CHG-0000199,Change print server configuration for new printers,Complaint,Captain Marvel,Captain Marvel,Avengers II,Service E,High,Low,Low,Closed,Medium,2025-03-09T00:58:48.000000,Sunday,2025-03-09T02:58:48.000000,2025-03-10T14:58:48.000000,2
CHG-0000200,Deploy updated configuration for network switches,Facilities,Loki,Loki,Avengers,Service B,High,High,Medium,In Progress,Critical,2025-03-09T08:22:04.000000,Sunday,2025-03-09T14:22:04.000000,,0
CHG-0000201,Adjust monitoring thresholds for critical alerts,Software,Loki,Loki,Avengers,Service D,Medium,High,High,Closed,Medium,2025-03-09T14:39:18.000000,Sunday,2025-03-09T17:39:18.000000,2025-03-10T08:39:18.000000,1
CHG-0000202,Upgrade virtualization platform to latest version,Failure,Captain America,Captain America,Avengers,Service A,Medium,High,Low,Closed,High,2025-03-09T15:36:40.000000,Sunday,2025-03-09T21:36:40.000000,2025-03-10T00:36:40.000000,2
CHG-0000203,Migrate application from test to production environment,Complaint,Loki,Loki,Avengers,Service B,Medium,Medium,Low,New,Medium,2025-03-10T01:49:16.000000,Monday,,,4
CHG-0000204,Implement new change in batch file transfer process,Network,Loki,Loki,Avengers,Service A,Medium,High,Medium,Closed,High,2025-03-10T13:30:01.000000,Monday,2025-03-10T21:30:01.000000,2025-03-11T00:30:01.000000,0
CHG-0000205,Migrate application from test to production environment,Data,Hulk,Hulk,Avengers,Service D,Medium,High,Low,Closed,High,2025-03-11T06:30:32.000000,Tuesday,2025-03-11T09:30:32.000000,2025-03-12T09:30:32.000000,1
CHG-0000206,Update configuration for single sign-on integration,Access,Spiderman,Spiderman,Avengers II,Service B,High,High,Medium,Closed,Medium,2025-03-11T21:51:40.000000,Tuesday,2025-03-12T05:51:40.000000,2025-03-13T08:51:40.000000,4
CHG-0000207,Update configuration for single sign-on integration,Facilities,Loki,Loki,Avengers,Service B,Low,Medium,Medium,New,Low,2025-03-12T04:18:50.000000,Wednesday,,,1
CHG-0000208,Modify service account permissions for application,Network,John Cena,John Cena,Matrix,Service E,Medium,Low,Medium,Closed,High,2025-03-13T16:38:55.000000,Thursday,2025-03-13T20:38:55.000000,2025-03-14T07:38:55.000000,1
CHG-0000209,Implement new proxy configuration for internet access,Data,Loki,Loki,Avengers,Service A,Medium,High,High,Closed,High,2025-03-13T20:58:41.000000,Thursday,2025-03-14T01:58:41.000000,2025-03-14T13:58:41.000000,0
CHG-0000210,Enable encryption at rest for database storage,Hardware,Loki,Loki,Avengers,Service C,High,Medium,Medium,Closed,High,2025-03-13T05:44:40.000000,Thursday,2025-03-13T11:44:40.000000,2025-03-14T17:44:40.000000,4
CHG-0000211,Change print server configuration for new printers,Data,Iron Man,Iron Man,Avengers,Service B,Low,Medium,Low,On Hold,High,2025-03-14T23:56:11.000000,Friday,,,5
CHG-0000212,Configure new SFTP connection to external partner,Facilities,Captain America,Captain America,Avengers,Service B,Low,Medium,Medium,Closed,High,2025-03-15T13:41:33.000000,Saturday,2025-03-15T18:41:33.000000,2025-03-16T11:41:33.000000,0
CHG-0000213,Introduce new logging and monitoring rules for servers,Data,Iron Man,Iron Man,Avengers,Service B,Medium,Medium,High,Closed,High,2025-03-15T15:36:40.000000,Saturday,2025-03-15T19:36:40.000000,2025-03-16T22:36:40.000000,1
CHG-0000214,Apply monthly security patches to production servers,Data,Shang Chi,Shang Chi,Avengers II,Service D,High,Low,Low,Closed,Critical,2025-03-16T22:14:21.000000,Sunday,2025-03-17T03:14:21.000000,2025-03-18T06:14:21.000000,0
CHG-0000215,Change DHCP scope settings for office network,Access,John Cena,John Cena,Matrix,Service C,Medium,High,Medium,Closed,High,2025-03-16T04:45:27.000000,Sunday,2025-03-16T08:45:27.000000,2025-03-17T12:45:27.000000,0
CHG-0000216,Implement new retention policy for log data,Data,Thor,Thor,Avengers,Service B,High,Low,High,Closed,High,2025-03-17T22:59:53.000000,Monday,2025-03-18T06:59:53.000000,2025-03-18T15:59:53.000000,4
CHG-0000217,Update configuration for single sign-on integration,Access,Hulk,Hulk,Avengers,Service D,Medium,High,Low,Closed,Medium,2025-03-18T17:15:05.000000,Tuesday,2025-03-19T00:15:05.000000,2025-03-19T06:15:05.000000,2
CHG-0000218,Migrate user mailboxes to new email platform,Failure,Loki,Loki,Avengers,Service A,High,High,High,Closed,Medium,2025-03-19T05:48:20.000000,Wednesday,2025-03-19T10:48:20.000000,2025-03-20T19:48:20.000000,0
CHG-0000219,Deploy new version of endpoint management agent,Complaint,Thor,Thor,Avengers,Service D,Medium,High,Low,Closed,High,2025-03-19T20:47:07.000000,Wednesday,2025-03-19T23:47:07.000000,2025-03-20T04:47:07.000000,4
CHG-0000220,Add new subnet to internal network for project team,Network,Hulk,Hulk,Avengers,Service E,High,High,High,On Hold,Medium,2025-03-20T01:57:48.000000,Thursday,,,0
CHG-0000221,Change load balancer configuration for improved failover,Access,Batman,Batman,Matrix,Service E,Medium,Low,Medium,Closed,High,2025-03-20T10:53:16.000000,Thursday,2025-03-20T13:53:16.000000,2025-03-20T20:53:16.000000,3
CHG-0000222,Implement new access roles in identity management system,Hardware,Thor,Thor,Avengers,Service E,Low,Medium,Low,Closed,High,2025-03-21T22:29:02.000000,Friday,2025-03-22T03:29:02.000000,2025-03-23T05:29:02.000000,4
CHG-0000223,Reconfigure backup schedule for critical databases,Network,Jack Sparrow,Jack Sparrow,Matrix,Service B,Low,Medium,Low,Closed,High,2025-03-22T02:05:27.000000,Saturday,2025-03-22T08:05:27.000000,2025-03-23T18:05:27.000000,0
CHG-0000224,Upgrade virtualization platform to latest version,Access,Hulk,Hulk,Avengers,Service A,Medium,Low,Low,Closed,Medium,2025-03-22T06:38:37.000000,Saturday,2025-03-22T09:38:37.000000,2025-03-23T08:38:37.000000,4
CHG-0000225,Modify VPN access policy for remote employees,Software,Shang Chi,Shang Chi,Avengers II,Service A,Medium,Medium,Low,Closed,Medium,2025-03-23T06:06:30.000000,Sunday,2025-03-23T08:06:30.000000,2025-03-24T14:06:30.000000,0
CHG-0000226,Implement new change in batch file transfer process,Software,Thor,Thor,Avengers,Service C,Medium,Medium,High,Closed,Low,2025-03-23T10:08:17.000000,Sunday,2025-03-23T13:08:17.000000,2025-03-23T23:08:17.000000,5
CHG-0000227,Change time synchronization settings for servers,Hardware,Iron Man,Iron Man,Avengers,Service D,High,Medium,Medium,New,Medium,2025-03-23T22:21:54.000000,Sunday,,,2
CHG-0000228,Adjust monitoring thresholds for critical alerts,Hardware,Iron Man,Iron Man,Avengers,Service E,Medium,Low,Medium,Closed,Medium,2025-03-23T04:18:37.000000,Sunday,2025-03-23T12:18:37.000000,2025-03-25T00:18:37.000000,0
CHG-0000229,Introduce new logging and monitoring rules for servers,Failure,Iron Man,Iron Man,Avengers,Service D,High,Medium,Low,Closed,Low,2025-03-23T08:02:58.000000,Sunday,2025-03-23T11:02:58.000000,2025-03-23T16:02:58.000000,4
CHG-0000230,Update DNS records for application hostname change,Complaint,Shang Chi,Shang Chi,Avengers II,Service D,Medium,High,Low,Closed,High,2025-03-24T09:27:24.000000,Monday,2025-03-24T14:27:24.000000,2025-03-25T23:27:24.000000,1
CHG-0000231,Implement new access roles in identity management system,Facilities,Thor,Thor,Avengers,Service B,Low,Low,Low,Closed,Medium,2025-03-25T12:24:03.000000,Tuesday,2025-03-25T19:24:03.000000,2025-03-26T21:24:03.000000,5
CHG-0000232,Increase disk space allocation on application server,Access,Batman,Batman,Matrix,Service C,Low,Low,Medium,Closed,Critical,2025-03-25T10:02:57.000000,Tuesday,2025-03-25T14:02:57.000000,2025-03-25T23:02:57.000000,4
CHG-0000233,Deploy new version of endpoint management agent,Complaint,Batman,Batman,Matrix,Service A,Medium,High,High,Closed,High,2025-03-25T14:02:16.000000,Tuesday,2025-03-25T16:02:16.000000,2025-03-25T20:02:16.000000,3
CHG-0000234,Implement firewall rule change for new service endpoint,Access,Captain Marvel,Captain Marvel,Avengers II,Service D,High,Low,Low,Closed,High,2025-03-26T22:27:54.000000,Wednesday,2025-03-27T02:27:54.000000,2025-03-28T12:27:54.000000,2
CHG-0000235,Update configuration for single sign-on integration,Hardware,Captain America,Captain America,Avengers,Service C,Medium,Low,Low,Closed,Medium,2025-03-26T20:04:18.000000,Wednesday,2025-03-26T23:04:18.000000,2025-03-28T09:04:18.000000,5
CHG-0000236,Modify VPN access policy for remote employees,Software,Loki,Loki,Avengers,Service B,Low,Low,Medium,Closed,Critical,2025-03-26T04:26:39.000000,Wednesday,2025-03-26T10:26:39.000000,2025-03-27T01:26:39.000000,3
CHG-0000237,Deploy new version of mobile banking API,Data,Spiderman,Spiderman,Avengers II,Service C,Medium,Medium,Low,Closed,High,2025-03-27T17:41:35.000000,Thursday,2025-03-27T19:41:35.000000,2025-03-28T07:41:35.000000,2
CHG-0000238,Change scheduled job timing for batch processing,Complaint,Thor,Thor,Avengers,Service B,Low,High,Low,Closed,High,2025-03-27T06:11:32.000000,Thursday,2025-03-27T08:11:32.000000,2025-03-28T13:11:32.000000,3
CHG-0000239,Implement new proxy configuration for internet access,Failure,Loki,Loki,Avengers,Service C,High,Medium,Medium,Closed,Low,2025-03-28T19:35:36.000000,Friday,2025-03-28T21:35:36.000000,2025-03-29T07:35:36.000000,4
CHG-0000240,Migrate application from test to production environment,Facilities,Captain Marvel,Captain Marvel,Avengers II,Service C,High,Medium,Medium,Closed,High,2025-03-28T04:35:51.000000,Friday,2025-03-28T09:35:51.000000,2025-03-29T09:35:51.000000,0
CHG-0000241,Implement new password policy across domain,Hardware,Hulk,Hulk,Avengers,Service B,Low,Medium,Low,Closed,High,2025-03-28T12:55:46.000000,Friday,2025-03-28T18:55:46.000000,2025-03-30T00:55:46.000000,3
CHG-0000242,Implement new password policy across domain,Network,Hulk,Hulk,Avengers,Service D,High,Low,High,Closed,Critical,2025-03-28T19:20:24.000000,Friday,2025-03-28T22:20:24.000000,2025-03-30T01:20:24.000000,1
CHG-0000243,Update configuration for single sign-on integration,Network,Captain Marvel,Captain Marvel,Avengers II,Service E,High,Medium,High,Closed,Low,2025-03-28T13:59:49.000000,Friday,2025-03-28T21:59:49.000000,2025-03-30T08:59:49.000000,5
CHG-0000244,Update DNS records for application hostname change,Complaint,Thor,Thor,Avengers,Service E,Low,Low,Low,Closed,Medium,2025-03-29T17:48:41.000000,Saturday,2025-03-29T19:48:41.000000,2025-03-30T08:48:41.000000,2
CHG-0000245,Replace legacy file server with new storage system,Hardware,Hulk,Hulk,Avengers,Service E,High,Medium,High,Closed,High,2025-03-29T19:01:33.000000,Saturday,2025-03-29T22:01:33.000000,2025-03-30T21:01:33.000000,5
CHG-0000246,Upgrade operating system on middleware servers,Failure,Spiderman,Spiderman,Avengers II,Service E,Low,Low,Low,Closed,High,2025-03-29T13:32:42.000000,Saturday,2025-03-29T19:32:42.000000,2025-03-30T02:32:42.000000,2
CHG-0000247,Modify service account permissions for application,Hardware,John Wick,John Wick,Matrix,Service A,Low,Medium,High,Closed,Medium,2025-03-29T22:27:42.000000,Saturday,2025-03-30T04:27:42.000000,2025-03-31T05:27:42.000000,0
CHG-0000248,Deploy new release of core banking application,Network,Thor,Thor,Avengers,Service E,Medium,Medium,Medium,Closed,High,2025-03-30T22:23:50.000000,Sunday,2025-03-31T05:23:50.000000,2025-03-31T12:23:50.000000,3
CHG-0000249,Change print server configuration for new printers,Hardware,Thor,Thor,Avengers,Service A,Low,Low,High,Closed,High,2025-03-30T14:42:39.000000,Sunday,2025-03-30T18:42:39.000000,2025-03-31T16:42:39.000000,1
CHG-0000250,Upgrade virtualization platform to latest version,Software,Hulk,Hulk,Avengers,Service A,Medium,High,High,Closed,High,2025-03-30T09:42:02.000000,Sunday,2025-03-30T11:42:02.000000,2025-03-31T02:42:02.000000,5
CHG-0000251,Deploy hotfix for production application issue,Complaint,John Cena,John Cena,Matrix,Service D,Low,High,High,Closed,High,2025-03-30T11:17:35.000000,Sunday,2025-03-30T15:17:35.000000,2025-03-30T21:17:35.000000,1
CHG-0000252,Migrate application from test to production environment,Complaint,John Cena,John Cena,Matrix,Service B,Medium,High,High,Closed,Medium,2025-03-30T17:44:07.000000,Sunday,2025-03-31T00:44:07.000000,2025-04-01T09:44:07.000000,5
CHG-0000253,Apply configuration changes to intrusion detection system,Failure,Doctor Strange,Doctor Strange,Avengers II,Service B,Low,Low,High,Closed,Medium,2025-03-31T12:07:51.000000,Monday,2025-03-31T15:07:51.000000,2025-04-01T22:07:51.000000,1
CHG-0000254,Migrate application from test to production environment,Facilities,Shang Chi,Shang Chi,Avengers II,Service C,Low,Low,High,Closed,Medium,2025-03-31T05:01:04.000000,Monday,2025-03-31T07:01:04.000000,2025-04-01T07:01:04.000000,4
CHG-0000255,Update network share permissions for project folder,Software,Thor,Thor,Avengers,Service A,Low,High,Medium,Closed,Critical,2025-03-31T07:04:36.000000,Monday,2025-03-31T12:04:36.000000,2025-04-01T03:04:36.000000,4
CHG-0000256,Reconfigure application timeout settings,Failure,Spiderman,Spiderman,Avengers II,Service D,Medium,Low,High,Closed,Medium,2025-03-31T15:33:44.000000,Monday,2025-03-31T17:33:44.000000,2025-04-01T13:33:44.000000,5
CHG-0000257,Upgrade database server to latest minor version,Access,Hulk,Hulk,Avengers,Service A,Medium,High,Medium,Closed,Medium,2025-03-31T17:10:24.000000,Monday,2025-04-01T00:10:24.000000,2025-04-01T15:10:24.000000,2
CHG-0000258,Change network routing for branch office connectivity,Software,Iron Man,Iron Man,Avengers,Service B,Low,High,Medium,Closed,Low,2025-04-01T15:30:25.000000,Tuesday,2025-04-01T23:30:25.000000,2025-04-02T15:30:25.000000,2
CHG-0000259,Update API gateway rules for new service endpoints,Access,Captain Marvel,Captain Marvel,Avengers II,Service C,High,Medium,Low,On Hold,High,2025-04-02T03:07:22.000000,Wednesday,,,0
CHG-0000260,Deploy new version of mobile banking API,Access,Loki,Loki,Avengers,Service B,High,High,High,Closed,High,2025-04-03T02:13:22.000000,Thursday,2025-04-03T08:13:22.000000,2025-04-04T09:13:22.000000,3
CHG-0000261,Upgrade operating system on middleware servers,Failure,Batman,Batman,Matrix,Service A,High,Low,Low,Closed,High,2025-04-03T08:31:55.000000,Thursday,2025-04-03T12:31:55.000000,2025-04-04T18:31:55.000000,3
CHG-0000262,Change time synchronization settings for servers,Complaint,Neo,Neo,Matrix,Service E,High,High,Low,Closed,Medium,2025-04-03T03:26:37.000000,Thursday,2025-04-03T05:26:37.000000,2025-04-04T05:26:37.000000,1
CHG-0000263,Reconfigure application timeout settings,Access,Captain America,Captain America,Avengers,Service B,Low,Medium,High,Closed,High,2025-04-03T01:05:09.000000,Thursday,2025-04-03T09:05:09.000000,2025-04-03T13:05:09.000000,2
CHG-0000264,Deploy new configuration for password self-service portal,Software,Loki,Loki,Avengers,Service D,High,High,High,Closed,Medium,2025-04-04T11:01:17.000000,Friday,2025-04-04T15:01:17.000000,2025-04-05T22:01:17.000000,3
CHG-0000265,Change time synchronization settings for servers,Access,Thor,Thor,Avengers,Service B,High,Medium,High,Closed,Medium,2025-04-04T06:04:27.000000,Friday,2025-04-04T08:04:27.000000,2025-04-05T18:04:27.000000,2
CHG-0000266,Change Active Directory group membership for user access,Access,Hulk,Hulk,Avengers,Service A,Medium,Medium,Low,Closed,High,2025-04-05T14:22:46.000000,Saturday,2025-04-05T19:22:46.000000,2025-04-07T05:22:46.000000,4
CHG-0000267,Update DNS records for application hostname change,Failure,Shang Chi,Shang Chi,Avengers II,Service E,Medium,Medium,High,Closed,High,2025-04-05T04:02:34.000000,Saturday,2025-04-05T10:02:34.000000,2025-04-06T06:02:34.000000,4
CHG-0000268,Deploy new release of core banking application,Complaint,Doctor Strange,Doctor Strange,Avengers II,Service E,High,High,High,Closed,High,2025-04-05T05:21:57.000000,Saturday,2025-04-05T08:21:57.000000,2025-04-06T10:21:57.000000,0
CHG-0000269,Configure new high-availability cluster for database,Failure,Doctor Strange,Doctor Strange,Avengers II,Service B,High,Low,Low,Closed,Medium,2025-04-05T21:11:50.000000,Saturday,2025-04-06T01:11:50.000000,2025-04-06T21:11:50.000000,4
CHG-0000270,Introduce new email disclaimer for outgoing messages,Complaint,John Wick,John Wick,Matrix,Service C,Low,Low,Medium,Closed,High,2025-04-05T18:06:30.000000,Saturday,2025-04-05T22:06:30.000000,2025-04-07T04:06:30.000000,5
CHG-0000271,Enable multi-factor authentication for VPN users,Complaint,Loki,Loki,Avengers,Service D,High,Medium,High,Closed,Medium,2025-04-06T06:35:03.000000,Sunday,2025-04-06T11:35:03.000000,2025-04-07T18:35:03.000000,1
CHG-0000272,Increase disk space allocation on application server,Software,Captain Marvel,Captain Marvel,Avengers II,Service D,Medium,High,Low,Closed,Medium,2025-04-06T17:17:27.000000,Sunday,2025-04-07T01:17:27.000000,2025-04-07T16:17:27.000000,5
CHG-0000273,Deploy new version of endpoint management agent,Hardware,Spiderman,Spiderman,Avengers II,Service E,High,Low,Low,Closed,Critical,2025-04-06T23:10:49.000000,Sunday,2025-04-07T04:10:49.000000,2025-04-07T16:10:49.000000,1
CHG-0000274,Enable encryption at rest for database storage,Software,Doctor Strange,Doctor Strange,Avengers II,Service D,Low,Medium,Low,Closed,High,2025-04-06T23:14:46.000000,Sunday,2025-04-07T05:14:46.000000,2025-04-08T06:14:46.000000,1
CHG-0000275,Update configuration for single sign-on integration,Failure,Spiderman,Spiderman,Avengers II,Service B,Medium,Low,Medium,Closed,High,2025-04-07T09:53:39.000000,Monday,2025-04-07T16:53:39.000000,2025-04-08T01:53:39.000000,5
CHG-0000276,Reconfigure backup schedule for critical databases,Access,Captain America,Captain America,Avengers,Service C,Medium,Medium,High,Closed,Medium,2025-04-07T16:50:46.000000,Monday,2025-04-08T00:50:46.000000,2025-04-09T03:50:46.000000,1
CHG-0000277,Implement new proxy configuration for internet access,Complaint,Doctor Strange,Doctor Strange,Avengers II,Service D,Medium,High,High,Closed,Low,2025-04-08T06:06:24.000000,Tuesday,2025-04-08T11:06:24.000000,2025-04-09T16:06:24.000000,5
CHG-0000278,Implement new software deployment package for endpoints,Access,John Wick,John Wick,Matrix,Service D,Medium,High,Medium,Closed,High,2025-04-08T11:33:16.000000,Tuesday,2025-04-08T16:33:16.000000,2025-04-09T14:33:16.000000,2
CHG-0000279,Update configuration for single sign-on integration,Data,Spiderman,Spiderman,Avengers II,Service D,High,High,Low,Closed,Low,2025-04-09T14:03:01.000000,Wednesday,2025-04-09T22:03:01.000000,2025-04-10T13:03:01.000000,4
CHG-0000280,Deploy new configuration for password self-service portal,Software,Hulk,Hulk,Avengers,Service C,High,High,High,Closed,Medium,2025-04-09T22:59:27.000000,Wednesday,2025-04-10T05:59:27.000000,2025-04-10T08:59:27.000000,0
CHG-0000281,Modify service account permissions for application,Facilities,Iron Man,Iron Man,Avengers,Service C,Low,Medium,Medium,Closed,Low,2025-04-09T09:56:42.000000,Wednesday,2025-04-09T12:56:42.000000,2025-04-09T18:56:42.000000,4
CHG-0000282,Update API gateway rules for new service endpoints,Facilities,Hulk,Hulk,Avengers,Service C,High,Medium,Medium,On Hold,High,2025-04-10T22:06:07.000000,Thursday,,,2
CHG-0000283,Change email gateway configuration for spam filtering,Access,Batman,Batman,Matrix,Service A,High,High,Low,Closed,High,2025-04-10T20:39:40.000000,Thursday,2025-04-10T22:39:40.000000,2025-04-12T05:39:40.000000,4
CHG-0000284,Implement role-based access control for application,Complaint,Captain America,Captain America,Avengers,Service B,Medium,Low,Low,Closed,High,2025-04-11T03:47:48.000000,Friday,2025-04-11T09:47:48.000000,2025-04-12T18:47:48.000000,1
CHG-0000285,Increase disk space allocation on application server,Software,Loki,Loki,Avengers,Service C,Medium,Low,Low,Closed,Medium,2025-04-12T05:24:40.000000,Saturday,2025-04-12T09:24:40.000000,2025-04-12T23:24:40.000000,4
CHG-0000286,Change scheduled job timing for batch processing,Failure,Hulk,Hulk,Avengers,Service E,Low,High,Low,Closed,Medium,2025-04-12T23:24:52.000000,Saturday,2025-04-13T03:24:52.000000,2025-04-13T06:24:52.000000,3
CHG-0000287,Modify VPN access policy for remote employees,Complaint,Spiderman,Spiderman,Avengers II,Service E,Medium,High,Low,Closed,High,2025-04-12T04:48:35.000000,Saturday,2025-04-12T09:48:35.000000,2025-04-13T16:48:35.000000,5
CHG-0000288,Decommission obsolete virtual machines,Hardware,John Cena,John Cena,Matrix,Service C,Low,Medium,Low,Closed,High,2025-04-13T07:19:51.000000,Sunday,2025-04-13T14:19:51.000000,2025-04-14T16:19:51.000000,3
CHG-0000289,Migrate application from test to production environment,Software,Doctor Strange,Doctor Strange,Avengers II,Service E,High,Medium,Low,Closed,Medium,2025-04-14T06:02:40.000000,Monday,2025-04-14T12:02:40.000000,2025-04-14T22:02:40.000000,1
CHG-0000290,Migrate user mailboxes to new email platform,Facilities,Shang Chi,Shang Chi,Avengers II,Service A,Low,Medium,Medium,On Hold,Medium,2025-04-14T08:47:02.000000,Monday,,,5
CHG-0000291,Migrate application from test to production environment,Software,Thor,Thor,Avengers,Service E,Medium,Low,Low,Closed,High,2025-04-14T15:00:57.000000,Monday,2025-04-14T19:00:57.000000,2025-04-15T20:00:57.000000,4
CHG-0000292,Implement new retention policy for log data,Complaint,Doctor Strange,Doctor Strange,Avengers II,Service C,High,Low,High,Closed,High,2025-04-14T10:02:31.000000,Monday,2025-04-14T16:02:31.000000,2025-04-15T10:02:31.000000,2
CHG-0000293,Change load balancer configuration for improved failover,Facilities,Captain America,Captain America,Avengers,Service D,Medium,High,High,Closed,Medium,2025-04-14T12:32:06.000000,Monday,2025-04-14T20:32:06.000000,2025-04-15T18:32:06.000000,3
CHG-0000294,Add new subnet to internal network for project team,Hardware,Hulk,Hulk,Avengers,Service D,High,Medium,High,Closed,Medium,2025-04-15T21:45:46.000000,Tuesday,2025-04-16T02:45:46.000000,2025-04-16T20:45:46.000000,1
CHG-0000295,Update API gateway rules for new service endpoints,Facilities,John Cena,John Cena,Matrix,Service A,High,High,High,In Progress,Critical,2025-04-16T06:43:25.000000,Wednesday,2025-04-16T14:43:25.000000,,0
CHG-0000296,Reconfigure application timeout settings,Facilities,Captain Marvel,Captain Marvel,Avengers II,Service E,Medium,High,Medium,Closed,Medium,2025-04-16T19:38:01.000000,Wednesday,2025-04-17T00:38:01.000000,2025-04-17T12:38:01.000000,1
CHG-0000297,Upgrade virtualization platform to latest version,Software,Loki,Loki,Avengers,Service B,Medium,Low,Low,Closed,High,2025-04-16T05:13:53.000000,Wednesday,2025-04-16T10:13:53.000000,2025-04-17T09:13:53.000000,4
CHG-0000298,Change email gateway configuration for spam filtering,Network,Captain Marvel,Captain Marvel,Avengers II,Service D,Low,Medium,High,In Progress,Medium,2025-04-16T23:07:54.000000,Wednesday,2025-04-17T01:07:54.000000,,4
CHG-0000299,Apply configuration changes to intrusion detection system,Failure,Neo,Neo,Matrix,Service B,Low,Medium,High,Closed,Low,2025-04-17T11:54:36.000000,Thursday,2025-04-17T15:54:36.000000,2025-04-18T09:54:36.000000,5
CHG-0000300,Add new subnet to internal network for project team,Software,Captain America,Captain America,Avengers,Service D,Medium,Medium,Medium,Closed,High,2025-04-17T19:13:53.000000,Thursday,2025-04-17T22:13:53.000000,2025-04-18T08:13:53.000000,1
CHG-0000301,Implement new access roles in identity management system,Data,Thor,Thor,Avengers,Service A,High,Low,High,Closed,Medium,2025-04-17T07:20:46.000000,Thursday,2025-04-17T13:20:46.000000,2025-04-17T23:20:46.000000,5
CHG-0000302,Implement new retention policy for log data,Facilities,Spiderman,Spiderman,Avengers II,Service A,High,High,Medium,In Progress,Medium,2025-04-17T06:50:03.000000,Thursday,2025-04-17T08:50:03.000000,,4
CHG-0000303,Update SSL/TLS certificates on web servers,Failure,Spiderman,Spiderman,Avengers II,Service D,Low,Low,Low,Closed,Medium,2025-04-18T03:33:30.000000,Friday,2025-04-18T07:33:30.000000,2025-04-18T11:33:30.000000,1
CHG-0000304,Update configuration for single sign-on integration,Access,Doctor Strange,Doctor Strange,Avengers II,Service A,Low,High,High,Closed,High,2025-04-19T17:58:10.000000,Saturday,2025-04-19T23:58:10.000000,2025-04-20T17:58:10.000000,4
CHG-0000305,Deploy new release of core banking application,Access,Thor,Thor,Avengers,Service E,Medium,Medium,High,New,Medium,2025-04-20T23:57:47.000000,Sunday,,,0
CHG-0000306,Replace legacy file server with new storage system,Software,Spiderman,Spiderman,Avengers II,Service C,Low,High,High,On Hold,Medium,2025-04-20T06:03:24.000000,Sunday,,,3
CHG-0000307,Migrate application from test to production environment,Network,Jack Sparrow,Jack Sparrow,Matrix,Service D,Low,High,High,Closed,Medium,2025-04-21T10:32:40.000000,Monday,2025-04-21T13:32:40.000000,2025-04-22T10:32:40.000000,5
CHG-0000308,Migrate user mailboxes to new email platform,Network,Thor,Thor,Avengers,Service E,Low,Low,Medium,New,Critical,2025-04-21T15:45:35.000000,Monday,,,3
CHG-0000309,Update network share permissions for project folder,Complaint,Shang Chi,Shang Chi,Avengers II,Service D,High,Medium,High,Closed,Medium,2025-04-21T07:17:38.000000,Monday,2025-04-21T10:17:38.000000,2025-04-21T17:17:38.000000,0
CHG-0000310,Deploy hotfix for production application issue,Facilities,Spiderman,Spiderman,Avengers II,Service D,Low,Low,Medium,Closed,High,2025-04-21T10:51:01.000000,Monday,2025-04-21T12:51:01.000000,2025-04-22T16:51:01.000000,4
CHG-0000311,Upgrade virtualization platform to latest version,Data,Neo,Neo,Matrix,Service D,Low,High,Low,New,Low,2025-04-22T17:36:23.000000,Tuesday,,,1
CHG-0000312,Change DHCP scope settings for office network,Software,Hulk,Hulk,Avengers,Service D,Medium,High,Low,Closed,High,2025-04-22T00:39:01.000000,Tuesday,2025-04-22T05:39:01.000000,2025-04-22T08:39:01.000000,1
CHG-0000313,Change print server configuration for new printers,Complaint,Doctor Strange,Doctor Strange,Avengers II,Service C,Medium,Medium,Low,New,High,2025-04-22T20:13:40.000000,Tuesday,,,2
CHG-0000314,Update DNS records for application hostname change,Facilities,Batman,Batman,Matrix,Service B,High,Low,Medium,Closed,Medium,2025-04-22T22:30:23.000000,Tuesday,2025-04-23T01:30:23.000000,2025-04-24T05:30:23.000000,3
CHG-0000315,Configure new SFTP connection to external partner,Complaint,Thor,Thor,Avengers,Service D,Low,Low,Low,New,High,2025-04-22T18:39:29.000000,Tuesday,,,0
CHG-0000316,Enable encryption at rest for database storage,Data,Batman,Batman,Matrix,Service B,High,Medium,Medium,Closed,High,2025-04-23T21:10:03.000000,Wednesday,2025-04-24T03:10:03.000000,2025-04-25T09:10:03.000000,1
CHG-0000317,Update DNS records for application hostname change,Data,Neo,Neo,Matrix,Service A,Medium,Medium,Medium,Closed,High,2025-04-23T06:51:48.000000,Wednesday,2025-04-23T12:51:48.000000,2025-04-23T23:51:48.000000,4
CHG-0000318,Implement new software deployment package for endpoints,Data,Batman,Batman,Matrix,Service D,Medium,Medium,Low,Closed,High,2025-04-23T17:47:20.000000,Wednesday,2025-04-23T23:47:20.000000,2025-04-24T05:47:20.000000,5
CHG-0000319,Deploy new version of endpoint management agent,Failure,Thor,Thor,Avengers,Service C,High,High,Low,On Hold,High,2025-04-23T22:44:00.000000,Wednesday,,,3
CHG-0000320,Deploy new version of endpoint management agent,Failure,Iron Man,Iron Man,Avengers,Service B,Medium,Medium,Medium,Closed,Critical,2025-04-23T23:02:01.000000,Wednesday,2025-04-24T04:02:01.000000,2025-04-24T21:02:01.000000,5
CHG-0000321,Deploy hotfix for production application issue,Failure,Captain America,Captain America,Avengers,Service C,High,Medium,Medium,Closed,Low,2025-04-24T16:28:45.000000,Thursday,2025-04-24T21:28:45.000000,2025-04-25T05:28:45.000000,5
CHG-0000322,Change load balancer configuration for improved failover,Access,Captain America,Captain America,Avengers,Service E,High,Medium,Low,Closed,Medium,2025-04-24T06:31:32.000000,Thursday,2025-04-24T10:31:32.000000,2025-04-25T14:31:32.000000,3
CHG-0000323,Update DNS records for application hostname change,Software,Iron Man,Iron Man,Avengers,Service B,Medium,High,Medium,Closed,Critical,2025-04-24T07:31:26.000000,Thursday,2025-04-24T12:31:26.000000,2025-04-25T13:31:26.000000,5
CHG-0000324,Adjust CPU and memory resources for virtual servers,Network,Captain Marvel,Captain Marvel,Avengers II,Service A,Medium,Low,High,Closed,Medium,2025-04-25T01:47:10.000000,Friday,2025-04-25T03:47:10.000000,2025-04-26T13:47:10.000000,4
CHG-0000325,Deploy new version of mobile banking API,Hardware,John Wick,John Wick,Matrix,Service B,Low,Medium,High,Closed,Medium,2025-04-25T18:19:50.000000,Friday,2025-04-26T00:19:50.000000,2025-04-26T04:19:50.000000,5
CHG-0000326,Change DHCP scope settings for office network,Access,Neo,Neo,Matrix,Service D,Low,Low,Medium,Closed,Low,2025-04-25T21:52:33.000000,Friday,2025-04-26T05:52:33.000000,2025-04-26T11:52:33.000000,2
CHG-0000327,Change scheduled job timing for batch processing,Complaint,Captain America,Captain America,Avengers,Service B,Medium,Low,Low,Closed,Medium,2025-04-26T07:03:33.000000,Saturday,2025-04-26T14:03:33.000000,2025-04-27T04:03:33.000000,2
CHG-0000328,Reconfigure backup schedule for critical databases,Access,Captain Marvel,Captain Marvel,Avengers II,Service A,High,Low,Medium,Closed,Critical,2025-04-26T10:12:50.000000,Saturday,2025-04-26T17:12:50.000000,2025-04-27T08:12:50.000000,5
CHG-0000329,Deploy updated configuration for network switches,Network,Captain Marvel,Captain Marvel,Avengers II,Service E,Low,Low,Medium,Closed,High,2025-04-26T09:44:45.000000,Saturday,2025-04-26T16:44:45.000000,2025-04-27T17:44:45.000000,0
CHG-0000330,Change email gateway configuration for spam filtering,Access,Doctor Strange,Doctor Strange,Avengers II,Service B,High,Low,Low,Closed,Medium,2025-04-27T19:45:25.000000,Sunday,2025-04-27T23:45:25.000000,2025-04-28T02:45:25.000000,1
CHG-0000331,Configure new SFTP connection to external partner,Access,Spiderman,Spiderman,Avengers II,Service D,Medium,Medium,Medium,Closed,Critical,2025-04-27T11:52:29.000000,Sunday,2025-04-27T13:52:29.000000,2025-04-27T23:52:29.000000,2
CHG-0000332,Migrate user mailboxes to new email platform,Hardware,Doctor Strange,Doctor Strange,Avengers II,Service A,High,Low,Medium,Closed,Medium,2025-04-28T06:38:26.000000,Monday,2025-04-28T11:38:26.000000,2025-04-29T11:38:26.000000,5
CHG-0000333,Change print server configuration for new printers,Failure,Doctor Strange,Doctor Strange,Avengers II,Service D,High,Medium,High,Closed,High,2025-04-28T04:26:30.000000,Monday,2025-04-28T07:26:30.000000,2025-04-28T13:26:30.000000,0
CHG-0000334,Reconfigure backup schedule for critical databases,Software,Captain America,Captain America,Avengers,Service E,Low,Medium,Low,In Progress,Critical,2025-04-29T11:07:19.000000,Tuesday,2025-04-29T17:07:19.000000,,2
CHG-0000335,Adjust CPU and memory resources for virtual servers,Software,Doctor Strange,Doctor Strange,Avengers II,Service A,Medium,High,Medium,New,Medium,2025-04-29T04:44:28.000000,Tuesday,,,1
CHG-0000336,Modify VPN access policy for remote employees,Network,Shang Chi,Shang Chi,Avengers II,Service B,Low,Medium,Low,Closed,High,2025-04-29T13:24:41.000000,Tuesday,2025-04-29T17:24:41.000000,2025-04-30T01:24:41.000000,1
CHG-0000337,Add new subnet to internal network for project team,Software,Captain Marvel,Captain Marvel,Avengers II,Service A,Medium,Low,Medium,Closed,Low,2025-04-30T07:59:10.000000,Wednesday,2025-04-30T14:59:10.000000,2025-05-01T04:59:10.000000,4
CHG-0000338,Migrate user mailboxes to new email platform,Hardware,Spiderman,Spiderman,Avengers II,Service D,Medium,Medium,Low,Closed,Medium,2025-04-30T13:41:24.000000,Wednesday,2025-04-30T17:41:24.000000,2025-05-01T16:41:24.000000,3
CHG-0000339,Upgrade operating system on middleware servers,Failure,Loki,Loki,Avengers,Service D,High,High,High,Closed,High,2025-04-30T05:24:43.000000,Wednesday,2025-04-30T13:24:43.000000,2025-05-01T05:24:43.000000,1
CHG-0000340,Introduce new logging and monitoring rules for servers,Network,Iron Man,Iron Man,Avengers,Service C,Low,Medium,Low,Closed,Low,2025-04-30T11:45:23.000000,Wednesday,2025-04-30T17:45:23.000000,2025-05-01T01:45:23.000000,1
CHG-0000341,Upgrade database server to latest minor version,Facilities,Doctor Strange,Doctor Strange,Avengers II,Service A,Low,Low,Low,Closed,Critical,2025-05-01T06:33:54.000000,Thursday,2025-05-01T08:33:54.000000,2025-05-02T16:33:54.000000,5
CHG-0000342,Migrate user mailboxes to new email platform,Complaint,Hulk,Hulk,Avengers,Service C,Medium,High,High,Closed,Medium,2025-05-02T22:35:32.000000,Friday,2025-05-03T03:35:32.000000,2025-05-03T19:35:32.000000,3
CHG-0000343,Reconfigure service monitoring checks for new URLs,Access,Shang Chi,Shang Chi,Avengers II,Service D,Low,Medium,Medium,Closed,Medium,2025-05-02T12:56:17.000000,Friday,2025-05-02T19:56:17.000000,2025-05-03T14:56:17.000000,4
CHG-0000344,Change email gateway configuration for spam filtering,Complaint,Doctor Strange,Doctor Strange,Avengers II,Service C,Medium,Medium,High,Closed,Low,2025-05-02T13:08:24.000000,Friday,2025-05-02T15:08:24.000000,2025-05-04T03:08:24.000000,4
CHG-0000345,Introduce new logging and monitoring rules for servers,Complaint,Iron Man,Iron Man,Avengers,Service A,High,High,Medium,Closed,Medium,2025-05-02T21:48:37.000000,Friday,2025-05-02T23:48:37.000000,2025-05-04T01:48:37.000000,0
CHG-0000346,Change network routing for branch office connectivity,Failure,Captain America,Captain America,Avengers,Service B,Medium,Medium,Medium,Closed,High,2025-05-03T14:40:44.000000,Saturday,2025-05-03T18:40:44.000000,2025-05-04T13:40:44.000000,1
CHG-0000347,Change load balancer configuration for improved failover,Network,Shang Chi,Shang Chi,Avengers II,Service A,Low,High,High,Closed,High,2025-05-03T02:32:21.000000,Saturday,2025-05-03T07:32:21.000000,2025-05-04T11:32:21.000000,3
CHG-0000348,Implement new password policy across domain,Software,Doctor Strange,Doctor Strange,Avengers II,Service D,High,Low,Medium,Closed,Low,2025-05-04T16:36:06.000000,Sunday,2025-05-05T00:36:06.000000,2025-05-06T06:36:06.000000,0
CHG-0000349,Deploy new version of endpoint management agent,Network,Neo,Neo,Matrix,Service E,High,Medium,High,Closed,Medium,2025-05-04T00:59:27.000000,Sunday,2025-05-04T08:59:27.000000,2025-05-05T12:59:27.000000,1
CHG-0000350,Apply monthly security patches to production servers,Complaint,Captain Marvel,Captain Marvel,Avengers II,Service B,High,High,Low,Closed,Medium,2025-05-04T23:54:53.000000,Sunday,2025-05-05T04:54:53.000000,2025-05-05T12:54:53.000000,0
CHG-0000351,Change time synchronization settings for servers,Hardware,Captain America,Captain America,Avengers,Service A,Low,High,Low,Closed,High,2025-05-04T08:38:32.000000,Sunday,2025-05-04T13:38:32.000000,2025-05-05T06:38:32.000000,5
CHG-0000352,Introduce new logging and monitoring rules for servers,Facilities,Loki,Loki,Avengers,Service D,Medium,Low,High,Closed,High,2025-05-05T04:07:50.000000,Monday,2025-05-05T12:07:50.000000,2025-05-06T01:07:50.000000,1
CHG-0000353,Reconfigure application timeout settings,Software,Hulk,Hulk,Avengers,Service B,High,Medium,Medium,Closed,Medium,2025-05-05T07:02:17.000000,Monday,2025-05-05T14:02:17.000000,2025-05-05T20:02:17.000000,1
CHG-0000354,Change print server configuration for new printers,Access,Captain Marvel,Captain Marvel,Avengers II,Service E,High,Medium,Low,Closed,Medium,2025-05-05T07:36:36.000000,Monday,2025-05-05T11:36:36.000000,2025-05-06T13:36:36.000000,1
CHG-0000355,Modify service account permissions for application,Hardware,Hulk,Hulk,Avengers,Service D,Medium,High,High,Closed,Medium,2025-05-05T08:44:55.000000,Monday,2025-05-05T15:44:55.000000,2025-05-06T00:44:55.000000,2
CHG-0000356,Modify VPN access policy for remote employees,Access,Neo,Neo,Matrix,Service B,High,Medium,Low,Closed,High,2025-05-06T20:48:54.000000,Tuesday,2025-05-07T00:48:54.000000,2025-05-08T04:48:54.000000,4
CHG-0000357,Adjust CPU and memory resources for virtual servers,Hardware,Batman,Batman,Matrix,Service D,Low,High,Medium,Closed,Medium,2025-05-06T11:48:04.000000,Tuesday,2025-05-06T15:48:04.000000,2025-05-08T00:48:04.000000,4
CHG-0000358,Configure new SFTP connection to external partner,Data,Neo,Neo,Matrix,Service E,Low,Medium,High,New,Medium,2025-05-06T23:38:21.000000,Tuesday,,,5
CHG-0000359,Modify service account permissions for application,Facilities,Thor,Thor,Avengers,Service A,Medium,High,High,Closed,Medium,2025-05-06T21:56:29.000000,Tuesday,2025-05-06T23:56:29.000000,2025-05-07T08:56:29.000000,1
CHG-0000360,Deploy new version of mobile banking API,Hardware,Iron Man,Iron Man,Avengers,Service A,Medium,Low,High,Closed,Medium,2025-05-06T13:14:53.000000,Tuesday,2025-05-06T19:14:53.000000,2025-05-07T02:14:53.000000,4
CHG-0000361,Configure new SFTP connection to external partner,Failure,Hulk,Hulk,Avengers,Service E,Low,Medium,Medium,Closed,Critical,2025-05-07T07:30:21.000000,Wednesday,2025-05-07T09:30:21.000000,2025-05-08T04:30:21.000000,4
CHG-0000362,Implement new access roles in identity management system,Software,Captain America,Captain America,Avengers,Service A,Medium,Low,Medium,Closed,Low,2025-05-07T04:24:07.000000,Wednesday,2025-05-07T12:24:07.000000,2025-05-08T03:24:07.000000,3
CHG-0000363,Update SSL/TLS certificates on web servers,Data,Loki,Loki,Avengers,Service D,High,Medium,Medium,Closed,High,2025-05-07T09:31:57.000000,Wednesday,2025-05-07T17:31:57.000000,2025-05-07T22:31:57.000000,3
CHG-0000364,Implement new proxy configuration for internet access,Data,Hulk,Hulk,Avengers,Service C,Low,Medium,Low,Closed,Critical,2025-05-07T11:30:49.000000,Wednesday,2025-05-07T19:30:49.000000,2025-05-09T07:30:49.000000,5
CHG-0000365,Change email gateway configuration for spam filtering,Failure,Captain America,Captain America,Avengers,Service A,Medium,Medium,High,Closed,Low,2025-05-08T00:11:52.000000,Thursday,2025-05-08T08:11:52.000000,2025-05-08T22:11:52.000000,4
CHG-0000366,Reconfigure application timeout settings,Network,Spiderman,Spiderman,Avengers II,Service A,High,High,High,Closed,High,2025-05-09T16:44:55.000000,Friday,2025-05-09T18:44:55.000000,2025-05-10T08:44:55.000000,4
CHG-0000367,Deploy new release of core banking application,Failure,Shang Chi,Shang Chi,Avengers II,Service D,Medium,High,High,Closed,High,2025-05-09T04:54:29.000000,Friday,2025-05-09T06:54:29.000000,2025-05-10T17:54:29.000000,3
CHG-0000368,Adjust monitoring thresholds for critical alerts,Facilities,Spiderman,Spiderman,Avengers II,Service A,Low,High,Medium,Closed,High,2025-05-09T02:22:56.000000,Friday,2025-05-09T10:22:56.000000,2025-05-09T22:22:56.000000,1
CHG-0000369,Replace legacy file server with new storage system,Failure,Spiderman,Spiderman,Avengers II,Service C,High,Medium,Low,Closed,Medium,2025-05-09T06:41:21.000000,Friday,2025-05-09T08:41:21.000000,2025-05-09T22:41:21.000000,2
CHG-0000370,Modify VPN access policy for remote employees,Facilities,John Cena,John Cena,Matrix,Service C,Medium,Medium,Medium,Closed,Critical,2025-05-09T11:45:05.000000,Friday,2025-05-09T18:45:05.000000,2025-05-09T20:45:05.000000,0
CHG-0000371,Update SSL/TLS certificates on web servers,Hardware,Spiderman,Spiderman,Avengers II,Service E,High,Low,Medium,New,Medium,2025-05-10T05:39:49.000000,Saturday,,,1
CHG-0000372,Change configuration of web application firewall policies,Network,Spiderman,Spiderman,Avengers II,Service B,Low,Medium,Medium,Closed,Low,2025-05-10T20:57:53.000000,Saturday,2025-05-11T04:57:53.000000,2025-05-12T09:57:53.000000,5
CHG-0000373,Change load balancer configuration for improved failover,Failure,Captain America,Captain America,Avengers,Service C,Low,High,Medium,Closed,Low,2025-05-10T02:39:17.000000,Saturday,2025-05-10T06:39:17.000000,2025-05-11T07:39:17.000000,3
CHG-0000374,Modify service account permissions for application,Data,Thor,Thor,Avengers,Service A,Low,Medium,Medium,Closed,Medium,2025-05-10T16:58:08.000000,Saturday,2025-05-10T22:58:08.000000,2025-05-12T02:58:08.000000,4
CHG-0000375,Deploy hotfix for production application issue,Access,Loki,Loki,Avengers,Service A,Low,Low,High,Closed,High,2025-05-11T08:21:35.000000,Sunday,2025-05-11T14:21:35.000000,2025-05-12T20:21:35.000000,3
CHG-0000376,Modify service account permissions for application,Hardware,Captain Marvel,Captain Marvel,Avengers II,Service C,Medium,Low,High,Closed,Medium,2025-05-11T17:21:46.000000,Sunday,2025-05-11T23:21:46.000000,2025-05-12T16:21:46.000000,4
CHG-0000377,Deploy updated configuration for network switches,Facilities,Batman,Batman,Matrix,Service E,High,Low,Low,Closed,Medium,2025-05-12T15:13:01.000000,Monday,2025-05-12T19:13:01.000000,2025-05-13T17:13:01.000000,1
CHG-0000378,Implement new retention policy for log data,Hardware,Thor,Thor,Avengers,Service B,Medium,Low,High,On Hold,Medium,2025-05-13T03:36:34.000000,Tuesday,,,4
CHG-0000379,Update configuration for single sign-on integration,Access,Loki,Loki,Avengers,Service B,Low,Low,High,Closed,Medium,2025-05-13T22:46:52.000000,Tuesday,2025-05-14T03:46:52.000000,2025-05-14T06:46:52.000000,5
CHG-0000380,Increase disk space allocation on application server,Facilities,Shang Chi,Shang Chi,Avengers II,Service A,High,Low,High,Closed,Medium,2025-05-13T09:35:48.000000,Tuesday,2025-05-13T17:35:48.000000,2025-05-15T05:35:48.000000,5
CHG-0000381,Upgrade operating system on middleware servers,Data,Hulk,Hulk,Avengers,Service D,Medium,Medium,Medium,Closed,Critical,2025-05-13T22:54:55.000000,Tuesday,2025-05-14T01:54:55.000000,2025-05-14T06:54:55.000000,2
CHG-0000382,Upgrade database server to latest minor version,Software,Shang Chi,Shang Chi,Avengers II,Service E,High,Low,Medium,Closed,High,2025-05-14T05:50:56.000000,Wednesday,2025-05-14T12:50:56.000000,2025-05-15T01:50:56.000000,2
CHG-0000383,Change DHCP scope settings for office network,Data,Neo,Neo,Matrix,Service C,High,High,High,In Progress,Low,2025-05-14T11:05:55.000000,Wednesday,2025-05-14T15:05:55.000000,,1
CHG-0000384,Deploy new configuration for password self-service portal,Software,Hulk,Hulk,Avengers,Service B,High,Low,Low,Closed,Medium,2025-05-14T01:00:32.000000,Wednesday,2025-05-14T09:00:32.000000,2025-05-14T18:00:32.000000,2
CHG-0000385,Implement new access roles in identity management system,Facilities,Batman,Batman,Matrix,Service C,Medium,Medium,Medium,Closed,Low,2025-05-14T04:00:57.000000,Wednesday,2025-05-14T06:00:57.000000,2025-05-15T16:00:57.000000,4
CHG-0000386,Deploy updated configuration for network switches,Hardware,Captain America,Captain America,Avengers,Service D,Low,High,Medium,Closed,Medium,2025-05-14T09:24:33.000000,Wednesday,2025-05-14T12:24:33.000000,2025-05-14T22:24:33.000000,3
CHG-0000387,Deploy updated configuration for network switches,Network,Captain Marvel,Captain Marvel,Avengers II,Service B,Medium,Medium,Medium,Closed,Low,2025-05-15T04:09:45.000000,Thursday,2025-05-15T10:09:45.000000,2025-05-15T17:09:45.000000,0
CHG-0000388,Adjust monitoring thresholds for critical alerts,Complaint,Iron Man,Iron Man,Avengers,Service D,Low,Medium,Low,In Progress,High,2025-05-15T07:02:04.000000,Thursday,2025-05-15T10:02:04.000000,,3
CHG-0000389,Change DHCP scope settings for office network,Software,John Cena,John Cena,Matrix,Service C,Medium,High,Low,Closed,Medium,2025-05-16T05:27:58.000000,Friday,2025-05-16T07:27:58.000000,2025-05-16T12:27:58.000000,2
CHG-0000390,Modify backup retention period for file shares,Facilities,Iron Man,Iron Man,Avengers,Service A,Low,High,Low,Closed,Critical,2025-05-17T21:11:00.000000,Saturday,2025-05-18T01:11:00.000000,2025-05-18T12:11:00.000000,2
CHG-0000391,Reconfigure service monitoring checks for new URLs,Access,Hulk,Hulk,Avengers,Service C,Medium,Low,Medium,Closed,Medium,2025-05-17T01:15:03.000000,Saturday,2025-05-17T05:15:03.000000,2025-05-17T14:15:03.000000,2
CHG-0000392,Upgrade operating system on middleware servers,Complaint,Loki,Loki,Avengers,Service E,Low,Low,Medium,Closed,Medium,2025-05-17T08:50:10.000000,Saturday,2025-05-17T14:50:10.000000,2025-05-17T22:50:10.000000,4
CHG-0000393,Decommission obsolete virtual machines,Complaint,Captain America,Captain America,Avengers,Service D,High,High,Low,Closed,Low,2025-05-17T07:14:13.000000,Saturday,2025-05-17T14:14:13.000000,2025-05-17T18:14:13.000000,2
CHG-0000394,Migrate user mailboxes to new email platform,Failure,Spiderman,Spiderman,Avengers II,Service B,Medium,Low,High,Closed,High,2025-05-18T00:14:51.000000,Sunday,2025-05-18T04:14:51.000000,2025-05-18T15:14:51.000000,3
CHG-0000395,Introduce new email disclaimer for outgoing messages,Data,Batman,Batman,Matrix,Service D,Low,Medium,High,Closed,Medium,2025-05-19T01:41:10.000000,Monday,2025-05-19T08:41:10.000000,2025-05-19T14:41:10.000000,5
CHG-0000396,Enable encryption at rest for database storage,Complaint,Batman,Batman,Matrix,Service B,Low,Low,High,Closed,Low,2025-05-19T16:17:41.000000,Monday,2025-05-19T22:17:41.000000,2025-05-20T09:17:41.000000,3
CHG-0000397,Add new subnet to internal network for project team,Software,Captain Marvel,Captain Marvel,Avengers II,Service C,Medium,Low,High,Closed,Medium,2025-05-19T11:23:27.000000,Monday,2025-05-19T14:23:27.000000,2025-05-20T02:23:27.000000,1
CHG-0000398,Introduce new logging and monitoring rules for servers,Hardware,Captain America,Captain America,Avengers,Service E,Low,High,High,Closed,Medium,2025-05-20T19:10:54.000000,Tuesday,2025-05-21T00:10:54.000000,2025-05-21T12:10:54.000000,4
CHG-0000399,Deploy new release of core banking application,Data,Loki,Loki,Avengers,Service A,High,High,Medium,Closed,High,2025-05-20T06:28:18.000000,Tuesday,2025-05-20T11:28:18.000000,2025-05-20T22:28:18.000000,4
CHG-0000400,Deploy new version of mobile banking API,Data,Hulk,Hulk,Avengers,Service D,High,High,Medium,Closed,High,2025-05-21T07:45:16.000000,Wednesday,2025-05-21T11:45:16.000000,2025-05-21T14:45:16.000000,5
CHG-0000401,Upgrade virtualization platform to latest version,Failure,Neo,Neo,Matrix,Service C,High,Medium,Medium,Closed,Medium,2025-05-21T15:58:58.000000,Wednesday,2025-05-21T23:58:58.000000,2025-05-22T20:58:58.000000,5
CHG-0000402,Migrate application from test to production environment,Complaint,Captain Marvel,Captain Marvel,Avengers II,Service A,Medium,High,Low,Closed,High,2025-05-21T11:16:25.000000,Wednesday,2025-05-21T17:16:25.000000,2025-05-22T13:16:25.000000,4
CHG-0000403,Change Active Directory group membership for user access,Complaint,Loki,Loki,Avengers,Service C,Low,Medium,Medium,Closed,Medium,2025-05-21T08:21:55.000000,Wednesday,2025-05-21T12:21:55.000000,2025-05-21T19:21:55.000000,4
CHG-0000404,Deploy hotfix for production application issue,Failure,Iron Man,Iron Man,Avengers,Service D,High,High,Medium,New,Medium,2025-05-22T10:04:54.000000,Thursday,,,4
CHG-0000405,Reconfigure service monitoring checks for new URLs,Complaint,Loki,Loki,Avengers,Service A,Low,Medium,High,Closed,Medium,2025-05-22T19:33:02.000000,Thursday,2025-05-22T22:33:02.000000,2025-05-24T08:33:02.000000,3
CHG-0000406,Change email gateway configuration for spam filtering,Access,Spiderman,Spiderman,Avengers II,Service B,Low,High,Low,On Hold,High,2025-05-22T14:36:33.000000,Thursday,,,5
CHG-0000407,Deploy hotfix for production application issue,Data,Iron Man,Iron Man,Avengers,Service E,Low,High,High,Closed,Medium,2025-05-23T23:03:38.000000,Friday,2025-05-24T04:03:38.000000,2025-05-24T11:03:38.000000,0
CHG-0000408,Implement new access roles in identity management system,Hardware,Iron Man,Iron Man,Avengers,Service B,Low,Low,Low,Closed,Critical,2025-05-23T14:45:35.000000,Friday,2025-05-23T19:45:35.000000,2025-05-25T03:45:35.000000,2
CHG-0000409,Deploy hotfix for production application issue,Network,Doctor Strange,Doctor Strange,Avengers II,Service B,Medium,Low,Medium,Closed,Critical,2025-05-23T23:56:04.000000,Friday,2025-05-24T01:56:04.000000,2025-05-25T01:56:04.000000,5
CHG-0000410,Implement new retention policy for log data,Complaint,Jack Sparrow,Jack Sparrow,Matrix,Service B,Medium,Medium,Medium,Closed,Critical,2025-05-23T23:33:15.000000,Friday,2025-05-24T03:33:15.000000,2025-05-24T05:33:15.000000,0
CHG-0000411,Adjust monitoring thresholds for critical alerts,Failure,Loki,Loki,Avengers,Service D,High,High,High,Closed,Medium,2025-05-23T03:47:27.000000,Friday,2025-05-23T05:47:27.000000,2025-05-24T04:47:27.000000,2
CHG-0000412,Enable multi-factor authentication for VPN users,Failure,Iron Man,Iron Man,Avengers,Service D,Low,Low,Low,Closed,High,2025-05-24T20:24:15.000000,Saturday,2025-05-25T01:24:15.000000,2025-05-26T05:24:15.000000,1
CHG-0000413,Reconfigure application timeout settings,Access,Captain America,Captain America,Avengers,Service A,Low,Medium,Medium,Closed,High,2025-05-24T22:19:15.000000,Saturday,2025-05-25T05:19:15.000000,2025-05-26T15:19:15.000000,2
CHG-0000414,Implement new password policy across domain,Complaint,Captain America,Captain America,Avengers,Service B,Low,Medium,High,Closed,High,2025-05-24T23:10:35.000000,Saturday,2025-05-25T07:10:35.000000,2025-05-25T23:10:35.000000,4
CHG-0000415,Modify VPN access policy for remote employees,Facilities,Spiderman,Spiderman,Avengers II,Service D,Low,High,Low,Closed,High,2025-05-24T18:18:21.000000,Saturday,2025-05-25T02:18:21.000000,2025-05-25T14:18:21.000000,2
CHG-0000416,Adjust CPU and memory resources for virtual servers,Software,Loki,Loki,Avengers,Service A,High,High,Low,Closed,Medium,2025-05-25T14:21:14.000000,Sunday,2025-05-25T21:21:14.000000,2025-05-26T15:21:14.000000,3
CHG-0000417,Implement new change in batch file transfer process,Software,Loki,Loki,Avengers,Service A,Medium,High,Low,Closed,High,2025-05-25T23:50:10.000000,Sunday,2025-05-26T02:50:10.000000,2025-05-27T07:50:10.000000,2
CHG-0000418,Implement firewall rule change for new service endpoint,Failure,Iron Man,Iron Man,Avengers,Service B,Medium,Medium,High,Closed,High,2025-05-25T00:05:40.000000,Sunday,2025-05-25T04:05:40.000000,2025-05-26T13:05:40.000000,2
CHG-0000419,Update SSL/TLS certificates on web servers,Software,Loki,Loki,Avengers,Service E,Medium,Low,Low,Closed,Medium,2025-05-26T10:56:16.000000,Monday,2025-05-26T18:56:16.000000,2025-05-26T21:56:16.000000,4
CHG-0000420,Change email gateway configuration for spam filtering,Complaint,Jack Sparrow,Jack Sparrow,Matrix,Service C,Medium,High,Low,Closed,Critical,2025-05-26T02:28:16.000000,Monday,2025-05-26T07:28:16.000000,2025-05-26T22:28:16.000000,3
CHG-0000421,Reconfigure backup schedule for critical databases,Facilities,Thor,Thor,Avengers,Service E,Low,High,Medium,Closed,High,2025-05-27T17:43:46.000000,Tuesday,2025-05-27T21:43:46.000000,2025-05-29T00:43:46.000000,0
CHG-0000422,Implement firewall rule change for new service endpoint,Complaint,Captain America,Captain America,Avengers,Service E,Low,Medium,Medium,Closed,Critical,2025-05-27T23:57:18.000000,Tuesday,2025-05-28T04:57:18.000000,2025-05-28T14:57:18.000000,0
CHG-0000423,Deploy updated configuration for network switches,Data,Loki,Loki,Avengers,Service C,Low,Low,High,Closed,High,2025-05-27T23:03:56.000000,Tuesday,2025-05-28T03:03:56.000000,2025-05-29T08:03:56.000000,3
CHG-0000424,Decommission obsolete virtual machines,Complaint,Hulk,Hulk,Avengers,Service E,High,Medium,Low,Closed,High,2025-05-28T00:22:38.000000,Wednesday,2025-05-28T05:22:38.000000,2025-05-29T10:22:38.000000,1
CHG-0000425,Implement new retention policy for log data,Complaint,Captain Marvel,Captain Marvel,Avengers II,Service C,Low,High,Medium,Closed,Medium,2025-05-28T12:09:40.000000,Wednesday,2025-05-28T16:09:40.000000,2025-05-28T18:09:40.000000,0
CHG-0000426,Update DNS records for application hostname change,Network,Loki,Loki,Avengers,Service A,Low,Low,High,Closed,Medium,2025-05-28T23:54:40.000000,Wednesday,2025-05-29T03:54:40.000000,2025-05-30T12:54:40.000000,3
CHG-0000427,Reconfigure backup schedule for critical databases,Failure,Captain America,Captain America,Avengers,Service D,High,High,Low,Closed,Medium,2025-05-28T12:48:42.000000,Wednesday,2025-05-28T14:48:42.000000,2025-05-29T21:48:42.000000,1
CHG-0000428,Change DHCP scope settings for office network,Network,Doctor Strange,Doctor Strange,Avengers II,Service B,Medium,Low,High,Closed,Low,2025-05-29T04:29:21.000000,Thursday,2025-05-29T09:29:21.000000,2025-05-29T12:29:21.000000,0
CHG-0000429,Update DNS records for application hostname change,Failure,Shang Chi,Shang Chi,Avengers II,Service A,High,High,High,Closed,Medium,2025-05-29T18:22:43.000000,Thursday,2025-05-30T02:22:43.000000,2025-05-31T14:22:43.000000,3
CHG-0000430,Adjust CPU and memory resources for virtual servers,Access,Thor,Thor,Avengers,Service B,Low,Medium,Medium,On Hold,Critical,2025-05-29T11:00:02.000000,Thursday,,,1
CHG-0000431,Reconfigure application timeout settings,Software,Thor,Thor,Avengers,Service C,Medium,Medium,High,Closed,High,2025-05-30T04:49:43.000000,Friday,2025-05-30T11:49:43.000000,2025-05-31T19:49:43.000000,5
CHG-0000432,Update network share permissions for project folder,Hardware,Loki,Loki,Avengers,Service E,Low,Low,Low,Closed,High,2025-05-30T02:58:40.000000,Friday,2025-05-30T04:58:40.000000,2025-05-30T08:58:40.000000,1
CHG-0000433,Implement role-based access control for application,Facilities,Hulk,Hulk,Avengers,Service E,High,High,Low,Closed,High,2025-05-30T20:50:24.000000,Friday,2025-05-30T23:50:24.000000,2025-05-31T13:50:24.000000,5
CHG-0000434,Update configuration for single sign-on integration,Complaint,Iron Man,Iron Man,Avengers,Service E,Medium,Low,Low,Closed,High,2025-05-31T17:30:03.000000,Saturday,2025-06-01T01:30:03.000000,2025-06-02T00:30:03.000000,3
CHG-0000435,Change configuration of web application firewall policies,Complaint,Thor,Thor,Avengers,Service C,High,Low,Low,Closed,Medium,2025-05-31T22:25:46.000000,Saturday,2025-06-01T03:25:46.000000,2025-06-01T17:25:46.000000,1
CHG-0000436,Deploy updated configuration for network switches,Complaint,Doctor Strange,Doctor Strange,Avengers II,Service C,Medium,High,High,Closed,Low,2025-06-01T12:15:35.000000,Sunday,2025-06-01T16:15:35.000000,2025-06-02T11:15:35.000000,4
CHG-0000437,Migrate user mailboxes to new email platform,Complaint,Hulk,Hulk,Avengers,Service A,High,Low,Medium,Closed,Medium,2025-06-01T10:10:59.000000,Sunday,2025-06-01T15:10:59.000000,2025-06-02T01:10:59.000000,1
CHG-0000438,Upgrade virtualization platform to latest version,Hardware,Loki,Loki,Avengers,Service C,Low,Low,Low,Closed,Medium,2025-06-01T06:31:33.000000,Sunday,2025-06-01T09:31:33.000000,2025-06-02T10:31:33.000000,1
CHG-0000439,Implement new proxy configuration for internet access,Complaint,Thor,Thor,Avengers,Service D,High,Medium,High,Closed,Medium,2025-06-02T12:31:25.000000,Monday,2025-06-02T16:31:25.000000,2025-06-03T17:31:25.000000,1
CHG-0000440,Modify backup retention period for file shares,Facilities,Hulk,Hulk,Avengers,Service C,Medium,Low,Low,Closed,High,2025-06-02T16:01:14.000000,Monday,2025-06-02T18:01:14.000000,2025-06-03T02:01:14.000000,4
CHG-0000441,Modify backup retention period for file shares,Complaint,Jack Sparrow,Jack Sparrow,Matrix,Service E,High,Medium,Low,Closed,Low,2025-06-03T23:48:19.000000,Tuesday,2025-06-04T02:48:19.000000,2025-06-04T16:48:19.000000,2
CHG-0000442,Implement new change in batch file transfer process,Access,Loki,Loki,Avengers,Service E,Low,Low,High,Closed,Medium,2025-06-03T14:25:42.000000,Tuesday,2025-06-03T19:25:42.000000,2025-06-04T20:25:42.000000,0
CHG-0000443,Decommission obsolete virtual machines,Access,Captain America,Captain America,Avengers,Service C,High,Low,Medium,Closed,High,2025-06-03T20:47:57.000000,Tuesday,2025-06-04T02:47:57.000000,2025-06-05T13:47:57.000000,5
CHG-0000444,Upgrade operating system on middleware servers,Software,Hulk,Hulk,Avengers,Service D,Low,Low,Low,Closed,Critical,2025-06-03T18:42:50.000000,Tuesday,2025-06-03T20:42:50.000000,2025-06-04T03:42:50.000000,0
CHG-0000445,Implement new change in batch file transfer process,Software,Iron Man,Iron Man,Avengers,Service B,Low,Medium,Medium,Closed,Low,2025-06-04T13:27:09.000000,Wednesday,2025-06-04T17:27:09.000000,2025-06-05T14:27:09.000000,2
CHG-0000446,Introduce new email disclaimer for outgoing messages,Hardware,Iron Man,Iron Man,Avengers,Service E,Medium,Low,High,Closed,High,2025-06-05T17:27:11.000000,Thursday,2025-06-05T23:27:11.000000,2025-06-06T03:27:11.000000,1
CHG-0000447,Change print server configuration for new printers,Hardware,Shang Chi,Shang Chi,Avengers II,Service E,High,High,High,Closed,Medium,2025-06-05T21:57:28.000000,Thursday,2025-06-06T01:57:28.000000,2025-06-06T13:57:28.000000,1
CHG-0000448,Change load balancer configuration for improved failover,Access,Loki,Loki,Avengers,Service C,Low,High,Medium,Closed,Medium,2025-06-05T14:19:00.000000,Thursday,2025-06-05T17:19:00.000000,2025-06-05T20:19:00.000000,0
CHG-0000449,Deploy updated configuration for network switches,Hardware,Hulk,Hulk,Avengers,Service E,Low,Low,Medium,Closed,Medium,2025-06-06T07:55:53.000000,Friday,2025-06-06T15:55:53.000000,2025-06-07T09:55:53.000000,2
CHG-0000450,Apply configuration changes to intrusion detection system,Data,Iron Man,Iron Man,Avengers,Service D,Low,Low,High,Closed,High,2025-06-07T10:52:28.000000,Saturday,2025-06-07T12:52:28.000000,2025-06-08T02:52:28.000000,0
CHG-0000451,Add new subnet to internal network for project team,Facilities,Loki,Loki,Avengers,Service B,Low,Medium,High,Closed,High,2025-06-07T23:20:27.000000,Saturday,2025-06-08T02:20:27.000000,2025-06-09T14:20:27.000000,0
CHG-0000452,Implement new password policy across domain,Complaint,Jack Sparrow,Jack Sparrow,Matrix,Service D,High,Medium,High,Closed,Critical,2025-06-07T15:50:39.000000,Saturday,2025-06-07T19:50:39.000000,2025-06-08T11:50:39.000000,5
CHG-0000453,Apply monthly security patches to production servers,Failure,Hulk,Hulk,Avengers,Service D,Medium,High,High,Closed,High,2025-06-07T11:30:38.000000,Saturday,2025-06-07T14:30:38.000000,2025-06-08T04:30:38.000000,2
CHG-0000454,Reconfigure backup schedule for critical databases,Data,Hulk,Hulk,Avengers,Service D,Low,Low,Medium,Closed,Critical,2025-06-08T17:46:21.000000,Sunday,2025-06-09T00:46:21.000000,2025-06-09T06:46:21.000000,2
CHG-0000455,Change network routing for branch office connectivity,Failure,Iron Man,Iron Man,Avengers,Service A,High,High,Medium,Closed,High,2025-06-08T19:00:26.000000,Sunday,2025-06-08T23:00:26.000000,2025-06-10T02:00:26.000000,3
CHG-0000456,Update configuration for single sign-on integration,Hardware,Spiderman,Spiderman,Avengers II,Service C,Low,Low,Low,Closed,Low,2025-06-08T20:40:24.000000,Sunday,2025-06-09T00:40:24.000000,2025-06-09T20:40:24.000000,3
CHG-0000457,Implement new retention policy for log data,Network,Doctor Strange,Doctor Strange,Avengers II,Service D,High,Low,Low,Closed,Medium,2025-06-08T12:19:13.000000,Sunday,2025-06-08T20:19:13.000000,2025-06-09T15:19:13.000000,3
CHG-0000458,Deploy hotfix for production application issue,Failure,Captain Marvel,Captain Marvel,Avengers II,Service D,Low,Low,Low,Closed,High,2025-06-09T21:12:15.000000,Monday,2025-06-10T04:12:15.000000,2025-06-10T23:12:15.000000,4
CHG-0000459,Introduce new logging and monitoring rules for servers,Facilities,Iron Man,Iron Man,Avengers,Service E,Low,Low,High,Closed,Low,2025-06-09T20:35:23.000000,Monday,2025-06-09T23:35:23.000000,2025-06-11T09:35:23.000000,0
CHG-0000460,Implement new change in batch file transfer process,Data,Captain America,Captain America,Avengers,Service E,Low,High,Medium,Closed,Medium,2025-06-10T00:10:20.000000,Tuesday,2025-06-10T06:10:20.000000,2025-06-10T21:10:20.000000,5
CHG-0000461,Apply configuration changes to intrusion detection system,Facilities,Doctor Strange,Doctor Strange,Avengers II,Service B,Medium,High,Medium,New,Medium,2025-06-11T14:43:26.000000,Wednesday,,,0
CHG-0000462,Deploy new configuration for password self-service portal,Hardware,Jack Sparrow,Jack Sparrow,Matrix,Service A,Medium,Medium,Medium,Closed,High,2025-06-11T13:29:56.000000,Wednesday,2025-06-11T16:29:56.000000,2025-06-12T13:29:56.000000,0
CHG-0000463,Implement new change in batch file transfer process,Network,Iron Man,Iron Man,Avengers,Service A,Low,Medium,High,Closed,Medium,2025-06-11T19:37:06.000000,Wednesday,2025-06-11T23:37:06.000000,2025-06-12T03:37:06.000000,1
CHG-0000464,Change scheduled job timing for batch processing,Hardware,Batman,Batman,Matrix,Service D,Medium,High,Low,New,Critical,2025-06-11T06:59:24.000000,Wednesday,,,0
CHG-0000465,Configure new high-availability cluster for database,Failure,Loki,Loki,Avengers,Service A,High,Medium,High,Closed,Low,2025-06-11T02:19:02.000000,Wednesday,2025-06-11T08:19:02.000000,2025-06-11T22:19:02.000000,2
CHG-0000466,Reconfigure application timeout settings,Failure,Loki,Loki,Avengers,Service D,Low,Medium,Medium,Closed,Critical,2025-06-12T08:10:01.000000,Thursday,2025-06-12T14:10:01.000000,2025-06-13T07:10:01.000000,3
CHG-0000467,Update network share permissions for project folder,Failure,Doctor Strange,Doctor Strange,Avengers II,Service C,High,High,High,In Progress,Medium,2025-06-12T08:12:53.000000,Thursday,2025-06-12T16:12:53.000000,,0
CHG-0000468,Implement new access roles in identity management system,Data,Spiderman,Spiderman,Avengers II,Service B,Medium,Medium,Low,Closed,Medium,2025-06-12T20:47:42.000000,Thursday,2025-06-13T00:47:42.000000,2025-06-14T10:47:42.000000,2
CHG-0000469,Adjust monitoring thresholds for critical alerts,Facilities,Doctor Strange,Doctor Strange,Avengers II,Service A,Low,Medium,Low,Closed,Low,2025-06-13T18:36:48.000000,Friday,2025-06-13T21:36:48.000000,2025-06-14T10:36:48.000000,2
CHG-0000470,Modify backup retention period for file shares,Software,Hulk,Hulk,Avengers,Service D,Medium,Low,Low,Closed,Medium,2025-06-13T13:27:18.000000,Friday,2025-06-13T15:27:18.000000,2025-06-14T04:27:18.000000,4
CHG-0000471,Migrate application from test to production environment,Hardware,Shang Chi,Shang Chi,Avengers II,Service B,Medium,High,High,Closed,High,2025-06-13T18:15:26.000000,Friday,2025-06-14T02:15:26.000000,2025-06-14T16:15:26.000000,1
CHG-0000472,Modify service account permissions for application,Software,Thor,Thor,Avengers,Service E,Low,Low,Low,Closed,Medium,2025-06-13T04:57:31.000000,Friday,2025-06-13T11:57:31.000000,2025-06-13T18:57:31.000000,0
CHG-0000473,Upgrade virtualization platform to latest version,Failure,Captain Marvel,Captain Marvel,Avengers II,Service A,High,High,Low,Closed,Medium,2025-06-14T07:37:19.000000,Saturday,2025-06-14T12:37:19.000000,2025-06-15T19:37:19.000000,4
CHG-0000474,Update API gateway rules for new service endpoints,Network,Thor,Thor,Avengers,Service E,Low,High,Low,Closed,Medium,2025-06-15T16:30:51.000000,Sunday,2025-06-15T22:30:51.000000,2025-06-16T19:30:51.000000,2
CHG-0000475,Change email gateway configuration for spam filtering,Facilities,Loki,Loki,Avengers,Service C,Low,High,Low,Closed,High,2025-06-15T17:19:48.000000,Sunday,2025-06-15T19:19:48.000000,2025-06-17T00:19:48.000000,4
CHG-0000476,Upgrade virtualization platform to latest version,Facilities,Doctor Strange,Doctor Strange,Avengers II,Service D,High,Medium,Medium,Closed,Medium,2025-06-15T09:41:23.000000,Sunday,2025-06-15T13:41:23.000000,2025-06-16T12:41:23.000000,1
CHG-0000477,Change DHCP scope settings for office network,Software,Doctor Strange,Doctor Strange,Avengers II,Service C,Low,High,Medium,Closed,Medium,2025-06-15T15:21:00.000000,Sunday,2025-06-15T23:21:00.000000,2025-06-17T04:21:00.000000,5
CHG-0000478,Enable multi-factor authentication for VPN users,Complaint,Jack Sparrow,Jack Sparrow,Matrix,Service D,High,Low,Medium,Closed,High,2025-06-16T05:04:29.000000,Monday,2025-06-16T09:04:29.000000,2025-06-16T22:04:29.000000,5
CHG-0000479,Reconfigure application timeout settings,Hardware,Doctor Strange,Doctor Strange,Avengers II,Service E,Low,Medium,Low,Closed,Medium,2025-06-16T20:29:58.000000,Monday,2025-06-16T23:29:58.000000,2025-06-18T04:29:58.000000,1
CHG-0000480,Adjust CPU and memory resources for virtual servers,Software,Iron Man,Iron Man,Avengers,Service C,Low,Low,Low,Closed,High,2025-06-16T12:34:21.000000,Monday,2025-06-16T19:34:21.000000,2025-06-17T14:34:21.000000,2
CHG-0000481,Update network share permissions for project folder,Hardware,Captain Marvel,Captain Marvel,Avengers II,Service C,Low,High,Low,Closed,Medium,2025-06-16T10:48:16.000000,Monday,2025-06-16T13:48:16.000000,2025-06-17T20:48:16.000000,5
CHG-0000482,Deploy new configuration for password self-service portal,Data,John Cena,John Cena,Matrix,Service B,Low,Low,Low,Closed,High,2025-06-17T03:23:23.000000,Tuesday,2025-06-17T06:23:23.000000,2025-06-18T15:23:23.000000,1
CHG-0000483,Modify backup retention period for file shares,Facilities,Hulk,Hulk,Avengers,Service B,Low,High,Medium,Closed,Low,2025-06-17T23:37:11.000000,Tuesday,2025-06-18T05:37:11.000000,2025-06-19T06:37:11.000000,2
CHG-0000484,Change time synchronization settings for servers,Data,Jack Sparrow,Jack Sparrow,Matrix,Service A,High,Low,Medium,Closed,Medium,2025-06-17T07:18:25.000000,Tuesday,2025-06-17T12:18:25.000000,2025-06-18T08:18:25.000000,2
CHG-0000485,Adjust CPU and memory resources for virtual servers,Software,Neo,Neo,Matrix,Service E,Medium,High,Medium,Closed,High,2025-06-17T05:10:44.000000,Tuesday,2025-06-17T09:10:44.000000,2025-06-17T17:10:44.000000,4
CHG-0000486,Migrate user mailboxes to new email platform,Data,Shang Chi,Shang Chi,Avengers II,Service D,Low,Low,Medium,Closed,Low,2025-06-18T01:12:47.000000,Wednesday,2025-06-18T08:12:47.000000,2025-06-19T14:12:47.000000,1
CHG-0000487,Update configuration for single sign-on integration,Software,Spiderman,Spiderman,Avengers II,Service C,High,Medium,High,Closed,Medium,2025-06-19T14:03:05.000000,Thursday,2025-06-19T17:03:05.000000,2025-06-20T07:03:05.000000,2
CHG-0000488,Implement new change in batch file transfer process,Access,Thor,Thor,Avengers,Service A,Medium,Low,High,Closed,Low,2025-06-19T17:55:08.000000,Thursday,2025-06-20T00:55:08.000000,2025-06-20T06:55:08.000000,2
CHG-0000489,Apply configuration changes to intrusion detection system,Data,Thor,Thor,Avengers,Service B,Low,Low,Medium,Closed,High,2025-06-19T11:23:47.000000,Thursday,2025-06-19T13:23:47.000000,2025-06-20T18:23:47.000000,3
CHG-0000490,Implement new retention policy for log data,Access,Captain America,Captain America,Avengers,Service D,High,High,Low,Closed,High,2025-06-20T13:56:44.000000,Friday,2025-06-20T16:56:44.000000,2025-06-22T04:56:44.000000,5
CHG-0000491,Implement new proxy configuration for internet access,Failure,Iron Man,Iron Man,Avengers,Service C,Medium,Low,Medium,Closed,Low,2025-06-20T14:12:18.000000,Friday,2025-06-20T17:12:18.000000,2025-06-20T20:12:18.000000,5
CHG-0000492,Enable multi-factor authentication for VPN users,Failure,Thor,Thor,Avengers,Service C,High,Medium,Medium,Closed,Critical,2025-06-21T10:44:32.000000,Saturday,2025-06-21T18:44:32.000000,2025-06-22T21:44:32.000000,0
CHG-0000493,Implement new proxy configuration for internet access,Data,Hulk,Hulk,Avengers,Service E,Low,High,Medium,Closed,Critical,2025-06-22T23:08:56.000000,Sunday,2025-06-23T05:08:56.000000,2025-06-24T07:08:56.000000,1
CHG-0000494,Change configuration of web application firewall policies,Software,Doctor Strange,Doctor Strange,Avengers II,Service C,High,High,High,Closed,High,2025-06-22T00:11:48.000000,Sunday,2025-06-22T05:11:48.000000,2025-06-23T03:11:48.000000,2
CHG-0000495,Implement new change in batch file transfer process,Hardware,Thor,Thor,Avengers,Service D,Medium,High,High,Closed,Low,2025-06-23T18:21:47.000000,Monday,2025-06-24T01:21:47.000000,2025-06-24T03:21:47.000000,3
CHG-0000496,Migrate user mailboxes to new email platform,Facilities,Loki,Loki,Avengers,Service D,Low,High,Medium,Closed,Medium,2025-06-23T16:07:59.000000,Monday,2025-06-23T19:07:59.000000,2025-06-24T15:07:59.000000,2
CHG-0000497,Modify service account permissions for application,Facilities,Captain Marvel,Captain Marvel,Avengers II,Service C,Low,Medium,Medium,Closed,High,2025-06-23T22:49:45.000000,Monday,2025-06-24T03:49:45.000000,2025-06-25T10:49:45.000000,5
CHG-0000498,Modify VPN access policy for remote employees,Data,Iron Man,Iron Man,Avengers,Service C,Medium,Medium,Low,Closed,Medium,2025-06-23T13:36:57.000000,Monday,2025-06-23T15:36:57.000000,2025-06-24T06:36:57.000000,4
CHG-0000499,Update configuration for single sign-on integration,Facilities,Captain Marvel,Captain Marvel,Avengers II,Service D,Medium,Low,Medium,Closed,Medium,2025-06-24T08:35:05.000000,Tuesday,2025-06-24T10:35:05.000000,2025-06-24T20:35:05.000000,2
CHG-0000500,Deploy new version of endpoint management agent,Software,Iron Man,Iron Man,Avengers,Service A,Low,Low,Low,Closed,Low,2025-06-24T21:43:52.000000,Tuesday,2025-06-25T04:43:52.000000,2025-06-26T13:43:52.000000,0
CHG-0000501,Reconfigure backup schedule for critical databases,Complaint,Captain America,Captain America,Avengers,Service E,Medium,High,High,Closed,Low,2025-06-25T00:08:02.000000,Wednesday,2025-06-25T07:08:02.000000,2025-06-25T13:08:02.000000,0
CHG-0000502,Upgrade database server to latest minor version,Access,Doctor Strange,Doctor Strange,Avengers II,Service E,High,Low,High,On Hold,Medium,2025-06-25T16:17:51.000000,Wednesday,,,3
CHG-0000503,Implement new access roles in identity management system,Complaint,Hulk,Hulk,Avengers,Service B,High,High,Medium,On Hold,High,2025-06-25T18:03:53.000000,Wednesday,,,0
CHG-0000504,Implement new access roles in identity management system,Hardware,Batman,Batman,Matrix,Service D,High,High,High,Closed,Medium,2025-06-25T03:45:46.000000,Wednesday,2025-06-25T11:45:46.000000,2025-06-26T02:45:46.000000,3
CHG-0000505,Implement new software deployment package for endpoints,Failure,Hulk,Hulk,Avengers,Service E,High,Medium,High,Closed,Medium,2025-06-25T20:32:47.000000,Wednesday,2025-06-26T00:32:47.000000,2025-06-26T23:32:47.000000,1
CHG-0000506,Change scheduled job timing for batch processing,Network,Captain America,Captain America,Avengers,Service C,Medium,Medium,Low,Closed,Critical,2025-06-26T03:00:12.000000,Thursday,2025-06-26T06:00:12.000000,2025-06-27T05:00:12.000000,1
CHG-0000507,Change DHCP scope settings for office network,Complaint,Batman,Batman,Matrix,Service E,Low,Medium,Medium,On Hold,High,2025-06-27T19:35:27.000000,Friday,,,4
CHG-0000508,Replace legacy file server with new storage system,Failure,Batman,Batman,Matrix,Service C,Medium,Medium,Low,Closed,Medium,2025-06-28T13:55:29.000000,Saturday,2025-06-28T21:55:29.000000,2025-06-30T09:55:29.000000,3
CHG-0000509,Migrate application from test to production environment,Software,Captain America,Captain America,Avengers,Service C,Medium,Low,Medium,Closed,Medium,2025-06-28T20:46:53.000000,Saturday,2025-06-28T22:46:53.000000,2025-06-29T03:46:53.000000,3
CHG-0000510,Introduce new email disclaimer for outgoing messages,Software,Shang Chi,Shang Chi,Avengers II,Service D,Medium,High,High,On Hold,Medium,2025-06-29T03:11:02.000000,Sunday,,,3
CHG-0000511,Reconfigure service monitoring checks for new URLs,Data,Shang Chi,Shang Chi,Avengers II,Service C,High,High,Low,Closed,Critical,2025-06-30T23:20:36.000000,Monday,2025-07-01T06:20:36.000000,2025-07-02T10:20:36.000000,0
CHG-0000512,Enable encryption at rest for database storage,Complaint,Neo,Neo,Matrix,Service B,High,Low,Low,Closed,High,2025-06-30T15:00:22.000000,Monday,2025-06-30T21:00:22.000000,2025-07-01T20:00:22.000000,1
CHG-0000513,Deploy new version of endpoint management agent,Data,Jack Sparrow,Jack Sparrow,Matrix,Service A,Medium,Low,Low,Closed,Medium,2025-07-01T16:30:09.000000,Tuesday,2025-07-01T20:30:09.000000,2025-07-02T08:30:09.000000,3
CHG-0000514,Implement new password policy across domain,Software,Captain America,Captain America,Avengers,Service A,High,Medium,Low,Closed,Medium,2025-07-02T03:29:45.000000,Wednesday,2025-07-02T09:29:45.000000,2025-07-02T11:29:45.000000,2
CHG-0000515,Update network share permissions for project folder,Facilities,Captain America,Captain America,Avengers,Service C,Low,High,High,Closed,Medium,2025-07-03T09:53:45.000000,Thursday,2025-07-03T16:53:45.000000,2025-07-04T06:53:45.000000,0
CHG-0000516,Change load balancer configuration for improved failover,Data,John Cena,John Cena,Matrix,Service C,High,Medium,High,New,Medium,2025-07-03T21:48:46.000000,Thursday,,,2
CHG-0000517,Reconfigure service monitoring checks for new URLs,Software,Captain America,Captain America,Avengers,Service E,High,High,Medium,Closed,Medium,2025-07-03T12:59:21.000000,Thursday,2025-07-03T16:59:21.000000,2025-07-04T03:59:21.000000,5
CHG-0000518,Change Active Directory group membership for user access,Network,Doctor Strange,Doctor Strange,Avengers II,Service A,High,Medium,High,Closed,Medium,2025-07-03T10:54:01.000000,Thursday,2025-07-03T18:54:01.000000,2025-07-03T22:54:01.000000,2
CHG-0000519,Enable encryption at rest for database storage,Hardware,Batman,Batman,Matrix,Service D,Medium,High,High,Closed,High,2025-07-03T17:35:34.000000,Thursday,2025-07-03T19:35:34.000000,2025-07-05T03:35:34.000000,1
CHG-0000520,Modify backup retention period for file shares,Facilities,Hulk,Hulk,Avengers,Service B,High,High,High,Closed,High,2025-07-04T09:36:18.000000,Friday,2025-07-04T15:36:18.000000,2025-07-05T12:36:18.000000,4
CHG-0000521,Change email gateway configuration for spam filtering,Complaint,Spiderman,Spiderman,Avengers II,Service A,High,Medium,High,Closed,Medium,2025-07-04T14:42:27.000000,Friday,2025-07-04T19:42:27.000000,2025-07-05T21:42:27.000000,0
CHG-0000522,Change Active Directory group membership for user access,Failure,Thor,Thor,Avengers,Service C,High,Medium,Medium,Closed,Medium,2025-07-05T03:47:40.000000,Saturday,2025-07-05T06:47:40.000000,2025-07-06T16:47:40.000000,0
CHG-0000523,Add new subnet to internal network for project team,Failure,Thor,Thor,Avengers,Service E,High,High,High,On Hold,Medium,2025-07-05T11:18:56.000000,Saturday,,,3
CHG-0000524,Migrate application from test to production environment,Access,Captain Marvel,Captain Marvel,Avengers II,Service B,Low,High,Medium,Closed,Critical,2025-07-05T02:43:36.000000,Saturday,2025-07-05T05:43:36.000000,2025-07-06T08:43:36.000000,1
CHG-0000525,Reconfigure service monitoring checks for new URLs,Failure,Captain America,Captain America,Avengers,Service A,Medium,Medium,Medium,Closed,Medium,2025-07-06T08:10:50.000000,Sunday,2025-07-06T15:10:50.000000,2025-07-06T19:10:50.000000,0
CHG-0000526,Change time synchronization settings for servers,Data,John Wick,John Wick,Matrix,Service B,Medium,Low,Low,Closed,High,2025-07-06T01:36:11.000000,Sunday,2025-07-06T05:36:11.000000,2025-07-06T10:36:11.000000,4
CHG-0000527,Implement new proxy configuration for internet access,Facilities,Iron Man,Iron Man,Avengers,Service E,Medium,High,High,Closed,High,2025-07-06T20:03:47.000000,Sunday,2025-07-07T04:03:47.000000,2025-07-08T09:03:47.000000,4
CHG-0000528,Upgrade virtualization platform to latest version,Complaint,Captain America,Captain America,Avengers,Service D,Medium,Low,Medium,New,High,2025-07-07T06:38:55.000000,Monday,,,2
CHG-0000529,Change Active Directory group membership for user access,Software,Captain Marvel,Captain Marvel,Avengers II,Service A,Low,High,High,Closed,Low,2025-07-07T02:13:17.000000,Monday,2025-07-07T08:13:17.000000,2025-07-07T22:13:17.000000,2
CHG-0000530,Add new subnet to internal network for project team,Network,Thor,Thor,Avengers,Service C,Medium,Medium,Medium,Closed,Medium,2025-07-07T23:47:04.000000,Monday,2025-07-08T03:47:04.000000,2025-07-09T04:47:04.000000,4
CHG-0000531,Change scheduled job timing for batch processing,Hardware,Captain America,Captain America,Avengers,Service D,Medium,Medium,Low,In Progress,Medium,2025-07-07T12:48:35.000000,Monday,2025-07-07T19:48:35.000000,,3
CHG-0000532,Implement new retention policy for log data,Hardware,Captain Marvel,Captain Marvel,Avengers II,Service D,Low,Low,High,Closed,Medium,2025-07-07T08:51:05.000000,Monday,2025-07-07T10:51:05.000000,2025-07-08T09:51:05.000000,0
CHG-0000533,Enable multi-factor authentication for VPN users,Facilities,Doctor Strange,Doctor Strange,Avengers II,Service C,Low,Low,High,New,High,2025-07-08T10:39:21.000000,Tuesday,,,3
CHG-0000534,Implement new proxy configuration for internet access,Access,John Cena,John Cena,Matrix,Service E,Low,Low,Medium,Closed,Critical,2025-07-08T21:36:55.000000,Tuesday,2025-07-09T02:36:55.000000,2025-07-09T15:36:55.000000,2
CHG-0000535,Update DNS records for application hostname change,Data,Captain America,Captain America,Avengers,Service E,Low,Low,Medium,Closed,High,2025-07-08T13:46:13.000000,Tuesday,2025-07-08T21:46:13.000000,2025-07-09T17:46:13.000000,0
CHG-0000536,Adjust monitoring thresholds for critical alerts,Network,Neo,Neo,Matrix,Service A,High,Medium,Medium,Closed,High,2025-07-08T05:46:01.000000,Tuesday,2025-07-08T13:46:01.000000,2025-07-09T02:46:01.000000,2
CHG-0000537,Adjust monitoring thresholds for critical alerts,Facilities,Batman,Batman,Matrix,Service B,High,High,High,Closed,Low,2025-07-08T16:33:53.000000,Tuesday,2025-07-08T21:33:53.000000,2025-07-10T06:33:53.000000,1
CHG-0000538,Implement new retention policy for log data,Failure,Spiderman,Spiderman,Avengers II,Service E,Medium,Low,Medium,Closed,Medium,2025-07-09T13:29:27.000000,Wednesday,2025-07-09T18:29:27.000000,2025-07-10T05:29:27.000000,5
CHG-0000539,Implement firewall rule change for new service endpoint,Access,Iron Man,Iron Man,Avengers,Service B,Low,High,Low,New,Medium,2025-07-09T02:55:01.000000,Wednesday,,,5
CHG-0000540,Change scheduled job timing for batch processing,Network,Thor,Thor,Avengers,Service D,Low,Medium,Low,Closed,High,2025-07-10T22:55:57.000000,Thursday,2025-07-11T01:55:57.000000,2025-07-11T16:55:57.000000,0
CHG-0000541,Reconfigure service monitoring checks for new URLs,Software,Hulk,Hulk,Avengers,Service A,Medium,High,High,Closed,Medium,2025-07-10T20:12:49.000000,Thursday,2025-07-11T04:12:49.000000,2025-07-12T10:12:49.000000,1
CHG-0000542,Configure new SFTP connection to external partner,Network,Doctor Strange,Doctor Strange,Avengers II,Service D,High,High,High,Closed,Low,2025-07-10T21:14:21.000000,Thursday,2025-07-10T23:14:21.000000,2025-07-12T09:14:21.000000,0
CHG-0000543,Change DHCP scope settings for office network,Hardware,Spiderman,Spiderman,Avengers II,Service C,Medium,Medium,High,Closed,Low,2025-07-10T09:00:39.000000,Thursday,2025-07-10T12:00:39.000000,2025-07-10T18:00:39.000000,2
CHG-0000544,Update configuration for single sign-on integration,Facilities,Iron Man,Iron Man,Avengers,Service A,High,Low,Medium,Closed,High,2025-07-11T14:18:33.000000,Friday,2025-07-11T19:18:33.000000,2025-07-12T00:18:33.000000,4
CHG-0000545,Adjust CPU and memory resources for virtual servers,Complaint,Thor,Thor,Avengers,Service E,Medium,Medium,High,Closed,Medium,2025-07-11T11:43:57.000000,Friday,2025-07-11T16:43:57.000000,2025-07-13T01:43:57.000000,3
CHG-0000546,Update API gateway rules for new service endpoints,Data,Shang Chi,Shang Chi,Avengers II,Service B,High,Medium,Medium,Closed,High,2025-07-11T12:59:47.000000,Friday,2025-07-11T15:59:47.000000,2025-07-12T03:59:47.000000,0
CHG-0000547,Change load balancer configuration for improved failover,Facilities,Batman,Batman,Matrix,Service E,High,High,Medium,Closed,High,2025-07-11T01:53:08.000000,Friday,2025-07-11T08:53:08.000000,2025-07-11T17:53:08.000000,3
CHG-0000548,Replace legacy file server with new storage system,Software,Captain Marvel,Captain Marvel,Avengers II,Service B,Medium,Low,Low,Closed,High,2025-07-11T19:42:36.000000,Friday,2025-07-11T22:42:36.000000,2025-07-13T09:42:36.000000,4
CHG-0000549,Adjust monitoring thresholds for critical alerts,Complaint,Captain America,Captain America,Avengers,Service D,Medium,Low,Low,Closed,Medium,2025-07-12T03:54:04.000000,Saturday,2025-07-12T10:54:04.000000,2025-07-13T08:54:04.000000,4
CHG-0000550,Modify backup retention period for file shares,Failure,Shang Chi,Shang Chi,Avengers II,Service B,High,Low,Low,On Hold,High,2025-07-13T17:57:53.000000,Sunday,,,4
CHG-0000551,Reconfigure backup schedule for critical databases,Complaint,Hulk,Hulk,Avengers,Service B,Medium,High,High,Closed,High,2025-07-13T22:26:32.000000,Sunday,2025-07-14T02:26:32.000000,2025-07-14T16:26:32.000000,2
CHG-0000552,Change print server configuration for new printers,Data,Shang Chi,Shang Chi,Avengers II,Service D,High,High,Low,Closed,Low,2025-07-13T12:16:39.000000,Sunday,2025-07-13T14:16:39.000000,2025-07-14T18:16:39.000000,2
CHG-0000553,Replace legacy file server with new storage system,Software,Neo,Neo,Matrix,Service D,High,Medium,High,Closed,Low,2025-07-14T10:20:55.000000,Monday,2025-07-14T18:20:55.000000,2025-07-15T22:20:55.000000,4
CHG-0000554,Configure new SFTP connection to external partner,Failure,Iron Man,Iron Man,Avengers,Service E,High,Medium,Medium,Closed,Critical,2025-07-15T08:16:13.000000,Tuesday,2025-07-15T11:16:13.000000,2025-07-16T02:16:13.000000,5
CHG-0000555,Change Active Directory group membership for user access,Data,Captain Marvel,Captain Marvel,Avengers II,Service A,High,Low,High,Closed,Medium,2025-07-16T14:13:45.000000,Wednesday,2025-07-16T21:13:45.000000,2025-07-18T02:13:45.000000,2
CHG-0000556,Increase disk space allocation on application server,Failure,Loki,Loki,Avengers,Service C,Low,Low,Medium,Closed,High,2025-07-16T15:42:18.000000,Wednesday,2025-07-16T17:42:18.000000,2025-07-16T21:42:18.000000,5
CHG-0000557,Apply configuration changes to intrusion detection system,Failure,Batman,Batman,Matrix,Service C,Medium,Medium,Low,Closed,High,2025-07-17T16:30:33.000000,Thursday,2025-07-17T20:30:33.000000,2025-07-18T20:30:33.000000,0
CHG-0000558,Apply monthly security patches to production servers,Access,Loki,Loki,Avengers,Service E,Medium,High,Low,Closed,Low,2025-07-18T15:42:30.000000,Friday,2025-07-18T18:42:30.000000,2025-07-18T22:42:30.000000,3
CHG-0000559,Apply monthly security patches to production servers,Access,Shang Chi,Shang Chi,Avengers II,Service C,High,Low,Low,Closed,Low,2025-07-18T03:47:52.000000,Friday,2025-07-18T07:47:52.000000,2025-07-19T13:47:52.000000,4
CHG-0000560,Decommission obsolete virtual machines,Access,Captain Marvel,Captain Marvel,Avengers II,Service A,Medium,Low,Low,Closed,Critical,2025-07-19T16:27:05.000000,Saturday,2025-07-19T19:27:05.000000,2025-07-21T07:27:05.000000,3
CHG-0000561,Migrate user mailboxes to new email platform,Facilities,Loki,Loki,Avengers,Service D,Medium,High,High,New,High,2025-07-19T04:07:11.000000,Saturday,,,4
CHG-0000562,Migrate user mailboxes to new email platform,Network,Spiderman,Spiderman,Avengers II,Service A,High,Medium,High,In Progress,Medium,2025-07-20T05:35:20.000000,Sunday,2025-07-20T09:35:20.000000,,0
CHG-0000563,Update configuration for single sign-on integration,Complaint,Thor,Thor,Avengers,Service E,Medium,Medium,High,Closed,Medium,2025-07-20T06:58:28.000000,Sunday,2025-07-20T10:58:28.000000,2025-07-21T13:58:28.000000,1
CHG-0000564,Adjust monitoring thresholds for critical alerts,Complaint,Neo,Neo,Matrix,Service E,Low,Low,Low,Closed,Medium,2025-07-20T17:20:55.000000,Sunday,2025-07-20T22:20:55.000000,2025-07-21T16:20:55.000000,4
CHG-0000565,Implement new change in batch file transfer process,Access,Hulk,Hulk,Avengers,Service B,Low,High,High,Closed,Medium,2025-07-20T12:06:44.000000,Sunday,2025-07-20T16:06:44.000000,2025-07-22T04:06:44.000000,5
CHG-0000566,Reconfigure service monitoring checks for new URLs,Facilities,Shang Chi,Shang Chi,Avengers II,Service C,High,High,Medium,Closed,High,2025-07-20T13:04:40.000000,Sunday,2025-07-20T15:04:40.000000,2025-07-21T15:04:40.000000,3
CHG-0000567,Deploy new release of core banking application,Facilities,Hulk,Hulk,Avengers,Service E,High,Medium,Medium,Closed,Medium,2025-07-21T10:11:38.000000,Monday,2025-07-21T13:11:38.000000,2025-07-21T20:11:38.000000,3
CHG-0000568,Change DHCP scope settings for office network,Software,Captain America,Captain America,Avengers,Service E,Medium,Medium,High,Closed,Medium,2025-07-21T05:30:47.000000,Monday,2025-07-21T11:30:47.000000,2025-07-22T15:30:47.000000,0
CHG-0000569,Reconfigure backup schedule for critical databases,Complaint,Spiderman,Spiderman,Avengers II,Service C,Medium,Low,Low,Closed,High,2025-07-21T19:24:30.000000,Monday,2025-07-21T23:24:30.000000,2025-07-22T02:24:30.000000,0
CHG-0000570,Upgrade operating system on middleware servers,Complaint,Captain Marvel,Captain Marvel,Avengers II,Service B,Low,Medium,Low,Closed,Medium,2025-07-21T18:03:02.000000,Monday,2025-07-22T01:03:02.000000,2025-07-22T20:03:02.000000,3
CHG-0000571,Modify service account permissions for application,Software,Spiderman,Spiderman,Avengers II,Service C,Low,Low,Low,New,Medium,2025-07-21T02:14:45.000000,Monday,,,4
CHG-0000572,Change Active Directory group membership for user access,Hardware,Captain America,Captain America,Avengers,Service C,Low,Medium,Low,Closed,Medium,2025-07-22T21:06:38.000000,Tuesday,2025-07-23T05:06:38.000000,2025-07-23T15:06:38.000000,2
CHG-0000573,Replace legacy file server with new storage system,Hardware,Hulk,Hulk,Avengers,Service B,Medium,Low,Medium,Closed,Critical,2025-07-22T19:15:53.000000,Tuesday,2025-07-23T03:15:53.000000,2025-07-24T07:15:53.000000,5
CHG-0000574,Implement new proxy configuration for internet access,Complaint,Iron Man,Iron Man,Avengers,Service E,Medium,Medium,High,Closed,Medium,2025-07-22T18:19:14.000000,Tuesday,2025-07-23T02:19:14.000000,2025-07-24T02:19:14.000000,5
CHG-0000575,Add new subnet to internal network for project team,Hardware,Doctor Strange,Doctor Strange,Avengers II,Service E,High,Low,Medium,Closed,Low,2025-07-23T02:03:59.000000,Wednesday,2025-07-23T04:03:59.000000,2025-07-24T09:03:59.000000,4
CHG-0000576,Migrate user mailboxes to new email platform,Access,Hulk,Hulk,Avengers,Service B,Low,High,Low,Closed,High,2025-07-23T17:55:26.000000,Wednesday,2025-07-23T23:55:26.000000,2025-07-24T15:55:26.000000,0
CHG-0000577,Enable multi-factor authentication for VPN users,Failure,Loki,Loki,Avengers,Service A,Medium,Low,Medium,Closed,Low,2025-07-23T11:25:12.000000,Wednesday,2025-07-23T17:25:12.000000,2025-07-24T22:25:12.000000,2
CHG-0000578,Implement new proxy configuration for internet access,Complaint,Iron Man,Iron Man,Avengers,Service A,Low,High,Low,Closed,Medium,2025-07-24T21:55:57.000000,Thursday,2025-07-25T05:55:57.000000,2025-07-26T01:55:57.000000,2
CHG-0000579,Deploy updated configuration for network switches,Facilities,Doctor Strange,Doctor Strange,Avengers II,Service C,High,High,Low,Closed,High,2025-07-24T01:32:03.000000,Thursday,2025-07-24T09:32:03.000000,2025-07-25T12:32:03.000000,1
CHG-0000580,Deploy new version of endpoint management agent,Access,Doctor Strange,Doctor Strange,Avengers II,Service B,Low,High,Medium,Closed,High,2025-07-24T06:12:06.000000,Thursday,2025-07-24T09:12:06.000000,2025-07-24T20:12:06.000000,0
CHG-0000581,Implement new change in batch file transfer process,Access,John Cena,John Cena,Matrix,Service D,High,Low,Medium,Closed,Medium,2025-07-24T12:29:47.000000,Thursday,2025-07-24T20:29:47.000000,2025-07-25T11:29:47.000000,0
CHG-0000582,Deploy new configuration for password self-service portal,Access,Spiderman,Spiderman,Avengers II,Service C,Medium,High,Low,Closed,High,2025-07-25T09:34:37.000000,Friday,2025-07-25T17:34:37.000000,2025-07-26T19:34:37.000000,4
CHG-0000583,Reconfigure backup schedule for critical databases,Hardware,Captain Marvel,Captain Marvel,Avengers II,Service B,High,High,Low,New,High,2025-07-25T08:31:25.000000,Friday,,,4
CHG-0000584,Implement new proxy configuration for internet access,Network,Neo,Neo,Matrix,Service B,Low,Medium,Low,Closed,Critical,2025-07-25T07:12:47.000000,Friday,2025-07-25T12:12:47.000000,2025-07-26T04:12:47.000000,4
CHG-0000585,Upgrade virtualization platform to latest version,Complaint,Loki,Loki,Avengers,Service D,Medium,Medium,Medium,Closed,Medium,2025-07-26T03:38:02.000000,Saturday,2025-07-26T11:38:02.000000,2025-07-26T13:38:02.000000,3
CHG-0000586,Deploy new release of core banking application,Complaint,Loki,Loki,Avengers,Service B,High,High,High,Closed,Low,2025-07-26T03:29:28.000000,Saturday,2025-07-26T09:29:28.000000,2025-07-27T05:29:28.000000,0
CHG-0000587,Deploy updated configuration for network switches,Facilities,Hulk,Hulk,Avengers,Service E,Low,Low,High,New,Medium,2025-07-26T05:52:38.000000,Saturday,,,1
CHG-0000588,Replace legacy file server with new storage system,Failure,Spiderman,Spiderman,Avengers II,Service A,High,Medium,High,Closed,Low,2025-07-26T05:51:55.000000,Saturday,2025-07-26T09:51:55.000000,2025-07-27T14:51:55.000000,0
CHG-0000589,Replace legacy file server with new storage system,Failure,Neo,Neo,Matrix,Service B,Low,High,High,New,Medium,2025-07-26T04:04:44.000000,Saturday,,,0
CHG-0000590,Update network share permissions for project folder,Complaint,Neo,Neo,Matrix,Service B,Low,Medium,Medium,On Hold,Low,2025-07-27T01:41:25.000000,Sunday,,,4
CHG-0000591,Implement new proxy configuration for internet access,Software,Shang Chi,Shang Chi,Avengers II,Service D,Low,High,Low,Closed,Medium,2025-07-27T04:18:43.000000,Sunday,2025-07-27T10:18:43.000000,2025-07-27T20:18:43.000000,4
CHG-0000592,Migrate application from test to production environment,Software,Captain America,Captain America,Avengers,Service B,Low,Low,Low,Closed,Medium,2025-07-27T16:23:07.000000,Sunday,2025-07-27T18:23:07.000000,2025-07-28T07:23:07.000000,0
CHG-0000593,Enable encryption at rest for database storage,Complaint,Captain America,Captain America,Avengers,Service C,Low,Low,Low,Closed,High,2025-07-27T23:16:47.000000,Sunday,2025-07-28T06:16:47.000000,2025-07-29T02:16:47.000000,4
CHG-0000594,Migrate user mailboxes to new email platform,Facilities,John Cena,John Cena,Matrix,Service E,Low,Medium,High,Closed,Medium,2025-07-28T18:41:49.000000,Monday,2025-07-29T01:41:49.000000,2025-07-29T07:41:49.000000,0
CHG-0000595,Introduce new logging and monitoring rules for servers,Network,Thor,Thor,Avengers,Service A,Medium,Low,High,Closed,High,2025-07-28T13:39:21.000000,Monday,2025-07-28T20:39:21.000000,2025-07-29T06:39:21.000000,3
CHG-0000596,Apply configuration changes to intrusion detection system,Facilities,Doctor Strange,Doctor Strange,Avengers II,Service D,Medium,Medium,High,Closed,Critical,2025-07-28T03:15:25.000000,Monday,2025-07-28T08:15:25.000000,2025-07-28T21:15:25.000000,4
CHG-0000597,Implement firewall rule change for new service endpoint,Data,Iron Man,Iron Man,Avengers,Service A,Medium,High,Low,Closed,High,2025-07-28T16:01:38.000000,Monday,2025-07-28T22:01:38.000000,2025-07-29T21:01:38.000000,5
CHG-0000598,Reconfigure backup schedule for critical databases,Facilities,Shang Chi,Shang Chi,Avengers II,Service D,Medium,High,Medium,Closed,High,2025-07-29T02:38:30.000000,Tuesday,2025-07-29T09:38:30.000000,2025-07-30T13:38:30.000000,3
CHG-0000599,Configure new high-availability cluster for database,Failure,Thor,Thor,Avengers,Service B,Medium,High,High,Closed,Medium,2025-07-29T08:05:37.000000,Tuesday,2025-07-29T16:05:37.000000,2025-07-30T07:05:37.000000,5
CHG-0000600,Change scheduled job timing for batch processing,Facilities,John Cena,John Cena,Matrix,Service A,Medium,Low,Low,Closed,High,2025-07-29T02:12:29.000000,Tuesday,2025-07-29T04:12:29.000000,2025-07-30T10:12:29.000000,1
CHG-0000601,Reconfigure service monitoring checks for new URLs,Data,Captain America,Captain America,Avengers,Service A,Low,High,Medium,Closed,Medium,2025-07-29T21:12:41.000000,Tuesday,2025-07-30T04:12:41.000000,2025-07-30T22:12:41.000000,2
CHG-0000602,Change network routing for branch office connectivity,Failure,Loki,Loki,Avengers,Service D,Medium,High,Medium,Closed,Medium,2025-07-30T08:34:28.000000,Wednesday,2025-07-30T10:34:28.000000,2025-07-31T07:34:28.000000,5
CHG-0000603,Change email gateway configuration for spam filtering,Data,Thor,Thor,Avengers,Service A,Low,Low,Medium,Closed,High,2025-07-30T05:58:38.000000,Wednesday,2025-07-30T11:58:38.000000,2025-07-30T17:58:38.000000,4
CHG-0000604,Enable encryption at rest for database storage,Hardware,Captain Marvel,Captain Marvel,Avengers II,Service E,Medium,High,Medium,Closed,Low,2025-07-30T14:46:31.000000,Wednesday,2025-07-30T21:46:31.000000,2025-07-31T05:46:31.000000,4
CHG-0000605,Introduce new email disclaimer for outgoing messages,Complaint,Iron Man,Iron Man,Avengers,Service D,Low,Low,Low,Closed,High,2025-07-30T11:45:53.000000,Wednesday,2025-07-30T18:45:53.000000,2025-07-31T14:45:53.000000,2
CHG-0000606,Change print server configuration for new printers,Hardware,Shang Chi,Shang Chi,Avengers II,Service D,High,Low,Medium,Closed,High,2025-07-31T18:00:48.000000,Thursday,2025-08-01T01:00:48.000000,2025-08-02T08:00:48.000000,0
CHG-0000607,Implement role-based access control for application,Complaint,Jack Sparrow,Jack Sparrow,Matrix,Service E,Low,Medium,Low,Closed,High,2025-07-31T09:46:49.000000,Thursday,2025-07-31T12:46:49.000000,2025-08-01T18:46:49.000000,1
CHG-0000608,Modify service account permissions for application,Complaint,John Cena,John Cena,Matrix,Service D,High,Medium,High,Closed,High,2025-08-01T11:56:06.000000,Friday,2025-08-01T14:56:06.000000,2025-08-02T23:56:06.000000,5
CHG-0000609,Adjust CPU and memory resources for virtual servers,Failure,Iron Man,Iron Man,Avengers,Service B,Low,Medium,Medium,Closed,Medium,2025-08-01T02:10:13.000000,Friday,2025-08-01T10:10:13.000000,2025-08-02T04:10:13.000000,4
CHG-0000610,Change network routing for branch office connectivity,Network,Thor,Thor,Avengers,Service D,Low,Medium,High,Closed,Medium,2025-08-01T06:48:04.000000,Friday,2025-08-01T09:48:04.000000,2025-08-02T03:48:04.000000,4
CHG-0000611,Configure new SFTP connection to external partner,Network,Iron Man,Iron Man,Avengers,Service E,Low,Medium,High,Closed,Medium,2025-08-01T00:24:29.000000,Friday,2025-08-01T04:24:29.000000,2025-08-01T16:24:29.000000,3
CHG-0000612,Modify backup retention period for file shares,Data,Iron Man,Iron Man,Avengers,Service C,High,Low,High,Closed,Critical,2025-08-01T08:37:08.000000,Friday,2025-08-01T15:37:08.000000,2025-08-02T01:37:08.000000,0
CHG-0000613,Reconfigure service monitoring checks for new URLs,Network,John Cena,John Cena,Matrix,Service A,Low,High,Low,Closed,Medium,2025-08-02T10:04:10.000000,Saturday,2025-08-02T16:04:10.000000,2025-08-03T02:04:10.000000,2
CHG-0000614,Enable encryption at rest for database storage,Access,Captain America,Captain America,Avengers,Service A,Low,Low,High,New,High,2025-08-03T16:57:05.000000,Sunday,,,2
CHG-0000615,Migrate user mailboxes to new email platform,Facilities,Loki,Loki,Avengers,Service D,Medium,High,Medium,Closed,Medium,2025-08-03T22:06:10.000000,Sunday,2025-08-04T01:06:10.000000,2025-08-04T19:06:10.000000,3
CHG-0000616,Deploy new version of mobile banking API,Hardware,John Wick,John Wick,Matrix,Service E,High,High,Medium,On Hold,Medium,2025-08-04T19:51:27.000000,Monday,,,5
CHG-0000617,Upgrade database server to latest minor version,Data,Jack Sparrow,Jack Sparrow,Matrix,Service C,Medium,Medium,High,Closed,Medium,2025-08-04T23:48:42.000000,Monday,2025-08-05T07:48:42.000000,2025-08-06T17:48:42.000000,1
CHG-0000618,Implement new retention policy for log data,Facilities,Spiderman,Spiderman,Avengers II,Service D,High,Medium,High,Closed,High,2025-08-04T08:20:19.000000,Monday,2025-08-04T15:20:19.000000,2025-08-06T02:20:19.000000,2
CHG-0000619,Reconfigure service monitoring checks for new URLs,Failure,Thor,Thor,Avengers,Service A,High,Medium,Low,Closed,Critical,2025-08-04T06:01:23.000000,Monday,2025-08-04T12:01:23.000000,2025-08-05T20:01:23.000000,5
CHG-0000620,Replace legacy file server with new storage system,Hardware,John Cena,John Cena,Matrix,Service E,High,High,Medium,Closed,Critical,2025-08-04T23:31:02.000000,Monday,2025-08-05T06:31:02.000000,2025-08-06T06:31:02.000000,3
CHG-0000621,Update DNS records for application hostname change,Failure,Jack Sparrow,Jack Sparrow,Matrix,Service B,Medium,Low,Medium,Closed,Medium,2025-08-05T08:01:40.000000,Tuesday,2025-08-05T14:01:40.000000,2025-08-05T22:01:40.000000,2
CHG-0000622,Apply monthly security patches to production servers,Software,John Wick,John Wick,Matrix,Service B,Low,Medium,Medium,New,Medium,2025-08-05T05:39:25.000000,Tuesday,,,5
CHG-0000623,Change time synchronization settings for servers,Network,Iron Man,Iron Man,Avengers,Service C,Low,Low,Low,Closed,High,2025-08-05T07:07:58.000000,Tuesday,2025-08-05T15:07:58.000000,2025-08-06T17:07:58.000000,0
CHG-0000624,Deploy new version of mobile banking API,Hardware,Hulk,Hulk,Avengers,Service E,Low,Low,High,Closed,High,2025-08-05T08:28:20.000000,Tuesday,2025-08-05T14:28:20.000000,2025-08-06T10:28:20.000000,0
CHG-0000625,Update SSL/TLS certificates on web servers,Complaint,John Wick,John Wick,Matrix,Service E,High,Low,High,Closed,Medium,2025-08-06T08:04:56.000000,Wednesday,2025-08-06T11:04:56.000000,2025-08-07T20:04:56.000000,1
CHG-0000626,Enable encryption at rest for database storage,Hardware,Jack Sparrow,Jack Sparrow,Matrix,Service D,Low,High,Low,Closed,High,2025-08-06T00:14:00.000000,Wednesday,2025-08-06T05:14:00.000000,2025-08-07T14:14:00.000000,2
CHG-0000627,Deploy new version of mobile banking API,Failure,Captain America,Captain America,Avengers,Service E,High,High,High,Closed,Critical,2025-08-06T14:07:56.000000,Wednesday,2025-08-06T21:07:56.000000,2025-08-07T07:07:56.000000,0
CHG-0000628,Upgrade operating system on middleware servers,Software,Captain America,Captain America,Avengers,Service E,Low,High,Low,In Progress,Critical,2025-08-06T16:24:27.000000,Wednesday,2025-08-06T20:24:27.000000,,5
CHG-0000629,Deploy new version of mobile banking API,Complaint,Spiderman,Spiderman,Avengers II,Service A,Medium,Low,Medium,Closed,Critical,2025-08-06T00:43:59.000000,Wednesday,2025-08-06T02:43:59.000000,2025-08-06T17:43:59.000000,2
CHG-0000630,Change time synchronization settings for servers,Network,Loki,Loki,Avengers,Service B,Low,Low,Medium,Closed,Medium,2025-08-07T00:05:06.000000,Thursday,2025-08-07T04:05:06.000000,2025-08-07T09:05:06.000000,4
CHG-0000631,Increase disk space allocation on application server,Failure,Hulk,Hulk,Avengers,Service A,Low,Low,High,Closed,Low,2025-08-07T00:41:00.000000,Thursday,2025-08-07T04:41:00.000000,2025-08-08T05:41:00.000000,5
CHG-0000632,Introduce new email disclaimer for outgoing messages,Complaint,John Cena,John Cena,Matrix,Service C,Low,Medium,Medium,Closed,Medium,2025-08-08T15:49:50.000000,Friday,2025-08-08T23:49:50.000000,2025-08-10T10:49:50.000000,3
CHG-0000633,Apply configuration changes to intrusion detection system,Failure,Thor,Thor,Avengers,Service E,Medium,Medium,Low,Closed,Medium,2025-08-08T08:50:51.000000,Friday,2025-08-08T16:50:51.000000,2025-08-09T23:50:51.000000,0
CHG-0000634,Update API gateway rules for new service endpoints,Hardware,John Cena,John Cena,Matrix,Service D,High,Low,High,Closed,Critical,2025-08-08T20:47:26.000000,Friday,2025-08-09T04:47:26.000000,2025-08-10T13:47:26.000000,0
CHG-0000635,Change print server configuration for new printers,Data,Jack Sparrow,Jack Sparrow,Matrix,Service C,High,High,High,Closed,Medium,2025-08-09T07:28:38.000000,Saturday,2025-08-09T12:28:38.000000,2025-08-09T15:28:38.000000,5
CHG-0000636,Deploy new configuration for password self-service portal,Facilities,Captain America,Captain America,Avengers,Service C,Low,High,High,Closed,Critical,2025-08-10T20:28:14.000000,Sunday,2025-08-11T01:28:14.000000,2025-08-11T22:28:14.000000,4
CHG-0000637,Add new subnet to internal network for project team,Hardware,Hulk,Hulk,Avengers,Service D,High,Medium,Low,Closed,Low,2025-08-10T15:09:15.000000,Sunday,2025-08-10T20:09:15.000000,2025-08-10T22:09:15.000000,1
CHG-0000638,Adjust monitoring thresholds for critical alerts,Complaint,Loki,Loki,Avengers,Service B,Low,High,High,Closed,High,2025-08-11T04:29:07.000000,Monday,2025-08-11T10:29:07.000000,2025-08-11T17:29:07.000000,0
CHG-0000639,Implement new change in batch file transfer process,Software,Spiderman,Spiderman,Avengers II,Service D,Medium,High,Medium,In Progress,Low,2025-08-12T14:35:30.000000,Tuesday,2025-08-12T18:35:30.000000,,4
CHG-0000640,Replace legacy file server with new storage system,Access,Hulk,Hulk,Avengers,Service C,High,High,High,Closed,High,2025-08-12T17:54:31.000000,Tuesday,2025-08-12T21:54:31.000000,2025-08-13T16:54:31.000000,4
CHG-0000641,Deploy new configuration for password self-service portal,Software,Thor,Thor,Avengers,Service D,High,Low,Low,In Progress,Critical,2025-08-12T11:04:02.000000,Tuesday,2025-08-12T16:04:02.000000,,1
CHG-0000642,Enable encryption at rest for database storage,Software,Thor,Thor,Avengers,Service D,Medium,High,Medium,Closed,High,2025-08-13T13:30:02.000000,Wednesday,2025-08-13T21:30:02.000000,2025-08-14T21:30:02.000000,0
CHG-0000643,Change email gateway configuration for spam filtering,Network,Hulk,Hulk,Avengers,Service A,Medium,Low,Medium,Closed,Low,2025-08-13T08:47:47.000000,Wednesday,2025-08-13T15:47:47.000000,2025-08-13T21:47:47.000000,0
CHG-0000644,Upgrade database server to latest minor version,Hardware,Thor,Thor,Avengers,Service C,High,High,High,Closed,Medium,2025-08-13T23:22:54.000000,Wednesday,2025-08-14T04:22:54.000000,2025-08-15T09:22:54.000000,3
CHG-0000645,Implement new access roles in identity management system,Access,Iron Man,Iron Man,Avengers,Service A,High,High,Medium,Closed,Medium,2025-08-14T15:30:59.000000,Thursday,2025-08-14T20:30:59.000000,2025-08-15T18:30:59.000000,4
CHG-0000646,Configure new high-availability cluster for database,Network,Captain America,Captain America,Avengers,Service C,Medium,High,Low,Closed,Medium,2025-08-14T06:34:04.000000,Thursday,2025-08-14T14:34:04.000000,2025-08-14T21:34:04.000000,5
CHG-0000647,Change load balancer configuration for improved failover,Network,Loki,Loki,Avengers,Service A,Medium,Low,High,Closed,Critical,2025-08-15T04:33:02.000000,Friday,2025-08-15T09:33:02.000000,2025-08-15T23:33:02.000000,3
CHG-0000648,Update SSL/TLS certificates on web servers,Complaint,Doctor Strange,Doctor Strange,Avengers II,Service A,Medium,High,Medium,Closed,Medium,2025-08-15T15:24:39.000000,Friday,2025-08-15T20:24:39.000000,2025-08-15T23:24:39.000000,2
CHG-0000649,Upgrade virtualization platform to latest version,Network,Thor,Thor,Avengers,Service A,High,Low,High,Closed,Low,2025-08-15T01:07:34.000000,Friday,2025-08-15T04:07:34.000000,2025-08-15T16:07:34.000000,4
CHG-0000650,Change DHCP scope settings for office network,Access,Captain Marvel,Captain Marvel,Avengers II,Service B,Medium,Low,Medium,Closed,High,2025-08-15T11:54:51.000000,Friday,2025-08-15T19:54:51.000000,2025-08-16T01:54:51.000000,2
CHG-0000651,Upgrade operating system on middleware servers,Facilities,Iron Man,Iron Man,Avengers,Service B,High,High,Low,New,Critical,2025-08-16T01:12:50.000000,Saturday,,,0
CHG-0000652,Deploy new version of mobile banking API,Access,Hulk,Hulk,Avengers,Service C,Medium,Low,High,Closed,Medium,2025-08-16T20:03:53.000000,Saturday,2025-08-17T04:03:53.000000,2025-08-17T07:03:53.000000,1
CHG-0000653,Adjust CPU and memory resources for virtual servers,Data,Captain Marvel,Captain Marvel,Avengers II,Service D,Medium,Low,High,Closed,Medium,2025-08-16T12:57:34.000000,Saturday,2025-08-16T16:57:34.000000,2025-08-17T16:57:34.000000,3
CHG-0000654,Introduce new logging and monitoring rules for servers,Software,Captain Marvel,Captain Marvel,Avengers II,Service E,Low,Medium,Low,Closed,Medium,2025-08-17T06:49:31.000000,Sunday,2025-08-17T10:49:31.000000,2025-08-18T11:49:31.000000,3
CHG-0000655,Implement new proxy configuration for internet access,Software,Hulk,Hulk,Avengers,Service C,Low,Low,High,Closed,Critical,2025-08-17T14:18:52.000000,Sunday,2025-08-17T19:18:52.000000,2025-08-18T05:18:52.000000,2
CHG-0000656,Reconfigure backup schedule for critical databases,Data,Captain America,Captain America,Avengers,Service D,High,Medium,Low,Closed,High,2025-08-17T20:33:10.000000,Sunday,2025-08-18T01:33:10.000000,2025-08-18T17:33:10.000000,5
CHG-0000657,Implement new proxy configuration for internet access,Hardware,Loki,Loki,Avengers,Service E,High,Medium,Low,Closed,High,2025-08-17T15:08:45.000000,Sunday,2025-08-17T21:08:45.000000,2025-08-17T23:08:45.000000,4
CHG-0000658,Implement role-based access control for application,Access,Neo,Neo,Matrix,Service A,Medium,Medium,Low,Closed,Medium,2025-08-18T05:44:51.000000,Monday,2025-08-18T12:44:51.000000,2025-08-19T21:44:51.000000,5
CHG-0000659,Reconfigure service monitoring checks for new URLs,Network,Iron Man,Iron Man,Avengers,Service B,Low,Medium,Medium,Closed,Medium,2025-08-18T05:04:30.000000,Monday,2025-08-18T11:04:30.000000,2025-08-18T13:04:30.000000,0
CHG-0000660,Deploy new configuration for password self-service portal,Facilities,Iron Man,Iron Man,Avengers,Service B,Low,Medium,Low,Closed,High,2025-08-19T21:39:53.000000,Tuesday,2025-08-20T00:39:53.000000,2025-08-20T13:39:53.000000,2
CHG-0000661,Adjust CPU and memory resources for virtual servers,Hardware,Jack Sparrow,Jack Sparrow,Matrix,Service C,Low,High,High,Closed,Medium,2025-08-19T21:36:51.000000,Tuesday,2025-08-20T05:36:51.000000,2025-08-20T21:36:51.000000,5
CHG-0000662,Implement role-based access control for application,Hardware,John Cena,John Cena,Matrix,Service A,Medium,High,Low,In Progress,Medium,2025-08-20T04:25:03.000000,Wednesday,2025-08-20T09:25:03.000000,,4
CHG-0000663,Change DHCP scope settings for office network,Network,Loki,Loki,Avengers,Service A,Medium,Medium,Medium,Closed,Low,2025-08-20T20:08:01.000000,Wednesday,2025-08-21T03:08:01.000000,2025-08-21T20:08:01.000000,5
CHG-0000664,Deploy new configuration for password self-service portal,Complaint,Spiderman,Spiderman,Avengers II,Service A,Low,Medium,Low,Closed,High,2025-08-21T00:19:08.000000,Thursday,2025-08-21T07:19:08.000000,2025-08-21T14:19:08.000000,0
CHG-0000665,Change network routing for branch office connectivity,Software,Spiderman,Spiderman,Avengers II,Service B,Medium,High,High,Closed,High,2025-08-21T21:53:44.000000,Thursday,2025-08-22T01:53:44.000000,2025-08-23T08:53:44.000000,5
CHG-0000666,Migrate user mailboxes to new email platform,Failure,Thor,Thor,Avengers,Service A,High,High,High,Closed,High,2025-08-22T11:11:07.000000,Friday,2025-08-22T16:11:07.000000,2025-08-23T22:11:07.000000,4
CHG-0000667,Change print server configuration for new printers,Software,Hulk,Hulk,Avengers,Service E,High,High,Medium,Closed,Low,2025-08-22T03:56:51.000000,Friday,2025-08-22T08:56:51.000000,2025-08-23T00:56:51.000000,0
CHG-0000668,Introduce new logging and monitoring rules for servers,Complaint,Captain America,Captain America,Avengers,Service B,Low,Low,Medium,Closed,Medium,2025-08-22T13:06:23.000000,Friday,2025-08-22T15:06:23.000000,2025-08-22T21:06:23.000000,4
CHG-0000669,Deploy new version of endpoint management agent,Access,Thor,Thor,Avengers,Service D,High,High,Low,In Progress,Medium,2025-08-22T05:05:49.000000,Friday,2025-08-22T13:05:49.000000,,0
CHG-0000670,Implement new retention policy for log data,Network,Captain America,Captain America,Avengers,Service A,Low,High,High,Closed,Medium,2025-08-22T01:58:16.000000,Friday,2025-08-22T06:58:16.000000,2025-08-23T04:58:16.000000,4
CHG-0000671,Reconfigure application timeout settings,Failure,Thor,Thor,Avengers,Service B,Medium,Medium,Low,Closed,Low,2025-08-23T03:48:43.000000,Saturday,2025-08-23T09:48:43.000000,2025-08-23T18:48:43.000000,3
CHG-0000672,Implement new access roles in identity management system,Failure,Captain America,Captain America,Avengers,Service C,High,High,Medium,Closed,Low,2025-08-24T01:36:37.000000,Sunday,2025-08-24T04:36:37.000000,2025-08-24T18:36:37.000000,0
CHG-0000673,Adjust monitoring thresholds for critical alerts,Data,Captain America,Captain America,Avengers,Service A,Low,Medium,Low,Closed,Critical,2025-08-24T06:05:24.000000,Sunday,2025-08-24T12:05:24.000000,2025-08-24T20:05:24.000000,0
CHG-0000674,Implement new proxy configuration for internet access,Failure,Hulk,Hulk,Avengers,Service C,Low,Low,Medium,On Hold,High,2025-08-24T22:11:09.000000,Sunday,,,3
CHG-0000675,Update configuration for single sign-on integration,Hardware,John Wick,John Wick,Matrix,Service A,Medium,Low,Medium,Closed,Medium,2025-08-25T02:34:22.000000,Monday,2025-08-25T09:34:22.000000,2025-08-26T08:34:22.000000,4
CHG-0000676,Deploy new version of mobile banking API,Failure,Batman,Batman,Matrix,Service A,Low,Low,High,On Hold,Medium,2025-08-25T16:28:29.000000,Monday,,,4
CHG-0000677,Change scheduled job timing for batch processing,Software,Doctor Strange,Doctor Strange,Avengers II,Service C,High,Low,Medium,Closed,Medium,2025-08-25T07:16:52.000000,Monday,2025-08-25T15:16:52.000000,2025-08-27T02:16:52.000000,1
CHG-0000678,Migrate user mailboxes to new email platform,Complaint,Loki,Loki,Avengers,Service C,High,Low,Medium,Closed,Low,2025-08-26T07:55:38.000000,Tuesday,2025-08-26T13:55:38.000000,2025-08-27T02:55:38.000000,0
CHG-0000679,Implement role-based access control for application,Facilities,Captain America,Captain America,Avengers,Service A,Low,High,Low,Closed,Low,2025-08-26T04:08:04.000000,Tuesday,2025-08-26T11:08:04.000000,2025-08-27T13:08:04.000000,3
CHG-0000680,Change network routing for branch office connectivity,Network,Spiderman,Spiderman,Avengers II,Service A,Low,High,Medium,Closed,Medium,2025-08-27T01:40:36.000000,Wednesday,2025-08-27T06:40:36.000000,2025-08-28T02:40:36.000000,4
CHG-0000681,Apply configuration changes to intrusion detection system,Data,John Wick,John Wick,Matrix,Service D,Low,Medium,High,Closed,Critical,2025-08-28T02:57:55.000000,Thursday,2025-08-28T07:57:55.000000,2025-08-29T07:57:55.000000,3
CHG-0000682,Change configuration of web application firewall policies,Complaint,Thor,Thor,Avengers,Service B,Low,Low,Low,Closed,Medium,2025-08-28T04:23:10.000000,Thursday,2025-08-28T12:23:10.000000,2025-08-28T14:23:10.000000,0
CHG-0000683,Reconfigure service monitoring checks for new URLs,Failure,Thor,Thor,Avengers,Service E,Medium,Medium,Low,Closed,Low,2025-08-28T13:31:22.000000,Thursday,2025-08-28T18:31:22.000000,2025-08-30T04:31:22.000000,0
CHG-0000684,Deploy new version of endpoint management agent,Access,Jack Sparrow,Jack Sparrow,Matrix,Service D,Medium,Low,High,Closed,Medium,2025-08-28T17:03:14.000000,Thursday,2025-08-28T22:03:14.000000,2025-08-30T08:03:14.000000,1
CHG-0000685,Change Active Directory group membership for user access,Software,Batman,Batman,Matrix,Service C,Low,High,Low,Closed,Medium,2025-08-28T00:28:35.000000,Thursday,2025-08-28T08:28:35.000000,2025-08-28T18:28:35.000000,0
CHG-0000686,Update network share permissions for project folder,Software,Spiderman,Spiderman,Avengers II,Service B,Low,High,Low,Closed,Medium,2025-08-29T17:04:48.000000,Friday,2025-08-29T19:04:48.000000,2025-08-31T05:04:48.000000,2
CHG-0000687,Update SSL/TLS certificates on web servers,Complaint,Iron Man,Iron Man,Avengers,Service B,Medium,High,High,Closed,Medium,2025-08-29T03:27:08.000000,Friday,2025-08-29T07:27:08.000000,2025-08-30T11:27:08.000000,5
CHG-0000688,Configure new high-availability cluster for database,Complaint,Shang Chi,Shang Chi,Avengers II,Service C,High,Medium,Medium,On Hold,Medium,2025-08-29T22:38:54.000000,Friday,,,1
CHG-0000689,Migrate user mailboxes to new email platform,Failure,Doctor Strange,Doctor Strange,Avengers II,Service A,High,Low,Low,Closed,Medium,2025-08-30T23:05:09.000000,Saturday,2025-08-31T06:05:09.000000,2025-08-31T10:05:09.000000,5
CHG-0000690,Change configuration of web application firewall policies,Facilities,Captain America,Captain America,Avengers,Service D,Low,Low,Medium,Closed,High,2025-08-30T12:01:10.000000,Saturday,2025-08-30T17:01:10.000000,2025-08-31T01:01:10.000000,1
CHG-0000691,Upgrade virtualization platform to latest version,Hardware,Spiderman,Spiderman,Avengers II,Service B,Low,High,High,Closed,Low,2025-08-30T05:34:56.000000,Saturday,2025-08-30T09:34:56.000000,2025-08-30T11:34:56.000000,4
CHG-0000692,Implement new access roles in identity management system,Hardware,Captain America,Captain America,Avengers,Service E,Medium,High,Low,Closed,Critical,2025-08-30T11:23:44.000000,Saturday,2025-08-30T13:23:44.000000,2025-08-30T23:23:44.000000,5
CHG-0000693,Adjust CPU and memory resources for virtual servers,Facilities,Jack Sparrow,Jack Sparrow,Matrix,Service B,Medium,High,Medium,Closed,Medium,2025-08-30T00:35:26.000000,Saturday,2025-08-30T02:35:26.000000,2025-08-30T16:35:26.000000,5
CHG-0000694,Implement firewall rule change for new service endpoint,Data,John Cena,John Cena,Matrix,Service B,Low,High,High,Closed,High,2025-08-31T19:08:24.000000,Sunday,2025-09-01T03:08:24.000000,2025-09-02T11:08:24.000000,1
CHG-0000695,Introduce new logging and monitoring rules for servers,Facilities,Doctor Strange,Doctor Strange,Avengers II,Service B,Medium,Low,High,Closed,Medium,2025-08-31T19:44:04.000000,Sunday,2025-09-01T02:44:04.000000,2025-09-02T12:44:04.000000,4
CHG-0000696,Adjust monitoring thresholds for critical alerts,Access,Loki,Loki,Avengers,Service A,Low,Medium,Medium,Closed,Medium,2025-08-31T23:05:36.000000,Sunday,2025-09-01T04:05:36.000000,2025-09-02T08:05:36.000000,3
CHG-0000697,Migrate application from test to production environment,Facilities,Iron Man,Iron Man,Avengers,Service E,Low,High,High,New,Low,2025-08-31T14:34:39.000000,Sunday,,,0
CHG-0000698,Implement new software deployment package for endpoints,Access,Captain America,Captain America,Avengers,Service E,Medium,Low,Low,Closed,Medium,2025-08-31T16:15:34.000000,Sunday,2025-08-31T19:15:34.000000,2025-08-31T21:15:34.000000,1
CHG-0000699,Implement new software deployment package for endpoints,Complaint,Loki,Loki,Avengers,Service B,Medium,Medium,Low,New,High,2025-09-01T15:05:39.000000,Monday,,,5
CHG-0000700,Implement new change in batch file transfer process,Failure,Thor,Thor,Avengers,Service A,Low,High,High,Closed,High,2025-09-02T07:01:14.000000,Tuesday,2025-09-02T12:01:14.000000,2025-09-03T05:01:14.000000,5
CHG-0000701,Migrate application from test to production environment,Failure,Iron Man,Iron Man,Avengers,Service E,High,Medium,Low,Closed,Critical,2025-09-02T03:40:28.000000,Tuesday,2025-09-02T07:40:28.000000,2025-09-02T18:40:28.000000,3
CHG-0000702,Implement role-based access control for application,Software,Doctor Strange,Doctor Strange,Avengers II,Service E,Medium,High,High,Closed,Low,2025-09-02T01:02:07.000000,Tuesday,2025-09-02T03:02:07.000000,2025-09-03T11:02:07.000000,1
CHG-0000703,Update configuration for single sign-on integration,Network,Thor,Thor,Avengers,Service D,Medium,Medium,Low,Closed,High,2025-09-02T05:47:18.000000,Tuesday,2025-09-02T09:47:18.000000,2025-09-03T02:47:18.000000,0
CHG-0000704,Update API gateway rules for new service endpoints,Complaint,Iron Man,Iron Man,Avengers,Service A,Low,Low,Low,Closed,Medium,2025-09-02T14:50:31.000000,Tuesday,2025-09-02T20:50:31.000000,2025-09-03T05:50:31.000000,2
CHG-0000705,Implement role-based access control for application,Access,Iron Man,Iron Man,Avengers,Service A,Low,Medium,High,Closed,Medium,2025-09-03T18:25:27.000000,Wednesday,2025-09-04T01:25:27.000000,2025-09-04T05:25:27.000000,2
CHG-0000706,Replace legacy file server with new storage system,Failure,Iron Man,Iron Man,Avengers,Service E,Low,Medium,High,Closed,Medium,2025-09-04T18:48:48.000000,Thursday,2025-09-05T01:48:48.000000,2025-09-05T15:48:48.000000,4
CHG-0000707,Deploy new configuration for password self-service portal,Failure,Hulk,Hulk,Avengers,Service B,Low,High,Medium,Closed,High,2025-09-04T02:22:22.000000,Thursday,2025-09-04T08:22:22.000000,2025-09-05T07:22:22.000000,4
CHG-0000708,Migrate application from test to production environment,Facilities,Neo,Neo,Matrix,Service A,Medium,Low,High,Closed,Medium,2025-09-04T12:38:00.000000,Thursday,2025-09-04T15:38:00.000000,2025-09-05T17:38:00.000000,1
CHG-0000709,Update API gateway rules for new service endpoints,Hardware,Doctor Strange,Doctor Strange,Avengers II,Service C,Low,Low,Medium,Closed,High,2025-09-04T11:02:35.000000,Thursday,2025-09-04T16:02:35.000000,2025-09-05T21:02:35.000000,3
CHG-0000710,Deploy new version of endpoint management agent,Failure,Hulk,Hulk,Avengers,Service B,Medium,Low,Medium,Closed,Critical,2025-09-05T10:45:16.000000,Friday,2025-09-05T16:45:16.000000,2025-09-05T23:45:16.000000,5
CHG-0000711,Change configuration of web application firewall policies,Software,Shang Chi,Shang Chi,Avengers II,Service E,Low,High,Low,Closed,High,2025-09-05T11:51:52.000000,Friday,2025-09-05T17:51:52.000000,2025-09-06T07:51:52.000000,4
CHG-0000712,Configure new high-availability cluster for database,Access,Spiderman,Spiderman,Avengers II,Service C,Low,High,High,Closed,Medium,2025-09-05T20:59:40.000000,Friday,2025-09-06T00:59:40.000000,2025-09-07T09:59:40.000000,4
CHG-0000713,Reconfigure backup schedule for critical databases,Software,Iron Man,Iron Man,Avengers,Service C,Low,High,Medium,Closed,High,2025-09-05T16:56:07.000000,Friday,2025-09-05T19:56:07.000000,2025-09-06T01:56:07.000000,4
CHG-0000714,Change DHCP scope settings for office network,Failure,Iron Man,Iron Man,Avengers,Service C,Low,Low,Low,Closed,High,2025-09-06T13:43:18.000000,Saturday,2025-09-06T16:43:18.000000,2025-09-07T12:43:18.000000,2
CHG-0000715,Deploy new configuration for password self-service portal,Hardware,John Wick,John Wick,Matrix,Service D,Low,Low,Medium,Closed,Critical,2025-09-06T20:51:08.000000,Saturday,2025-09-07T03:51:08.000000,2025-09-08T05:51:08.000000,4
CHG-0000716,Implement new password policy across domain,Hardware,Loki,Loki,Avengers,Service B,High,Low,Medium,Closed,High,2025-09-06T04:29:30.000000,Saturday,2025-09-06T06:29:30.000000,2025-09-06T08:29:30.000000,2
CHG-0000717,Upgrade virtualization platform to latest version,Access,Captain Marvel,Captain Marvel,Avengers II,Service D,Low,Medium,High,Closed,Medium,2025-09-07T20:33:47.000000,Sunday,2025-09-08T04:33:47.000000,2025-09-09T03:33:47.000000,0
CHG-0000718,Change configuration of web application firewall policies,Facilities,Thor,Thor,Avengers,Service B,Medium,Low,Low,Closed,Critical,2025-09-08T04:39:21.000000,Monday,2025-09-08T06:39:21.000000,2025-09-09T13:39:21.000000,5
CHG-0000719,Modify service account permissions for application,Failure,Spiderman,Spiderman,Avengers II,Service E,High,Medium,Low,Closed,Medium,2025-09-08T04:30:41.000000,Monday,2025-09-08T11:30:41.000000,2025-09-09T04:30:41.000000,1
CHG-0000720,Introduce new email disclaimer for outgoing messages,Failure,Iron Man,Iron Man,Avengers,Service D,Medium,Low,High,Closed,Critical,2025-09-09T03:24:24.000000,Tuesday,2025-09-09T05:24:24.000000,2025-09-09T17:24:24.000000,3
CHG-0000721,Implement new access roles in identity management system,Complaint,Hulk,Hulk,Avengers,Service C,High,Low,High,Closed,Medium,2025-09-09T07:31:08.000000,Tuesday,2025-09-09T12:31:08.000000,2025-09-09T20:31:08.000000,2
CHG-0000722,Change email gateway configuration for spam filtering,Complaint,Captain America,Captain America,Avengers,Service B,High,Medium,Low,On Hold,Medium,2025-09-10T08:31:20.000000,Wednesday,,,3
CHG-0000723,Reconfigure backup schedule for critical databases,Facilities,John Cena,John Cena,Matrix,Service A,Low,Medium,Medium,Closed,Medium,2025-09-10T08:36:41.000000,Wednesday,2025-09-10T14:36:41.000000,2025-09-11T05:36:41.000000,1
CHG-0000724,Modify backup retention period for file shares,Complaint,Loki,Loki,Avengers,Service D,Low,High,Low,Closed,Medium,2025-09-10T14:42:16.000000,Wednesday,2025-09-10T21:42:16.000000,2025-09-11T04:42:16.000000,5
CHG-0000725,Adjust CPU and memory resources for virtual servers,Hardware,Thor,Thor,Avengers,Service E,High,Medium,Low,Closed,Medium,2025-09-10T11:00:34.000000,Wednesday,2025-09-10T13:00:34.000000,2025-09-11T22:00:34.000000,4
CHG-0000726,Implement new software deployment package for endpoints,Access,Shang Chi,Shang Chi,Avengers II,Service C,Medium,Low,Medium,Closed,High,2025-09-10T20:00:34.000000,Wednesday,2025-09-11T04:00:34.000000,2025-09-12T06:00:34.000000,4
CHG-0000727,Update SSL/TLS certificates on web servers,Facilities,John Wick,John Wick,Matrix,Service E,High,Medium,Medium,Closed,High,2025-09-11T22:59:02.000000,Thursday,2025-09-12T05:59:02.000000,2025-09-13T13:59:02.000000,4
CHG-0000728,Enable multi-factor authentication for VPN users,Network,Loki,Loki,Avengers,Service C,High,Low,Medium,Closed,High,2025-09-11T07:35:12.000000,Thursday,2025-09-11T09:35:12.000000,2025-09-11T15:35:12.000000,5
CHG-0000729,Reconfigure service monitoring checks for new URLs,Access,Batman,Batman,Matrix,Service D,High,Medium,Low,Closed,Medium,2025-09-12T11:58:01.000000,Friday,2025-09-12T17:58:01.000000,2025-09-13T00:58:01.000000,4
CHG-0000730,Reconfigure application timeout settings,Access,Thor,Thor,Avengers,Service B,Medium,Medium,High,Closed,Medium,2025-09-12T14:38:00.000000,Friday,2025-09-12T22:38:00.000000,2025-09-13T05:38:00.000000,5
CHG-0000731,Change network routing for branch office connectivity,Complaint,Iron Man,Iron Man,Avengers,Service C,Medium,Low,High,Closed,High,2025-09-12T01:38:27.000000,Friday,2025-09-12T04:38:27.000000,2025-09-13T07:38:27.000000,2
CHG-0000732,Change scheduled job timing for batch processing,Network,Captain America,Captain America,Avengers,Service B,Medium,Low,Medium,Closed,High,2025-09-12T07:38:55.000000,Friday,2025-09-12T14:38:55.000000,2025-09-13T23:38:55.000000,4
CHG-0000733,Migrate user mailboxes to new email platform,Hardware,Iron Man,Iron Man,Avengers,Service C,Medium,Medium,Medium,Closed,Low,2025-09-13T10:12:03.000000,Saturday,2025-09-13T15:12:03.000000,2025-09-14T19:12:03.000000,1
CHG-0000734,Introduce new logging and monitoring rules for servers,Hardware,Thor,Thor,Avengers,Service A,Medium,Low,Medium,Closed,Low,2025-09-13T04:45:29.000000,Saturday,2025-09-13T06:45:29.000000,2025-09-13T13:45:29.000000,3
CHG-0000735,Change network routing for branch office connectivity,Facilities,John Cena,John Cena,Matrix,Service E,Medium,High,Medium,Closed,High,2025-09-13T20:44:10.000000,Saturday,2025-09-13T22:44:10.000000,2025-09-14T05:44:10.000000,1
CHG-0000736,Update API gateway rules for new service endpoints,Facilities,Doctor Strange,Doctor Strange,Avengers II,Service B,Low,Medium,Low,In Progress,High,2025-09-13T14:28:17.000000,Saturday,2025-09-13T18:28:17.000000,,3
CHG-0000737,Implement role-based access control for application,Hardware,Spiderman,Spiderman,Avengers II,Service D,High,Low,Medium,Closed,High,2025-09-13T16:49:21.000000,Saturday,2025-09-13T21:49:21.000000,2025-09-14T19:49:21.000000,3
CHG-0000738,Introduce new logging and monitoring rules for servers,Failure,Batman,Batman,Matrix,Service A,Low,Medium,Low,Closed,Low,2025-09-14T05:56:20.000000,Sunday,2025-09-14T09:56:20.000000,2025-09-15T06:56:20.000000,3
CHG-0000739,Change network routing for branch office connectivity,Hardware,Batman,Batman,Matrix,Service E,Low,High,High,Closed,High,2025-09-14T21:07:30.000000,Sunday,2025-09-14T23:07:30.000000,2025-09-16T04:07:30.000000,0
CHG-0000740,Implement firewall rule change for new service endpoint,Software,Spiderman,Spiderman,Avengers II,Service D,Low,High,Low,Closed,High,2025-09-14T15:45:59.000000,Sunday,2025-09-14T22:45:59.000000,2025-09-15T00:45:59.000000,4
CHG-0000741,Apply monthly security patches to production servers,Facilities,Captain Marvel,Captain Marvel,Avengers II,Service C,Low,High,High,Closed,High,2025-09-15T17:23:16.000000,Monday,2025-09-15T19:23:16.000000,2025-09-15T21:23:16.000000,0
CHG-0000742,Implement firewall rule change for new service endpoint,Complaint,John Cena,John Cena,Matrix,Service A,High,Medium,Medium,Closed,Low,2025-09-16T15:51:29.000000,Tuesday,2025-09-16T18:51:29.000000,2025-09-17T00:51:29.000000,3
CHG-0000743,Adjust monitoring thresholds for critical alerts,Network,Captain Marvel,Captain Marvel,Avengers II,Service C,Medium,Low,Medium,Closed,Medium,2025-09-16T18:26:32.000000,Tuesday,2025-09-17T01:26:32.000000,2025-09-17T04:26:32.000000,1
CHG-0000744,Migrate user mailboxes to new email platform,Access,Iron Man,Iron Man,Avengers,Service B,High,High,Medium,Closed,Medium,2025-09-17T00:29:14.000000,Wednesday,2025-09-17T08:29:14.000000,2025-09-18T16:29:14.000000,4
CHG-0000745,Reconfigure application timeout settings,Network,Doctor Strange,Doctor Strange,Avengers II,Service E,Low,Low,Low,Closed,High,2025-09-17T21:34:05.000000,Wednesday,2025-09-17T23:34:05.000000,2025-09-18T02:34:05.000000,1
CHG-0000746,Deploy new release of core banking application,Access,Captain Marvel,Captain Marvel,Avengers II,Service C,High,Low,Medium,Closed,Medium,2025-09-18T18:55:24.000000,Thursday,2025-09-19T01:55:24.000000,2025-09-19T03:55:24.000000,1
CHG-0000747,Modify backup retention period for file shares,Hardware,Neo,Neo,Matrix,Service E,High,High,High,Closed,High,2025-09-18T03:12:10.000000,Thursday,2025-09-18T06:12:10.000000,2025-09-19T12:12:10.000000,3
CHG-0000748,Deploy new release of core banking application,Complaint,Hulk,Hulk,Avengers,Service B,Low,Low,Low,Closed,Medium,2025-09-18T06:53:22.000000,Thursday,2025-09-18T12:53:22.000000,2025-09-19T19:53:22.000000,1
CHG-0000749,Change configuration of web application firewall policies,Software,John Cena,John Cena,Matrix,Service D,High,High,Medium,Closed,Low,2025-09-18T18:37:33.000000,Thursday,2025-09-18T22:37:33.000000,2025-09-19T12:37:33.000000,4
CHG-0000750,Introduce new logging and monitoring rules for servers,Failure,Captain Marvel,Captain Marvel,Avengers II,Service E,Low,Low,Medium,Closed,Low,2025-09-19T01:08:25.000000,Friday,2025-09-19T05:08:25.000000,2025-09-20T17:08:25.000000,4
CHG-0000751,Apply configuration changes to intrusion detection system,Access,Doctor Strange,Doctor Strange,Avengers II,Service E,Medium,Low,Low,Closed,Low,2025-09-19T05:33:04.000000,Friday,2025-09-19T13:33:04.000000,2025-09-20T14:33:04.000000,3
CHG-0000752,Apply configuration changes to intrusion detection system,Access,Hulk,Hulk,Avengers,Service A,High,Medium,Low,Closed,Low,2025-09-19T10:30:54.000000,Friday,2025-09-19T12:30:54.000000,2025-09-20T15:30:54.000000,0
CHG-0000753,Implement new password policy across domain,Software,Captain America,Captain America,Avengers,Service B,Low,High,Medium,Closed,Low,2025-09-19T19:32:17.000000,Friday,2025-09-20T02:32:17.000000,2025-09-21T13:32:17.000000,0
CHG-0000754,Reconfigure service monitoring checks for new URLs,Access,Captain America,Captain America,Avengers,Service B,Medium,Low,Low,Closed,Low,2025-09-19T18:32:41.000000,Friday,2025-09-19T22:32:41.000000,2025-09-20T10:32:41.000000,2
CHG-0000755,Introduce new logging and monitoring rules for servers,Data,John Wick,John Wick,Matrix,Service C,High,Medium,Low,On Hold,Medium,2025-09-20T17:07:47.000000,Saturday,,,3
CHG-0000756,Increase disk space allocation on application server,Software,Iron Man,Iron Man,Avengers,Service E,Low,Medium,Medium,Closed,Medium,2025-09-21T08:07:01.000000,Sunday,2025-09-21T16:07:01.000000,2025-09-22T04:07:01.000000,0
CHG-0000757,Update API gateway rules for new service endpoints,Complaint,Loki,Loki,Avengers,Service E,Medium,Medium,High,Closed,Medium,2025-09-21T12:57:28.000000,Sunday,2025-09-21T20:57:28.000000,2025-09-22T14:57:28.000000,1
CHG-0000758,Reconfigure service monitoring checks for new URLs,Hardware,Loki,Loki,Avengers,Service D,Low,Medium,Medium,Closed,Medium,2025-09-21T13:42:15.000000,Sunday,2025-09-21T17:42:15.000000,2025-09-22T15:42:15.000000,2
CHG-0000759,Implement new change in batch file transfer process,Failure,John Wick,John Wick,Matrix,Service E,High,Low,High,Closed,Medium,2025-09-21T02:30:36.000000,Sunday,2025-09-21T09:30:36.000000,2025-09-21T17:30:36.000000,0
CHG-0000760,Reconfigure service monitoring checks for new URLs,Data,Loki,Loki,Avengers,Service C,Low,High,High,Closed,Medium,2025-09-21T10:00:23.000000,Sunday,2025-09-21T18:00:23.000000,2025-09-21T21:00:23.000000,3
CHG-0000761,Apply configuration changes to intrusion detection system,Facilities,John Cena,John Cena,Matrix,Service B,Low,Medium,High,Closed,High,2025-09-22T13:51:45.000000,Monday,2025-09-22T21:51:45.000000,2025-09-23T07:51:45.000000,2
CHG-0000762,Update API gateway rules for new service endpoints,Access,Hulk,Hulk,Avengers,Service B,Low,Low,High,Closed,High,2025-09-22T23:59:11.000000,Monday,2025-09-23T05:59:11.000000,2025-09-23T12:59:11.000000,4
CHG-0000763,Modify VPN access policy for remote employees,Complaint,Loki,Loki,Avengers,Service D,Low,Medium,Medium,Closed,High,2025-09-22T21:23:16.000000,Monday,2025-09-23T00:23:16.000000,2025-09-24T00:23:16.000000,4
CHG-0000764,Change configuration of web application firewall policies,Hardware,Loki,Loki,Avengers,Service E,Low,High,High,Closed,Medium,2025-09-22T03:01:23.000000,Monday,2025-09-22T09:01:23.000000,2025-09-23T08:01:23.000000,3
CHG-0000765,Implement role-based access control for application,Failure,Captain America,Captain America,Avengers,Service B,High,Low,Low,Closed,Low,2025-09-23T09:40:43.000000,Tuesday,2025-09-23T13:40:43.000000,2025-09-24T21:40:43.000000,5
CHG-0000766,Change network routing for branch office connectivity,Access,Captain Marvel,Captain Marvel,Avengers II,Service D,Medium,Low,Medium,Closed,High,2025-09-24T09:34:52.000000,Wednesday,2025-09-24T11:34:52.000000,2025-09-25T04:34:52.000000,3
CHG-0000767,Modify service account permissions for application,Facilities,Spiderman,Spiderman,Avengers II,Service E,Low,Low,Low,Closed,Medium,2025-09-24T17:41:21.000000,Wednesday,2025-09-25T00:41:21.000000,2025-09-26T05:41:21.000000,1
CHG-0000768,Change email gateway configuration for spam filtering,Complaint,Captain America,Captain America,Avengers,Service C,Medium,Medium,High,Closed,Medium,2025-09-24T19:59:33.000000,Wednesday,2025-09-24T23:59:33.000000,2025-09-26T11:59:33.000000,0
CHG-0000769,Change email gateway configuration for spam filtering,Network,John Cena,John Cena,Matrix,Service A,High,Medium,Medium,Closed,High,2025-09-24T16:28:44.000000,Wednesday,2025-09-24T18:28:44.000000,2025-09-25T04:28:44.000000,5
CHG-0000770,Introduce new logging and monitoring rules for servers,Software,Doctor Strange,Doctor Strange,Avengers II,Service D,High,High,High,Closed,High,2025-09-25T21:17:36.000000,Thursday,2025-09-26T00:17:36.000000,2025-09-26T14:17:36.000000,1
CHG-0000771,Change network routing for branch office connectivity,Hardware,Jack Sparrow,Jack Sparrow,Matrix,Service B,High,Medium,Low,New,Medium,2025-09-26T16:50:00.000000,Friday,,,3
CHG-0000772,Change network routing for branch office connectivity,Software,Thor,Thor,Avengers,Service D,Low,Low,High,Closed,High,2025-09-26T21:35:52.000000,Friday,2025-09-27T02:35:52.000000,2025-09-28T07:35:52.000000,5
CHG-0000773,Update DNS records for application hostname change,Data,Neo,Neo,Matrix,Service C,Low,High,Low,Closed,Medium,2025-09-26T00:35:04.000000,Friday,2025-09-26T07:35:04.000000,2025-09-27T04:35:04.000000,4
CHG-0000774,Deploy new version of mobile banking API,Data,Hulk,Hulk,Avengers,Service E,High,High,Low,On Hold,High,2025-09-26T16:40:09.000000,Friday,,,3
CHG-0000775,Adjust monitoring thresholds for critical alerts,Network,Captain Marvel,Captain Marvel,Avengers II,Service A,Low,High,Medium,Closed,Low,2025-09-26T04:40:51.000000,Friday,2025-09-26T12:40:51.000000,2025-09-27T02:40:51.000000,0
CHG-0000776,Adjust CPU and memory resources for virtual servers,Data,Hulk,Hulk,Avengers,Service C,High,High,Low,Closed,Low,2025-09-27T06:37:45.000000,Saturday,2025-09-27T09:37:45.000000,2025-09-28T14:37:45.000000,3
CHG-0000777,Implement new proxy configuration for internet access,Software,Hulk,Hulk,Avengers,Service C,Low,Medium,High,Closed,Critical,2025-09-27T03:30:57.000000,Saturday,2025-09-27T06:30:57.000000,2025-09-27T18:30:57.000000,3
CHG-0000778,Apply monthly security patches to production servers,Complaint,Shang Chi,Shang Chi,Avengers II,Service C,Medium,Low,Low,Closed,High,2025-09-27T07:52:45.000000,Saturday,2025-09-27T09:52:45.000000,2025-09-28T16:52:45.000000,5
CHG-0000779,Update API gateway rules for new service endpoints,Software,Doctor Strange,Doctor Strange,Avengers II,Service A,Low,Medium,High,Closed,Medium,2025-09-27T04:54:54.000000,Saturday,2025-09-27T06:54:54.000000,2025-09-28T12:54:54.000000,1
CHG-0000780,Adjust CPU and memory resources for virtual servers,Facilities,John Wick,John Wick,Matrix,Service C,Medium,Medium,Low,Closed,High,2025-09-28T14:15:13.000000,Sunday,2025-09-28T21:15:13.000000,2025-09-29T03:15:13.000000,1
CHG-0000781,Increase disk space allocation on application server,Data,Captain Marvel,Captain Marvel,Avengers II,Service C,Medium,Low,Low,Closed,Medium,2025-09-28T20:48:24.000000,Sunday,2025-09-29T00:48:24.000000,2025-09-30T04:48:24.000000,2
CHG-0000782,Implement new software deployment package for endpoints,Hardware,Iron Man,Iron Man,Avengers,Service E,Low,Low,Medium,Closed,High,2025-09-28T06:30:41.000000,Sunday,2025-09-28T10:30:41.000000,2025-09-29T03:30:41.000000,0
CHG-0000783,Implement new proxy configuration for internet access,Facilities,Thor,Thor,Avengers,Service E,Low,Low,Medium,Closed,Medium,2025-09-29T08:03:07.000000,Monday,2025-09-29T15:03:07.000000,2025-10-01T03:03:07.000000,3
CHG-0000784,Implement role-based access control for application,Facilities,Captain Marvel,Captain Marvel,Avengers II,Service D,Low,High,Medium,Closed,High,2025-09-29T16:50:46.000000,Monday,2025-09-29T21:50:46.000000,2025-09-30T09:50:46.000000,0
CHG-0000785,Deploy new version of endpoint management agent,Facilities,Spiderman,Spiderman,Avengers II,Service C,Medium,High,Low,Closed,Medium,2025-09-29T22:41:31.000000,Monday,2025-09-30T02:41:31.000000,2025-09-30T09:41:31.000000,2
CHG-0000786,Deploy new configuration for password self-service portal,Failure,Captain America,Captain America,Avengers,Service A,Medium,Low,Low,Closed,Medium,2025-09-30T23:54:15.000000,Tuesday,2025-10-01T07:54:15.000000,2025-10-02T03:54:15.000000,1
CHG-0000787,Change load balancer configuration for improved failover,Facilities,John Wick,John Wick,Matrix,Service C,Medium,Medium,High,Closed,Critical,2025-09-30T23:16:19.000000,Tuesday,2025-10-01T06:16:19.000000,2025-10-01T19:16:19.000000,0
CHG-0000788,Deploy new configuration for password self-service portal,Complaint,Hulk,Hulk,Avengers,Service C,Medium,Medium,High,Closed,Medium,2025-10-01T22:01:48.000000,Wednesday,2025-10-02T02:01:48.000000,2025-10-03T02:01:48.000000,1
CHG-0000789,Change print server configuration for new printers,Data,Thor,Thor,Avengers,Service C,Low,Medium,Low,Closed,Medium,2025-10-01T20:57:12.000000,Wednesday,2025-10-02T04:57:12.000000,2025-10-02T17:57:12.000000,2
CHG-0000790,Configure new high-availability cluster for database,Data,Spiderman,Spiderman,Avengers II,Service E,Medium,Medium,High,Closed,Medium,2025-10-01T12:07:12.000000,Wednesday,2025-10-01T19:07:12.000000,2025-10-02T10:07:12.000000,1
CHG-0000791,Implement role-based access control for application,Data,Iron Man,Iron Man,Avengers,Service A,Medium,Low,Medium,Closed,Medium,2025-10-01T23:27:59.000000,Wednesday,2025-10-02T03:27:59.000000,2025-10-02T12:27:59.000000,4
CHG-0000792,Reconfigure service monitoring checks for new URLs,Complaint,Shang Chi,Shang Chi,Avengers II,Service C,Low,Medium,Low,Closed,Medium,2025-10-02T16:12:40.000000,Thursday,2025-10-02T20:12:40.000000,2025-10-03T08:12:40.000000,3
CHG-0000793,Apply configuration changes to intrusion detection system,Complaint,Captain Marvel,Captain Marvel,Avengers II,Service B,Low,Medium,Medium,Closed,High,2025-10-02T07:06:52.000000,Thursday,2025-10-02T12:06:52.000000,2025-10-04T00:06:52.000000,4
CHG-0000794,Migrate application from test to production environment,Access,Thor,Thor,Avengers,Service C,Medium,Medium,Medium,Closed,Low,2025-10-02T20:10:56.000000,Thursday,2025-10-02T22:10:56.000000,2025-10-03T06:10:56.000000,1
CHG-0000795,Deploy new release of core banking application,Access,Captain Marvel,Captain Marvel,Avengers II,Service C,High,Low,Medium,Closed,High,2025-10-02T03:12:08.000000,Thursday,2025-10-02T09:12:08.000000,2025-10-03T15:12:08.000000,0
CHG-0000796,Implement new password policy across domain,Hardware,John Wick,John Wick,Matrix,Service A,High,Low,Low,Closed,Medium,2025-10-03T16:25:17.000000,Friday,2025-10-03T20:25:17.000000,2025-10-04T20:25:17.000000,5
CHG-0000797,Apply monthly security patches to production servers,Complaint,Batman,Batman,Matrix,Service A,Medium,Medium,High,Closed,High,2025-10-03T17:07:52.000000,Friday,2025-10-03T19:07:52.000000,2025-10-05T06:07:52.000000,2
CHG-0000798,Change email gateway configuration for spam filtering,Complaint,Spiderman,Spiderman,Avengers II,Service A,Low,Low,High,Closed,High,2025-10-04T05:49:36.000000,Saturday,2025-10-04T07:49:36.000000,2025-10-04T13:49:36.000000,0
CHG-0000799,Reconfigure application timeout settings,Software,Doctor Strange,Doctor Strange,Avengers II,Service B,High,Medium,Medium,Closed,High,2025-10-04T16:41:07.000000,Saturday,2025-10-04T22:41:07.000000,2025-10-06T04:41:07.000000,2
CHG-0000800,Implement new change in batch file transfer process,Data,Loki,Loki,Avengers,Service B,Medium,Medium,Medium,Closed,Medium,2025-10-04T16:57:49.000000,Saturday,2025-10-05T00:57:49.000000,2025-10-05T06:57:49.000000,4
CHG-0000801,Implement role-based access control for application,Access,Doctor Strange,Doctor Strange,Avengers II,Service C,High,Low,High,Closed,Critical,2025-10-05T20:36:39.000000,Sunday,2025-10-06T03:36:39.000000,2025-10-07T09:36:39.000000,1
CHG-0000802,Change email gateway configuration for spam filtering,Complaint,Captain America,Captain America,Avengers,Service E,Low,Medium,Medium,Closed,Low,2025-10-05T05:40:45.000000,Sunday,2025-10-05T12:40:45.000000,2025-10-06T13:40:45.000000,2
CHG-0000803,Change print server configuration for new printers,Hardware,Spiderman,Spiderman,Avengers II,Service E,Medium,Low,Medium,Closed,High,2025-10-05T18:11:52.000000,Sunday,2025-10-06T01:11:52.000000,2025-10-06T18:11:52.000000,5
CHG-0000804,Configure new SFTP connection to external partner,Access,Spiderman,Spiderman,Avengers II,Service B,Low,Low,High,Closed,Medium,2025-10-05T07:03:59.000000,Sunday,2025-10-05T14:03:59.000000,2025-10-05T18:03:59.000000,3
CHG-0000805,Modify service account permissions for application,Software,Shang Chi,Shang Chi,Avengers II,Service C,Low,Medium,Medium,Closed,High,2025-10-06T14:45:39.000000,Monday,2025-10-06T18:45:39.000000,2025-10-06T20:45:39.000000,2
CHG-0000806,Increase disk space allocation on application server,Software,Jack Sparrow,Jack Sparrow,Matrix,Service A,Medium,Low,Low,Closed,High,2025-10-06T02:15:40.000000,Monday,2025-10-06T04:15:40.000000,2025-10-06T11:15:40.000000,0
CHG-0000807,Update DNS records for application hostname change,Data,Jack Sparrow,Jack Sparrow,Matrix,Service E,High,High,High,New,High,2025-10-06T17:03:38.000000,Monday,,,1
CHG-0000808,Introduce new logging and monitoring rules for servers,Failure,Hulk,Hulk,Avengers,Service C,Low,High,Low,Closed,Critical,2025-10-06T19:49:14.000000,Monday,2025-10-07T03:49:14.000000,2025-10-07T09:49:14.000000,3
CHG-0000809,Deploy new version of mobile banking API,Data,Hulk,Hulk,Avengers,Service C,Low,High,Medium,Closed,Medium,2025-10-07T10:08:59.000000,Tuesday,2025-10-07T12:08:59.000000,2025-10-08T15:08:59.000000,1
CHG-0000810,Reconfigure backup schedule for critical databases,Network,Loki,Loki,Avengers,Service E,High,High,Medium,On Hold,Medium,2025-10-07T01:20:05.000000,Tuesday,,,1
CHG-0000811,Change network routing for branch office connectivity,Network,Thor,Thor,Avengers,Service D,Low,Medium,High,Closed,High,2025-10-07T10:24:31.000000,Tuesday,2025-10-07T15:24:31.000000,2025-10-08T16:24:31.000000,3
CHG-0000812,Add new subnet to internal network for project team,Network,Neo,Neo,Matrix,Service E,High,Low,Low,Closed,High,2025-10-08T20:34:54.000000,Wednesday,2025-10-08T22:34:54.000000,2025-10-09T03:34:54.000000,3
CHG-0000813,Update SSL/TLS certificates on web servers,Software,Captain America,Captain America,Avengers,Service A,Medium,Medium,Medium,Closed,Medium,2025-10-08T08:28:07.000000,Wednesday,2025-10-08T15:28:07.000000,2025-10-09T17:28:07.000000,2
CHG-0000814,Change time synchronization settings for servers,Access,Doctor Strange,Doctor Strange,Avengers II,Service B,Low,Low,Low,Closed,Low,2025-10-08T13:45:36.000000,Wednesday,2025-10-08T19:45:36.000000,2025-10-09T16:45:36.000000,4
CHG-0000815,Implement new password policy across domain,Network,Thor,Thor,Avengers,Service B,Low,Low,Low,On Hold,Medium,2025-10-08T20:00:09.000000,Wednesday,,,3
CHG-0000816,Deploy new release of core banking application,Data,John Cena,John Cena,Matrix,Service D,Medium,High,Low,Closed,High,2025-10-08T20:38:11.000000,Wednesday,2025-10-08T22:38:11.000000,2025-10-09T05:38:11.000000,5
CHG-0000817,Implement new password policy across domain,Complaint,Shang Chi,Shang Chi,Avengers II,Service D,Medium,Medium,Low,Closed,Critical,2025-10-09T07:06:43.000000,Thursday,2025-10-09T11:06:43.000000,2025-10-09T13:06:43.000000,0
CHG-0000818,Implement new access roles in identity management system,Data,Iron Man,Iron Man,Avengers,Service C,High,Medium,Medium,Closed,Low,2025-10-09T21:55:28.000000,Thursday,2025-10-10T05:55:28.000000,2025-10-10T11:55:28.000000,5
CHG-0000819,Deploy updated configuration for network switches,Access,Captain America,Captain America,Avengers,Service B,High,Low,Low,Closed,High,2025-10-09T22:34:08.000000,Thursday,2025-10-10T00:34:08.000000,2025-10-10T18:34:08.000000,1
CHG-0000820,Change scheduled job timing for batch processing,Failure,Loki,Loki,Avengers,Service B,Low,Low,High,Closed,Medium,2025-10-09T10:19:31.000000,Thursday,2025-10-09T17:19:31.000000,2025-10-09T20:19:31.000000,2
CHG-0000821,Apply monthly security patches to production servers,Access,John Wick,John Wick,Matrix,Service A,Low,High,Low,Closed,Medium,2025-10-09T23:27:54.000000,Thursday,2025-10-10T02:27:54.000000,2025-10-11T00:27:54.000000,1
CHG-0000822,Adjust CPU and memory resources for virtual servers,Data,Loki,Loki,Avengers,Service E,Low,Low,High,Closed,Critical,2025-10-10T16:37:27.000000,Friday,2025-10-10T19:37:27.000000,2025-10-11T04:37:27.000000,3
CHG-0000823,Upgrade virtualization platform to latest version,Software,Shang Chi,Shang Chi,Avengers II,Service B,High,Medium,High,Closed,Medium,2025-10-11T04:57:13.000000,Saturday,2025-10-11T11:57:13.000000,2025-10-11T16:57:13.000000,3
CHG-0000824,Implement new proxy configuration for internet access,Facilities,Loki,Loki,Avengers,Service B,Medium,High,Low,Closed,Medium,2025-10-11T05:19:23.000000,Saturday,2025-10-11T10:19:23.000000,2025-10-12T12:19:23.000000,0
CHG-0000825,Deploy new version of endpoint management agent,Complaint,Neo,Neo,Matrix,Service E,Medium,Medium,High,Closed,High,2025-10-11T21:12:17.000000,Saturday,2025-10-12T01:12:17.000000,2025-10-13T12:12:17.000000,2
CHG-0000826,Add new subnet to internal network for project team,Network,John Wick,John Wick,Matrix,Service D,High,Medium,Medium,New,Medium,2025-10-12T02:13:39.000000,Sunday,,,3
CHG-0000827,Implement firewall rule change for new service endpoint,Access,Spiderman,Spiderman,Avengers II,Service A,Low,Low,Medium,Closed,High,2025-10-13T05:29:23.000000,Monday,2025-10-13T08:29:23.000000,2025-10-13T11:29:23.000000,2
CHG-0000828,Reconfigure backup schedule for critical databases,Hardware,Spiderman,Spiderman,Avengers II,Service B,Medium,High,Low,Closed,Low,2025-10-13T05:33:24.000000,Monday,2025-10-13T10:33:24.000000,2025-10-14T12:33:24.000000,0
CHG-0000829,Update SSL/TLS certificates on web servers,Software,Thor,Thor,Avengers,Service D,Medium,Medium,Medium,Closed,Medium,2025-10-13T02:31:22.000000,Monday,2025-10-13T06:31:22.000000,2025-10-14T02:31:22.000000,4
CHG-0000830,Migrate application from test to production environment,Network,Batman,Batman,Matrix,Service D,Medium,High,High,Closed,Medium,2025-10-14T09:09:55.000000,Tuesday,2025-10-14T13:09:55.000000,2025-10-14T16:09:55.000000,4
CHG-0000831,Change network routing for branch office connectivity,Network,Captain America,Captain America,Avengers,Service A,Low,Medium,Low,Closed,High,2025-10-15T01:41:53.000000,Wednesday,2025-10-15T07:41:53.000000,2025-10-16T09:41:53.000000,4
CHG-0000832,Implement new retention policy for log data,Facilities,Captain Marvel,Captain Marvel,Avengers II,Service E,High,High,Low,Closed,High,2025-10-15T00:35:16.000000,Wednesday,2025-10-15T08:35:16.000000,2025-10-16T18:35:16.000000,1
CHG-0000833,Implement new retention policy for log data,Data,Thor,Thor,Avengers,Service D,High,Medium,High,Closed,Critical,2025-10-16T05:28:11.000000,Thursday,2025-10-16T09:28:11.000000,2025-10-17T17:28:11.000000,3
CHG-0000834,Apply configuration changes to intrusion detection system,Facilities,John Wick,John Wick,Matrix,Service B,High,High,High,Closed,High,2025-10-16T15:02:47.000000,Thursday,2025-10-16T17:02:47.000000,2025-10-16T22:02:47.000000,0
CHG-0000835,Update SSL/TLS certificates on web servers,Network,Spiderman,Spiderman,Avengers II,Service C,Low,Low,High,Closed,Medium,2025-10-16T10:55:49.000000,Thursday,2025-10-16T15:55:49.000000,2025-10-17T23:55:49.000000,1
CHG-0000836,Reconfigure service monitoring checks for new URLs,Failure,Hulk,Hulk,Avengers,Service E,High,Medium,Low,Closed,High,2025-10-17T10:38:52.000000,Friday,2025-10-17T14:38:52.000000,2025-10-17T18:38:52.000000,0
CHG-0000837,Add new subnet to internal network for project team,Facilities,Spiderman,Spiderman,Avengers II,Service D,High,Medium,Medium,New,High,2025-10-17T09:42:38.000000,Friday,,,1
CHG-0000838,Update network share permissions for project folder,Facilities,Spiderman,Spiderman,Avengers II,Service A,High,Low,Medium,Closed,Medium,2025-10-17T00:52:37.000000,Friday,2025-10-17T06:52:37.000000,2025-10-17T20:52:37.000000,2
CHG-0000839,Increase disk space allocation on application server,Complaint,Iron Man,Iron Man,Avengers,Service C,Low,Medium,Medium,Closed,High,2025-10-18T04:43:49.000000,Saturday,2025-10-18T06:43:49.000000,2025-10-19T16:43:49.000000,5
CHG-0000840,Replace legacy file server with new storage system,Data,Loki,Loki,Avengers,Service C,High,Medium,Medium,Closed,High,2025-10-18T08:46:34.000000,Saturday,2025-10-18T12:46:34.000000,2025-10-19T02:46:34.000000,2
CHG-0000841,Increase disk space allocation on application server,Network,Neo,Neo,Matrix,Service A,High,Low,Low,Closed,High,2025-10-18T03:22:45.000000,Saturday,2025-10-18T09:22:45.000000,2025-10-19T00:22:45.000000,5
CHG-0000842,Upgrade operating system on middleware servers,Complaint,Loki,Loki,Avengers,Service A,High,Medium,High,Closed,Medium,2025-10-18T23:32:18.000000,Saturday,2025-10-19T01:32:18.000000,2025-10-19T17:32:18.000000,3
CHG-0000843,Change configuration of web application firewall policies,Network,Iron Man,Iron Man,Avengers,Service B,Low,High,High,Closed,Medium,2025-10-19T18:43:49.000000,Sunday,2025-10-19T20:43:49.000000,2025-10-20T20:43:49.000000,5
CHG-0000844,Change Active Directory group membership for user access,Failure,John Wick,John Wick,Matrix,Service C,Medium,High,Medium,Closed,High,2025-10-19T14:18:15.000000,Sunday,2025-10-19T16:18:15.000000,2025-10-20T19:18:15.000000,3
CHG-0000845,Enable multi-factor authentication for VPN users,Data,Doctor Strange,Doctor Strange,Avengers II,Service C,Medium,Low,High,Closed,Low,2025-10-19T16:46:27.000000,Sunday,2025-10-19T19:46:27.000000,2025-10-20T07:46:27.000000,1
CHG-0000846,Replace legacy file server with new storage system,Failure,Thor,Thor,Avengers,Service C,High,Medium,Low,Closed,Medium,2025-10-19T11:53:59.000000,Sunday,2025-10-19T15:53:59.000000,2025-10-20T05:53:59.000000,3
CHG-0000847,Change Active Directory group membership for user access,Hardware,Captain America,Captain America,Avengers,Service E,High,Low,Low,Closed,Medium,2025-10-19T08:19:09.000000,Sunday,2025-10-19T14:19:09.000000,2025-10-20T05:19:09.000000,5
CHG-0000848,Introduce new email disclaimer for outgoing messages,Facilities,Doctor Strange,Doctor Strange,Avengers II,Service C,Low,High,Medium,Closed,Medium,2025-10-20T15:58:19.000000,Monday,2025-10-20T23:58:19.000000,2025-10-22T08:58:19.000000,2
CHG-0000849,Update SSL/TLS certificates on web servers,Failure,Thor,Thor,Avengers,Service A,Low,Low,High,Closed,Medium,2025-10-20T19:26:09.000000,Monday,2025-10-21T03:26:09.000000,2025-10-22T01:26:09.000000,1
CHG-0000850,Implement new proxy configuration for internet access,Hardware,Captain Marvel,Captain Marvel,Avengers II,Service D,Low,Medium,High,Closed,High,2025-10-21T04:53:24.000000,Tuesday,2025-10-21T08:53:24.000000,2025-10-21T15:53:24.000000,5
CHG-0000851,Modify service account permissions for application,Data,Iron Man,Iron Man,Avengers,Service D,Medium,High,Medium,Closed,High,2025-10-21T22:14:41.000000,Tuesday,2025-10-22T06:14:41.000000,2025-10-22T15:14:41.000000,4
CHG-0000852,Implement new change in batch file transfer process,Hardware,Batman,Batman,Matrix,Service D,Medium,High,High,Closed,High,2025-10-21T18:05:23.000000,Tuesday,2025-10-21T23:05:23.000000,2025-10-22T13:05:23.000000,4
CHG-0000853,Add new subnet to internal network for project team,Facilities,Thor,Thor,Avengers,Service A,Medium,Medium,Medium,Closed,Medium,2025-10-21T12:03:18.000000,Tuesday,2025-10-21T18:03:18.000000,2025-10-22T16:03:18.000000,3
CHG-0000854,Reconfigure service monitoring checks for new URLs,Facilities,Doctor Strange,Doctor Strange,Avengers II,Service C,Medium,Medium,Medium,Closed,Low,2025-10-21T18:11:06.000000,Tuesday,2025-10-22T02:11:06.000000,2025-10-22T23:11:06.000000,2
CHG-0000855,Upgrade database server to latest minor version,Network,Spiderman,Spiderman,Avengers II,Service A,Medium,High,Low,Closed,High,2025-10-22T13:39:58.000000,Wednesday,2025-10-22T20:39:58.000000,2025-10-23T00:39:58.000000,5
CHG-0000856,Deploy new configuration for password self-service portal,Facilities,John Wick,John Wick,Matrix,Service D,Low,High,High,New,Critical,2025-10-22T23:10:42.000000,Wednesday,,,1
CHG-0000857,Deploy hotfix for production application issue,Network,Thor,Thor,Avengers,Service B,High,High,High,Closed,Critical,2025-10-22T01:05:23.000000,Wednesday,2025-10-22T09:05:23.000000,2025-10-22T17:05:23.000000,1
CHG-0000858,Reconfigure application timeout settings,Software,Loki,Loki,Avengers,Service D,High,Medium,Low,Closed,Medium,2025-10-22T08:06:35.000000,Wednesday,2025-10-22T12:06:35.000000,2025-10-23T21:06:35.000000,3
CHG-0000859,Migrate user mailboxes to new email platform,Data,Captain America,Captain America,Avengers,Service E,Medium,High,High,Closed,Medium,2025-10-23T20:40:05.000000,Thursday,2025-10-23T22:40:05.000000,2025-10-24T20:40:05.000000,0
CHG-0000860,Replace legacy file server with new storage system,Access,Captain America,Captain America,Avengers,Service E,Medium,High,Low,In Progress,High,2025-10-23T10:32:07.000000,Thursday,2025-10-23T12:32:07.000000,,4
CHG-0000861,Change scheduled job timing for batch processing,Software,Batman,Batman,Matrix,Service A,Low,Low,Low,Closed,High,2025-10-23T03:08:35.000000,Thursday,2025-10-23T07:08:35.000000,2025-10-24T11:08:35.000000,3
CHG-0000862,Increase disk space allocation on application server,Access,Spiderman,Spiderman,Avengers II,Service E,Low,Medium,Low,Closed,Medium,2025-10-23T08:06:18.000000,Thursday,2025-10-23T16:06:18.000000,2025-10-24T02:06:18.000000,1
CHG-0000863,Change print server configuration for new printers,Hardware,Iron Man,Iron Man,Avengers,Service D,Medium,High,Medium,Closed,Medium,2025-10-24T00:20:58.000000,Friday,2025-10-24T04:20:58.000000,2025-10-25T01:20:58.000000,5
CHG-0000864,Decommission obsolete virtual machines,Complaint,Captain America,Captain America,Avengers,Service B,High,Low,High,Closed,Low,2025-10-24T06:35:20.000000,Friday,2025-10-24T10:35:20.000000,2025-10-25T19:35:20.000000,2
CHG-0000865,Apply configuration changes to intrusion detection system,Data,Loki,Loki,Avengers,Service E,Low,Medium,Low,Closed,High,2025-10-25T23:05:08.000000,Saturday,2025-10-26T06:05:08.000000,2025-10-26T11:05:08.000000,2
CHG-0000866,Implement new access roles in identity management system,Hardware,Iron Man,Iron Man,Avengers,Service B,High,Medium,Low,Closed,Medium,2025-10-26T20:51:36.000000,Sunday,2025-10-27T02:51:36.000000,2025-10-28T06:51:36.000000,0
CHG-0000867,Implement new password policy across domain,Software,Thor,Thor,Avengers,Service A,Low,Medium,High,Closed,Low,2025-10-27T08:45:00.000000,Monday,2025-10-27T16:45:00.000000,2025-10-28T06:45:00.000000,4
CHG-0000868,Modify backup retention period for file shares,Access,Spiderman,Spiderman,Avengers II,Service A,Medium,Medium,High,Closed,High,2025-10-27T04:14:05.000000,Monday,2025-10-27T12:14:05.000000,2025-10-28T14:14:05.000000,1
CHG-0000869,Modify service account permissions for application,Data,Hulk,Hulk,Avengers,Service A,High,Medium,Medium,Closed,High,2025-10-27T07:59:45.000000,Monday,2025-10-27T11:59:45.000000,2025-10-28T16:59:45.000000,3
CHG-0000870,Modify VPN access policy for remote employees,Failure,Captain Marvel,Captain Marvel,Avengers II,Service C,High,Low,Medium,Closed,Medium,2025-10-27T07:02:27.000000,Monday,2025-10-27T14:02:27.000000,2025-10-27T23:02:27.000000,3
CHG-0000871,Adjust monitoring thresholds for critical alerts,Access,Spiderman,Spiderman,Avengers II,Service E,Medium,Low,Medium,Closed,Medium,2025-10-28T02:41:25.000000,Tuesday,2025-10-28T07:41:25.000000,2025-10-29T03:41:25.000000,3
CHG-0000872,Reconfigure backup schedule for critical databases,Data,Shang Chi,Shang Chi,Avengers II,Service B,High,Medium,Low,Closed,High,2025-10-28T17:18:33.000000,Tuesday,2025-10-29T00:18:33.000000,2025-10-29T21:18:33.000000,5
CHG-0000873,Change print server configuration for new printers,Network,Neo,Neo,Matrix,Service A,High,Medium,High,Closed,Medium,2025-10-28T22:49:57.000000,Tuesday,2025-10-29T04:49:57.000000,2025-10-30T11:49:57.000000,5
CHG-0000874,Update network share permissions for project folder,Hardware,Jack Sparrow,Jack Sparrow,Matrix,Service A,Medium,Low,Low,New,High,2025-10-28T23:37:55.000000,Tuesday,,,2
CHG-0000875,Enable multi-factor authentication for VPN users,Access,Loki,Loki,Avengers,Service E,Medium,High,High,Closed,Critical,2025-10-29T23:40:26.000000,Wednesday,2025-10-30T06:40:26.000000,2025-10-30T10:40:26.000000,5
CHG-0000876,Introduce new logging and monitoring rules for servers,Failure,Spiderman,Spiderman,Avengers II,Service A,High,Medium,High,Closed,Medium,2025-10-29T22:34:41.000000,Wednesday,2025-10-30T02:34:41.000000,2025-10-30T20:34:41.000000,3
CHG-0000877,Introduce new logging and monitoring rules for servers,Failure,Iron Man,Iron Man,Avengers,Service B,Low,High,Low,Closed,High,2025-10-29T06:07:23.000000,Wednesday,2025-10-29T10:07:23.000000,2025-10-30T14:07:23.000000,0
CHG-0000878,Change print server configuration for new printers,Software,Shang Chi,Shang Chi,Avengers II,Service B,Low,High,Medium,Closed,High,2025-10-30T20:57:05.000000,Thursday,2025-10-30T22:57:05.000000,2025-11-01T05:57:05.000000,5
CHG-0000879,Update network share permissions for project folder,Software,Hulk,Hulk,Avengers,Service B,Medium,Low,High,Closed,Medium,2025-10-30T12:55:25.000000,Thursday,2025-10-30T15:55:25.000000,2025-11-01T02:55:25.000000,1
CHG-0000880,Upgrade operating system on middleware servers,Data,Loki,Loki,Avengers,Service C,Medium,Medium,Low,Closed,Medium,2025-10-30T22:51:46.000000,Thursday,2025-10-31T05:51:46.000000,2025-11-01T15:51:46.000000,2
CHG-0000881,Implement new software deployment package for endpoints,Hardware,John Wick,John Wick,Matrix,Service B,Low,High,Medium,Closed,Medium,2025-10-30T14:34:03.000000,Thursday,2025-10-30T21:34:03.000000,2025-11-01T07:34:03.000000,2
CHG-0000882,Implement new change in batch file transfer process,Facilities,Iron Man,Iron Man,Avengers,Service E,Low,Medium,Medium,Closed,Low,2025-10-31T10:12:06.000000,Friday,2025-10-31T16:12:06.000000,2025-11-01T14:12:06.000000,0
CHG-0000883,Update DNS records for application hostname change,Data,Captain America,Captain America,Avengers,Service A,Low,High,Medium,Closed,Critical,2025-10-31T11:02:12.000000,Friday,2025-10-31T17:02:12.000000,2025-11-02T00:02:12.000000,4
CHG-0000884,Update network share permissions for project folder,Data,Shang Chi,Shang Chi,Avengers II,Service E,Low,High,High,Closed,Medium,2025-11-01T09:09:37.000000,Saturday,2025-11-01T11:09:37.000000,2025-11-01T15:09:37.000000,5
CHG-0000885,Change time synchronization settings for servers,Network,Doctor Strange,Doctor Strange,Avengers II,Service B,High,High,Medium,Closed,Medium,2025-11-02T23:43:19.000000,Sunday,2025-11-03T03:43:19.000000,2025-11-04T06:43:19.000000,1
CHG-0000886,Update SSL/TLS certificates on web servers,Software,Iron Man,Iron Man,Avengers,Service D,High,Low,High,Closed,Medium,2025-11-02T14:24:36.000000,Sunday,2025-11-02T18:24:36.000000,2025-11-03T11:24:36.000000,0
CHG-0000887,Update API gateway rules for new service endpoints,Failure,Doctor Strange,Doctor Strange,Avengers II,Service C,Low,Low,High,Closed,Medium,2025-11-03T08:14:23.000000,Monday,2025-11-03T16:14:23.000000,2025-11-03T23:14:23.000000,1
CHG-0000888,Implement new change in batch file transfer process,Hardware,Captain Marvel,Captain Marvel,Avengers II,Service D,Low,Medium,Low,Closed,Low,2025-11-03T16:34:02.000000,Monday,2025-11-03T23:34:02.000000,2025-11-05T07:34:02.000000,2
CHG-0000889,Implement new retention policy for log data,Hardware,Captain America,Captain America,Avengers,Service C,Low,Medium,High,Closed,Medium,2025-11-03T05:18:36.000000,Monday,2025-11-03T07:18:36.000000,2025-11-03T09:18:36.000000,4
CHG-0000890,Change time synchronization settings for servers,Failure,Spiderman,Spiderman,Avengers II,Service D,Low,Medium,High,Closed,Medium,2025-11-03T00:10:31.000000,Monday,2025-11-03T06:10:31.000000,2025-11-04T12:10:31.000000,0
CHG-0000891,Introduce new logging and monitoring rules for servers,Hardware,Spiderman,Spiderman,Avengers II,Service C,Low,Medium,Low,Closed,Low,2025-11-03T13:48:56.000000,Monday,2025-11-03T16:48:56.000000,2025-11-04T20:48:56.000000,2
CHG-0000892,Implement new proxy configuration for internet access,Access,Hulk,Hulk,Avengers,Service B,Low,High,Medium,Closed,Medium,2025-11-04T14:50:16.000000,Tuesday,2025-11-04T17:50:16.000000,2025-11-04T19:50:16.000000,5
CHG-0000893,Deploy new configuration for password self-service portal,Data,Spiderman,Spiderman,Avengers II,Service C,Low,Low,High,Closed,Medium,2025-11-04T14:23:56.000000,Tuesday,2025-11-04T16:23:56.000000,2025-11-05T13:23:56.000000,1
CHG-0000894,Introduce new logging and monitoring rules for servers,Hardware,Captain Marvel,Captain Marvel,Avengers II,Service D,Low,High,Low,Closed,High,2025-11-04T10:43:23.000000,Tuesday,2025-11-04T14:43:23.000000,2025-11-05T09:43:23.000000,4
CHG-0000895,Upgrade virtualization platform to latest version,Facilities,Doctor Strange,Doctor Strange,Avengers II,Service E,Low,Low,High,Closed,Low,2025-11-04T08:45:08.000000,Tuesday,2025-11-04T14:45:08.000000,2025-11-05T12:45:08.000000,3
CHG-0000896,Change configuration of web application firewall policies,Software,Spiderman,Spiderman,Avengers II,Service D,Medium,High,Medium,Closed,Medium,2025-11-05T08:44:03.000000,Wednesday,2025-11-05T11:44:03.000000,2025-11-06T00:44:03.000000,1
CHG-0000897,Change load balancer configuration for improved failover,Complaint,Batman,Batman,Matrix,Service C,High,High,Medium,Closed,Medium,2025-11-05T06:19:03.000000,Wednesday,2025-11-05T11:19:03.000000,2025-11-05T20:19:03.000000,3
CHG-0000898,Implement role-based access control for application,Data,Doctor Strange,Doctor Strange,Avengers II,Service E,Low,Medium,Medium,Closed,Medium,2025-11-05T19:02:59.000000,Wednesday,2025-11-06T00:02:59.000000,2025-11-06T07:02:59.000000,2
CHG-0000899,Adjust CPU and memory resources for virtual servers,Failure,Shang Chi,Shang Chi,Avengers II,Service E,High,Low,Low,Closed,High,2025-11-05T11:38:08.000000,Wednesday,2025-11-05T13:38:08.000000,2025-11-06T09:38:08.000000,3
CHG-0000900,Change email gateway configuration for spam filtering,Complaint,Neo,Neo,Matrix,Service B,Low,Medium,Medium,Closed,High,2025-11-05T19:15:03.000000,Wednesday,2025-11-06T03:15:03.000000,2025-11-07T12:15:03.000000,2
CHG-0000901,Change configuration of web application firewall policies,Network,Thor,Thor,Avengers,Service A,High,High,High,Closed,High,2025-11-06T10:20:53.000000,Thursday,2025-11-06T16:20:53.000000,2025-11-07T16:20:53.000000,2
CHG-0000902,Reconfigure backup schedule for critical databases,Hardware,Captain Marvel,Captain Marvel,Avengers II,Service A,Low,Low,Medium,Closed,Low,2025-11-07T16:01:33.000000,Friday,2025-11-07T18:01:33.000000,2025-11-08T10:01:33.000000,0
CHG-0000903,Change network routing for branch office connectivity,Network,Shang Chi,Shang Chi,Avengers II,Service A,Medium,Medium,Medium,Closed,Critical,2025-11-07T05:37:13.000000,Friday,2025-11-07T12:37:13.000000,2025-11-07T19:37:13.000000,0
CHG-0000904,Increase disk space allocation on application server,Access,Thor,Thor,Avengers,Service A,Medium,Medium,High,Closed,Medium,2025-11-07T20:06:42.000000,Friday,2025-11-08T00:06:42.000000,2025-11-09T12:06:42.000000,3
CHG-0000905,Adjust monitoring thresholds for critical alerts,Complaint,Spiderman,Spiderman,Avengers II,Service B,Medium,Low,High,Closed,Medium,2025-11-07T12:01:48.000000,Friday,2025-11-07T20:01:48.000000,2025-11-09T04:01:48.000000,3
CHG-0000906,Implement new change in batch file transfer process,Complaint,Shang Chi,Shang Chi,Avengers II,Service D,Medium,Medium,Medium,Closed,High,2025-11-08T20:26:50.000000,Saturday,2025-11-08T22:26:50.000000,2025-11-09T04:26:50.000000,4
CHG-0000907,Replace legacy file server with new storage system,Facilities,Batman,Batman,Matrix,Service B,Medium,Medium,High,Closed,Low,2025-11-08T03:42:46.000000,Saturday,2025-11-08T11:42:46.000000,2025-11-08T22:42:46.000000,2
CHG-0000908,Reconfigure service monitoring checks for new URLs,Failure,Hulk,Hulk,Avengers,Service B,Low,Low,Medium,Closed,High,2025-11-08T20:14:32.000000,Saturday,2025-11-09T04:14:32.000000,2025-11-09T14:14:32.000000,5
CHG-0000909,Change time synchronization settings for servers,Failure,Thor,Thor,Avengers,Service E,Low,Medium,High,In Progress,Medium,2025-11-08T11:43:06.000000,Saturday,2025-11-08T13:43:06.000000,,2
CHG-0000910,Modify VPN access policy for remote employees,Data,Jack Sparrow,Jack Sparrow,Matrix,Service E,Low,Medium,Low,Closed,High,2025-11-08T22:25:07.000000,Saturday,2025-11-09T05:25:07.000000,2025-11-10T05:25:07.000000,0
CHG-0000911,Update API gateway rules for new service endpoints,Complaint,Captain America,Captain America,Avengers,Service C,Medium,Low,Low,Closed,Low,2025-11-09T16:19:06.000000,Sunday,2025-11-09T21:19:06.000000,2025-11-10T06:19:06.000000,5
CHG-0000912,Configure new high-availability cluster for database,Network,Doctor Strange,Doctor Strange,Avengers II,Service D,Low,High,Low,In Progress,Medium,2025-11-09T20:07:51.000000,Sunday,2025-11-09T23:07:51.000000,,3
CHG-0000913,Implement new retention policy for log data,Failure,Shang Chi,Shang Chi,Avengers II,Service D,Medium,Medium,Medium,Closed,High,2025-11-09T17:00:03.000000,Sunday,2025-11-09T22:00:03.000000,2025-11-10T04:00:03.000000,3
CHG-0000914,Implement new access roles in identity management system,Failure,Iron Man,Iron Man,Avengers,Service D,Medium,Low,Low,Closed,Low,2025-11-09T09:07:11.000000,Sunday,2025-11-09T12:07:11.000000,2025-11-10T22:07:11.000000,3
CHG-0000915,Configure new high-availability cluster for database,Facilities,Loki,Loki,Avengers,Service B,Low,Medium,Medium,Closed,High,2025-11-10T15:43:25.000000,Monday,2025-11-10T21:43:25.000000,2025-11-11T03:43:25.000000,1
CHG-0000916,Introduce new email disclaimer for outgoing messages,Data,Loki,Loki,Avengers,Service D,High,Medium,Low,New,Medium,2025-11-10T03:00:50.000000,Monday,,,3
CHG-0000917,Modify service account permissions for application,Facilities,Jack Sparrow,Jack Sparrow,Matrix,Service A,High,High,Low,Closed,Medium,2025-11-10T06:20:32.000000,Monday,2025-11-10T11:20:32.000000,2025-11-11T19:20:32.000000,3
CHG-0000918,Add new subnet to internal network for project team,Failure,Iron Man,Iron Man,Avengers,Service A,High,Low,High,On Hold,High,2025-11-10T08:21:20.000000,Monday,,,3
CHG-0000919,Decommission obsolete virtual machines,Facilities,Jack Sparrow,Jack Sparrow,Matrix,Service B,High,Low,Medium,Closed,Medium,2025-11-10T05:10:00.000000,Monday,2025-11-10T07:10:00.000000,2025-11-10T09:10:00.000000,1
CHG-0000920,Deploy hotfix for production application issue,Data,Doctor Strange,Doctor Strange,Avengers II,Service D,High,Low,High,Closed,Medium,2025-11-11T16:40:12.000000,Tuesday,2025-11-11T18:40:12.000000,2025-11-12T19:40:12.000000,2
CHG-0000921,Migrate application from test to production environment,Facilities,Captain Marvel,Captain Marvel,Avengers II,Service C,High,Low,Low,Closed,High,2025-11-11T12:58:03.000000,Tuesday,2025-11-11T17:58:03.000000,2025-11-11T21:58:03.000000,2
CHG-0000922,Implement role-based access control for application,Software,Loki,Loki,Avengers,Service B,High,High,Low,Closed,High,2025-11-11T22:08:11.000000,Tuesday,2025-11-12T02:08:11.000000,2025-11-12T13:08:11.000000,5
CHG-0000923,Change load balancer configuration for improved failover,Software,Hulk,Hulk,Avengers,Service E,High,High,High,Closed,High,2025-11-11T12:10:51.000000,Tuesday,2025-11-11T18:10:51.000000,2025-11-11T21:10:51.000000,1
CHG-0000924,Update configuration for single sign-on integration,Facilities,Captain Marvel,Captain Marvel,Avengers II,Service C,High,High,High,Closed,High,2025-11-11T22:55:48.000000,Tuesday,2025-11-12T06:55:48.000000,2025-11-13T04:55:48.000000,4
CHG-0000925,Reconfigure backup schedule for critical databases,Hardware,Thor,Thor,Avengers,Service B,High,Medium,Medium,Closed,Medium,2025-11-12T08:47:22.000000,Wednesday,2025-11-12T12:47:22.000000,2025-11-13T03:47:22.000000,1
CHG-0000926,Enable multi-factor authentication for VPN users,Hardware,Loki,Loki,Avengers,Service E,Low,Medium,High,Closed,Medium,2025-11-13T07:28:30.000000,Thursday,2025-11-13T09:28:30.000000,2025-11-14T17:28:30.000000,1
CHG-0000927,Implement new password policy across domain,Software,Spiderman,Spiderman,Avengers II,Service A,High,Low,Low,Closed,High,2025-11-13T03:01:16.000000,Thursday,2025-11-13T06:01:16.000000,2025-11-14T03:01:16.000000,2
CHG-0000928,Reconfigure service monitoring checks for new URLs,Hardware,Jack Sparrow,Jack Sparrow,Matrix,Service E,High,High,High,Closed,Medium,2025-11-13T18:33:33.000000,Thursday,2025-11-13T20:33:33.000000,2025-11-14T13:33:33.000000,1
CHG-0000929,Deploy new version of endpoint management agent,Data,John Cena,John Cena,Matrix,Service E,High,Low,Low,Closed,Medium,2025-11-14T22:59:33.000000,Friday,2025-11-15T00:59:33.000000,2025-11-15T04:59:33.000000,0
CHG-0000930,Adjust CPU and memory resources for virtual servers,Software,Hulk,Hulk,Avengers,Service E,Low,High,High,Closed,High,2025-11-14T01:54:27.000000,Friday,2025-11-14T07:54:27.000000,2025-11-15T04:54:27.000000,3
CHG-0000931,Change print server configuration for new printers,Failure,Thor,Thor,Avengers,Service D,Low,Low,High,Closed,High,2025-11-14T07:43:03.000000,Friday,2025-11-14T13:43:03.000000,2025-11-15T12:43:03.000000,4
CHG-0000932,Deploy hotfix for production application issue,Failure,Captain Marvel,Captain Marvel,Avengers II,Service E,Low,Medium,Low,Closed,Low,2025-11-14T05:33:38.000000,Friday,2025-11-14T09:33:38.000000,2025-11-15T01:33:38.000000,5
CHG-0000933,Update network share permissions for project folder,Failure,John Wick,John Wick,Matrix,Service C,Medium,Medium,High,Closed,High,2025-11-14T18:19:04.000000,Friday,2025-11-14T23:19:04.000000,2025-11-15T12:19:04.000000,0
CHG-0000934,Change time synchronization settings for servers,Access,Iron Man,Iron Man,Avengers,Service E,High,Low,High,On Hold,Critical,2025-11-15T20:09:30.000000,Saturday,,,2
CHG-0000935,Replace legacy file server with new storage system,Failure,Hulk,Hulk,Avengers,Service B,Medium,Medium,Medium,In Progress,Low,2025-11-16T15:17:03.000000,Sunday,2025-11-16T20:17:03.000000,,0
CHG-0000936,Apply monthly security patches to production servers,Facilities,Iron Man,Iron Man,Avengers,Service C,Medium,Medium,Medium,Closed,Medium,2025-11-16T22:18:47.000000,Sunday,2025-11-17T01:18:47.000000,2025-11-17T12:18:47.000000,3
CHG-0000937,Change DHCP scope settings for office network,Hardware,Batman,Batman,Matrix,Service B,Low,High,High,Closed,High,2025-11-16T21:49:43.000000,Sunday,2025-11-17T01:49:43.000000,2025-11-17T17:49:43.000000,2
CHG-0000938,Adjust monitoring thresholds for critical alerts,Software,John Cena,John Cena,Matrix,Service E,Medium,Medium,Low,Closed,High,2025-11-16T12:31:01.000000,Sunday,2025-11-16T17:31:01.000000,2025-11-17T21:31:01.000000,0
CHG-0000939,Apply monthly security patches to production servers,Access,Shang Chi,Shang Chi,Avengers II,Service C,Low,Medium,Medium,Closed,High,2025-11-17T06:27:54.000000,Monday,2025-11-17T12:27:54.000000,2025-11-18T04:27:54.000000,5
CHG-0000940,Upgrade database server to latest minor version,Network,Doctor Strange,Doctor Strange,Avengers II,Service C,High,Low,Medium,In Progress,High,2025-11-17T18:15:28.000000,Monday,2025-11-18T00:15:28.000000,,4
CHG-0000941,Update SSL/TLS certificates on web servers,Access,Thor,Thor,Avengers,Service D,High,Medium,Low,Closed,High,2025-11-17T18:35:48.000000,Monday,2025-11-17T22:35:48.000000,2025-11-18T14:35:48.000000,5
CHG-0000942,Implement new retention policy for log data,Hardware,Loki,Loki,Avengers,Service A,High,Low,Low,On Hold,Medium,2025-11-17T23:58:01.000000,Monday,,,0
CHG-0000943,Update API gateway rules for new service endpoints,Facilities,John Cena,John Cena,Matrix,Service A,High,Medium,Medium,Closed,Medium,2025-11-17T19:36:32.000000,Monday,2025-11-18T01:36:32.000000,2025-11-19T06:36:32.000000,1
CHG-0000944,Replace legacy file server with new storage system,Software,Iron Man,Iron Man,Avengers,Service B,High,Low,High,Closed,Critical,2025-11-18T05:22:35.000000,Tuesday,2025-11-18T10:22:35.000000,2025-11-18T15:22:35.000000,4
CHG-0000945,Implement new access roles in identity management system,Data,Thor,Thor,Avengers,Service C,Low,High,High,Closed,Medium,2025-11-18T18:43:08.000000,Tuesday,2025-11-19T01:43:08.000000,2025-11-19T07:43:08.000000,5
CHG-0000946,Update SSL/TLS certificates on web servers,Failure,Jack Sparrow,Jack Sparrow,Matrix,Service C,High,Medium,Medium,Closed,High,2025-11-19T04:38:36.000000,Wednesday,2025-11-19T09:38:36.000000,2025-11-20T05:38:36.000000,2
CHG-0000947,Deploy new release of core banking application,Hardware,Thor,Thor,Avengers,Service E,Low,High,High,Closed,Medium,2025-11-19T07:42:36.000000,Wednesday,2025-11-19T14:42:36.000000,2025-11-20T19:42:36.000000,0
CHG-0000948,Deploy new version of endpoint management agent,Access,Jack Sparrow,Jack Sparrow,Matrix,Service C,Medium,Medium,Medium,Closed,Medium,2025-11-19T09:52:48.000000,Wednesday,2025-11-19T12:52:48.000000,2025-11-20T11:52:48.000000,0
CHG-0000949,Adjust monitoring thresholds for critical alerts,Hardware,Spiderman,Spiderman,Avengers II,Service A,Low,Medium,Medium,Closed,Medium,2025-11-19T11:04:20.000000,Wednesday,2025-11-19T16:04:20.000000,2025-11-19T19:04:20.000000,1
CHG-0000950,Modify VPN access policy for remote employees,Complaint,Captain America,Captain America,Avengers,Service D,Medium,Low,Medium,Closed,Medium,2025-11-19T15:26:07.000000,Wednesday,2025-11-19T19:26:07.000000,2025-11-21T05:26:07.000000,5
CHG-0000951,Upgrade database server to latest minor version,Data,Captain America,Captain America,Avengers,Service D,Medium,High,Low,Closed,Medium,2025-11-20T01:22:12.000000,Thursday,2025-11-20T03:22:12.000000,2025-11-21T04:22:12.000000,2
CHG-0000952,Enable multi-factor authentication for VPN users,Access,Loki,Loki,Avengers,Service C,Medium,High,Medium,Closed,High,2025-11-20T22:09:02.000000,Thursday,2025-11-21T04:09:02.000000,2025-11-22T15:09:02.000000,5
CHG-0000953,Apply configuration changes to intrusion detection system,Network,Shang Chi,Shang Chi,Avengers II,Service D,Low,Medium,Low,Closed,Low,2025-11-21T07:30:48.000000,Friday,2025-11-21T15:30:48.000000,2025-11-21T19:30:48.000000,3
CHG-0000954,Apply configuration changes to intrusion detection system,Software,Captain America,Captain America,Avengers,Service D,High,High,Medium,In Progress,Medium,2025-11-21T22:32:00.000000,Friday,2025-11-22T02:32:00.000000,,4
CHG-0000955,Deploy new version of mobile banking API,Facilities,Thor,Thor,Avengers,Service D,High,Low,Low,Closed,Medium,2025-11-22T22:19:47.000000,Saturday,2025-11-23T02:19:47.000000,2025-11-24T05:19:47.000000,0
CHG-0000956,Implement new change in batch file transfer process,Hardware,John Wick,John Wick,Matrix,Service E,High,Medium,Low,Closed,Medium,2025-11-22T06:42:02.000000,Saturday,2025-11-22T10:42:02.000000,2025-11-22T15:42:02.000000,2
CHG-0000957,Modify backup retention period for file shares,Access,Loki,Loki,Avengers,Service E,Medium,Medium,High,Closed,High,2025-11-22T18:19:59.000000,Saturday,2025-11-23T02:19:59.000000,2025-11-23T17:19:59.000000,1
CHG-0000958,Modify backup retention period for file shares,Complaint,Loki,Loki,Avengers,Service A,High,Low,Low,Closed,Medium,2025-11-23T18:23:01.000000,Sunday,2025-11-23T21:23:01.000000,2025-11-25T05:23:01.000000,5
CHG-0000959,Implement new retention policy for log data,Network,Spiderman,Spiderman,Avengers II,Service B,High,High,Low,Closed,Medium,2025-11-23T05:36:08.000000,Sunday,2025-11-23T12:36:08.000000,2025-11-24T16:36:08.000000,4
CHG-0000960,Update configuration for single sign-on integration,Software,Captain America,Captain America,Avengers,Service B,High,Medium,Low,Closed,Critical,2025-11-23T08:55:16.000000,Sunday,2025-11-23T12:55:16.000000,2025-11-23T22:55:16.000000,0
CHG-0000961,Upgrade operating system on middleware servers,Failure,Batman,Batman,Matrix,Service E,Medium,High,Medium,Closed,Medium,2025-11-23T12:18:28.000000,Sunday,2025-11-23T18:18:28.000000,2025-11-24T13:18:28.000000,2
CHG-0000962,Modify backup retention period for file shares,Data,Captain Marvel,Captain Marvel,Avengers II,Service A,Low,Low,Medium,Closed,High,2025-11-24T03:14:21.000000,Monday,2025-11-24T09:14:21.000000,2025-11-25T11:14:21.000000,3
CHG-0000963,Apply configuration changes to intrusion detection system,Facilities,Captain Marvel,Captain Marvel,Avengers II,Service B,High,Low,High,Closed,High,2025-11-24T23:34:04.000000,Monday,2025-11-25T05:34:04.000000,2025-11-26T07:34:04.000000,4
CHG-0000964,Implement firewall rule change for new service endpoint,Software,Loki,Loki,Avengers,Service E,Medium,High,Low,New,Low,2025-11-24T06:51:53.000000,Monday,,,4
CHG-0000965,Deploy updated configuration for network switches,Access,Doctor Strange,Doctor Strange,Avengers II,Service C,Medium,Medium,Medium,Closed,Low,2025-11-24T19:55:04.000000,Monday,2025-11-25T03:55:04.000000,2025-11-25T08:55:04.000000,4
CHG-0000966,Replace legacy file server with new storage system,Hardware,Iron Man,Iron Man,Avengers,Service B,High,Low,Medium,Closed,Low,2025-11-25T04:47:48.000000,Tuesday,2025-11-25T12:47:48.000000,2025-11-26T04:47:48.000000,0
CHG-0000967,Upgrade database server to latest minor version,Access,Captain America,Captain America,Avengers,Service A,Low,Low,High,Closed,Low,2025-11-25T13:35:49.000000,Tuesday,2025-11-25T17:35:49.000000,2025-11-26T09:35:49.000000,1
CHG-0000968,Implement new password policy across domain,Access,Spiderman,Spiderman,Avengers II,Service B,Low,High,High,Closed,Critical,2025-11-25T20:18:47.000000,Tuesday,2025-11-26T04:18:47.000000,2025-11-26T10:18:47.000000,1
CHG-0000969,Deploy new version of mobile banking API,Access,Loki,Loki,Avengers,Service C,Low,High,Medium,Closed,Medium,2025-11-25T20:37:20.000000,Tuesday,2025-11-25T23:37:20.000000,2025-11-26T19:37:20.000000,1
CHG-0000970,Update configuration for single sign-on integration,Network,Loki,Loki,Avengers,Service D,High,High,Low,Closed,Low,2025-11-25T02:25:59.000000,Tuesday,2025-11-25T04:25:59.000000,2025-11-26T15:25:59.000000,5
CHG-0000971,Deploy new version of endpoint management agent,Facilities,Hulk,Hulk,Avengers,Service B,Medium,High,Low,Closed,Medium,2025-11-26T21:46:42.000000,Wednesday,2025-11-27T01:46:42.000000,2025-11-28T08:46:42.000000,2
CHG-0000972,Apply configuration changes to intrusion detection system,Access,Hulk,Hulk,Avengers,Service B,Medium,High,High,New,High,2025-11-26T14:29:22.000000,Wednesday,,,1
CHG-0000973,Reconfigure backup schedule for critical databases,Network,John Wick,John Wick,Matrix,Service C,Medium,Low,Medium,Closed,High,2025-11-26T15:35:13.000000,Wednesday,2025-11-26T21:35:13.000000,2025-11-27T09:35:13.000000,3
CHG-0000974,Modify service account permissions for application,Facilities,Loki,Loki,Avengers,Service B,Medium,High,Low,Closed,Low,2025-11-26T23:44:00.000000,Wednesday,2025-11-27T02:44:00.000000,2025-11-27T19:44:00.000000,5
CHG-0000975,Decommission obsolete virtual machines,Software,John Cena,John Cena,Matrix,Service D,Low,High,Low,Closed,Medium,2025-11-26T03:38:53.000000,Wednesday,2025-11-26T11:38:53.000000,2025-11-27T12:38:53.000000,3
CHG-0000976,Update DNS records for application hostname change,Network,Loki,Loki,Avengers,Service E,Medium,Low,Medium,Closed,High,2025-11-27T04:50:54.000000,Thursday,2025-11-27T08:50:54.000000,2025-11-28T08:50:54.000000,4
CHG-0000977,Update DNS records for application hostname change,Software,Shang Chi,Shang Chi,Avengers II,Service C,Medium,Low,High,Closed,Medium,2025-11-27T10:01:03.000000,Thursday,2025-11-27T13:01:03.000000,2025-11-28T10:01:03.000000,4
CHG-0000978,Enable multi-factor authentication for VPN users,Hardware,Doctor Strange,Doctor Strange,Avengers II,Service C,Medium,High,Medium,Closed,Low,2025-11-28T09:07:54.000000,Friday,2025-11-28T17:07:54.000000,2025-11-28T21:07:54.000000,4
CHG-0000979,Enable multi-factor authentication for VPN users,Software,Jack Sparrow,Jack Sparrow,Matrix,Service E,Low,Low,High,New,Critical,2025-11-29T19:08:16.000000,Saturday,,,1
CHG-0000980,Reconfigure backup schedule for critical databases,Access,Captain Marvel,Captain Marvel,Avengers II,Service E,Low,Medium,Low,Closed,Low,2025-11-29T17:01:41.000000,Saturday,2025-11-29T23:01:41.000000,2025-11-30T05:01:41.000000,1
CHG-0000981,Implement new software deployment package for endpoints,Network,Hulk,Hulk,Avengers,Service D,Low,Low,Medium,Closed,High,2025-11-29T13:14:20.000000,Saturday,2025-11-29T15:14:20.000000,2025-11-30T18:14:20.000000,2
CHG-0000982,Introduce new email disclaimer for outgoing messages,Failure,Iron Man,Iron Man,Avengers,Service A,Medium,Low,High,Closed,High,2025-11-29T10:14:38.000000,Saturday,2025-11-29T14:14:38.000000,2025-11-29T22:14:38.000000,2
CHG-0000983,Deploy hotfix for production application issue,Hardware,Jack Sparrow,Jack Sparrow,Matrix,Service B,Low,Low,High,Closed,Low,2025-11-30T05:59:03.000000,Sunday,2025-11-30T07:59:03.000000,2025-12-01T11:59:03.000000,2
CHG-0000984,Implement new software deployment package for endpoints,Network,John Cena,John Cena,Matrix,Service A,Low,Low,Low,Closed,Low,2025-12-01T06:44:48.000000,Monday,2025-12-01T11:44:48.000000,2025-12-01T17:44:48.000000,4
CHG-0000985,Configure new SFTP connection to external partner,Facilities,Shang Chi,Shang Chi,Avengers II,Service B,High,High,Medium,Closed,Medium,2025-12-01T17:27:08.000000,Monday,2025-12-01T23:27:08.000000,2025-12-02T18:27:08.000000,3
CHG-0000986,Upgrade database server to latest minor version,Data,Spiderman,Spiderman,Avengers II,Service E,High,High,Medium,Closed,Low,2025-12-01T19:43:47.000000,Monday,2025-12-02T02:43:47.000000,2025-12-02T16:43:47.000000,5
CHG-0000987,Enable multi-factor authentication for VPN users,Failure,Jack Sparrow,Jack Sparrow,Matrix,Service E,Medium,High,Low,Closed,Medium,2025-12-02T16:49:21.000000,Tuesday,2025-12-02T20:49:21.000000,2025-12-03T23:49:21.000000,1
CHG-0000988,Modify backup retention period for file shares,Complaint,Captain America,Captain America,Avengers,Service B,Low,High,Low,Closed,Medium,2025-12-02T02:40:11.000000,Tuesday,2025-12-02T06:40:11.000000,2025-12-03T02:40:11.000000,1
CHG-0000989,Change load balancer configuration for improved failover,Software,Batman,Batman,Matrix,Service C,Medium,Medium,Medium,Closed,Medium,2025-12-03T15:20:45.000000,Wednesday,2025-12-03T21:20:45.000000,2025-12-05T08:20:45.000000,5
CHG-0000990,Change DHCP scope settings for office network,Network,Spiderman,Spiderman,Avengers II,Service B,Low,High,Low,On Hold,High,2025-12-03T05:15:25.000000,Wednesday,,,0
CHG-0000991,Upgrade database server to latest minor version,Facilities,Captain Marvel,Captain Marvel,Avengers II,Service E,Medium,High,High,Closed,Medium,2025-12-03T20:08:48.000000,Wednesday,2025-12-04T02:08:48.000000,2025-12-04T16:08:48.000000,4
CHG-0000992,Implement new access roles in identity management system,Hardware,Captain America,Captain America,Avengers,Service A,Low,High,Low,Closed,Critical,2025-12-03T16:16:25.000000,Wednesday,2025-12-03T22:16:25.000000,2025-12-04T11:16:25.000000,5
CHG-0000993,Deploy new release of core banking application,Software,Spiderman,Spiderman,Avengers II,Service E,Medium,Medium,High,Closed,Medium,2025-12-03T23:10:29.000000,Wednesday,2025-12-04T04:10:29.000000,2025-12-04T14:10:29.000000,0
CHG-0000994,Apply configuration changes to intrusion detection system,Complaint,Hulk,Hulk,Avengers,Service D,Low,Low,Medium,Closed,Medium,2025-12-04T07:51:48.000000,Thursday,2025-12-04T14:51:48.000000,2025-12-05T03:51:48.000000,1
CHG-0000995,Deploy new configuration for password self-service portal,Software,Spiderman,Spiderman,Avengers II,Service A,High,High,Low,New,Medium,2025-12-04T12:18:57.000000,Thursday,,,3
CHG-0000996,Implement new change in batch file transfer process,Network,John Wick,John Wick,Matrix,Service D,Medium,Medium,Medium,Closed,Medium,2025-12-04T00:18:21.000000,Thursday,2025-12-04T06:18:21.000000,2025-12-04T17:18:21.000000,0
CHG-0000997,Update API gateway rules for new service endpoints,Data,Iron Man,Iron Man,Avengers,Service E,Medium,High,Medium,Closed,Medium,2025-12-04T21:18:04.000000,Thursday,2025-12-04T23:18:04.000000,2025-12-06T08:18:04.000000,4
CHG-0000998,Implement new software deployment package for endpoints,Facilities,Shang Chi,Shang Chi,Avengers II,Service C,High,High,Low,Closed,Low,2025-12-04T22:15:50.000000,Thursday,2025-12-05T05:15:50.000000,2025-12-06T02:15:50.000000,2
CHG-0000999,Change network routing for branch office connectivity,Facilities,John Wick,John Wick,Matrix,Service B,Low,Low,High,Closed,Critical,2025-12-05T17:16:47.000000,Friday,2025-12-06T00:16:47.000000,2025-12-06T11:16:47.000000,1
CHG-0001000,Modify backup retention period for file shares,Access,Loki,Loki,Avengers,Service E,Low,High,Medium,Closed,High,2025-12-05T11:48:49.000000,Friday,2025-12-05T14:48:49.000000,2025-12-06T06:48:49.000000,0
CHG-0001001,Change network routing for branch office connectivity,Hardware,Thor,Thor,Avengers,Service E,Low,Low,Medium,Closed,Medium,2025-12-05T13:40:25.000000,Friday,2025-12-05T16:40:25.000000,2025-12-05T18:40:25.000000,5
CHG-0001002,Migrate user mailboxes to new email platform,Failure,Iron Man,Iron Man,Avengers,Service C,High,High,Medium,Closed,High,2025-12-05T13:57:37.000000,Friday,2025-12-05T16:57:37.000000,2025-12-06T19:57:37.000000,5
CHG-0001003,Change DHCP scope settings for office network,Facilities,Captain America,Captain America,Avengers,Service D,Low,Low,Medium,Closed,Medium,2025-12-06T08:14:12.000000,Saturday,2025-12-06T13:14:12.000000,2025-12-06T16:14:12.000000,2
CHG-0001004,Implement new change in batch file transfer process,Facilities,Captain America,Captain America,Avengers,Service E,High,Medium,Low,Closed,Medium,2025-12-06T10:19:37.000000,Saturday,2025-12-06T14:19:37.000000,2025-12-06T17:19:37.000000,3
CHG-0001005,Modify service account permissions for application,Complaint,Doctor Strange,Doctor Strange,Avengers II,Service B,Medium,Low,High,Closed,Low,2025-12-06T04:36:38.000000,Saturday,2025-12-06T10:36:38.000000,2025-12-07T14:36:38.000000,3
CHG-0001006,Implement role-based access control for application,Access,Loki,Loki,Avengers,Service A,Medium,High,High,In Progress,High,2025-12-07T02:07:21.000000,Sunday,2025-12-07T08:07:21.000000,,0
CHG-0001007,Implement new change in batch file transfer process,Failure,Iron Man,Iron Man,Avengers,Service C,High,High,Low,Closed,Medium,2025-12-07T15:25:41.000000,Sunday,2025-12-07T20:25:41.000000,2025-12-08T16:25:41.000000,3
CHG-0001008,Modify service account permissions for application,Software,Captain Marvel,Captain Marvel,Avengers II,Service D,Low,High,High,Closed,Medium,2025-12-07T05:47:26.000000,Sunday,2025-12-07T09:47:26.000000,2025-12-07T11:47:26.000000,1
CHG-0001009,Modify service account permissions for application,Data,Doctor Strange,Doctor Strange,Avengers II,Service C,Low,Medium,Low,Closed,High,2025-12-07T05:39:31.000000,Sunday,2025-12-07T08:39:31.000000,2025-12-08T12:39:31.000000,3
CHG-0001010,Implement new proxy configuration for internet access,Failure,Shang Chi,Shang Chi,Avengers II,Service D,High,Medium,Medium,Closed,Medium,2025-12-07T21:39:22.000000,Sunday,2025-12-08T01:39:22.000000,2025-12-09T05:39:22.000000,3
CHG-0001011,Update DNS records for application hostname change,Facilities,Spiderman,Spiderman,Avengers II,Service B,High,Medium,High,Closed,High,2025-12-08T02:49:49.000000,Monday,2025-12-08T04:49:49.000000,2025-12-08T10:49:49.000000,3
CHG-0001012,Deploy new release of core banking application,Data,Iron Man,Iron Man,Avengers,Service E,Medium,Low,Medium,Closed,High,2025-12-08T21:04:33.000000,Monday,2025-12-09T01:04:33.000000,2025-12-09T20:04:33.000000,4
CHG-0001013,Implement role-based access control for application,Access,Doctor Strange,Doctor Strange,Avengers II,Service D,Low,High,Medium,Closed,Medium,2025-12-08T00:05:28.000000,Monday,2025-12-08T04:05:28.000000,2025-12-08T19:05:28.000000,2
CHG-0001014,Migrate application from test to production environment,Failure,Iron Man,Iron Man,Avengers,Service E,High,High,Medium,Closed,Medium,2025-12-08T09:38:06.000000,Monday,2025-12-08T13:38:06.000000,2025-12-09T15:38:06.000000,1
CHG-0001015,Increase disk space allocation on application server,Complaint,Spiderman,Spiderman,Avengers II,Service A,Medium,High,High,Closed,Medium,2025-12-08T23:09:20.000000,Monday,2025-12-09T04:09:20.000000,2025-12-10T07:09:20.000000,2
CHG-0001016,Reconfigure backup schedule for critical databases,Data,Captain Marvel,Captain Marvel,Avengers II,Service E,Medium,Low,High,Closed,Low,2025-12-09T14:37:47.000000,Tuesday,2025-12-09T22:37:47.000000,2025-12-11T08:37:47.000000,4
CHG-0001017,Implement new proxy configuration for internet access,Failure,Shang Chi,Shang Chi,Avengers II,Service D,Medium,Low,Low,In Progress,Medium,2025-12-09T08:18:49.000000,Tuesday,2025-12-09T16:18:49.000000,,0
CHG-0001018,Change time synchronization settings for servers,Failure,Jack Sparrow,Jack Sparrow,Matrix,Service E,Low,Medium,Low,Closed,Medium,2025-12-10T22:51:54.000000,Wednesday,2025-12-11T06:51:54.000000,2025-12-12T03:51:54.000000,5
CHG-0001019,Update network share permissions for project folder,Software,Hulk,Hulk,Avengers,Service E,Medium,Medium,Medium,Closed,Low,2025-12-10T19:02:08.000000,Wednesday,2025-12-11T00:02:08.000000,2025-12-11T06:02:08.000000,0
CHG-0001020,Adjust monitoring thresholds for critical alerts,Data,Captain Marvel,Captain Marvel,Avengers II,Service A,Low,Low,Low,Closed,High,2025-12-10T08:37:53.000000,Wednesday,2025-12-10T13:37:53.000000,2025-12-11T12:37:53.000000,5
CHG-0001021,Configure new high-availability cluster for database,Hardware,Neo,Neo,Matrix,Service C,Low,Medium,High,Closed,Medium,2025-12-10T15:09:14.000000,Wednesday,2025-12-10T18:09:14.000000,2025-12-10T20:09:14.000000,2
CHG-0001022,Change print server configuration for new printers,Software,Jack Sparrow,Jack Sparrow,Matrix,Service B,Medium,Medium,Medium,Closed,Medium,2025-12-10T18:09:45.000000,Wednesday,2025-12-10T22:09:45.000000,2025-12-11T02:09:45.000000,5
CHG-0001023,Implement new access roles in identity management system,Software,Neo,Neo,Matrix,Service A,High,Medium,Low,Closed,High,2025-12-11T06:19:12.000000,Thursday,2025-12-11T08:19:12.000000,2025-12-12T04:19:12.000000,0
CHG-0001024,Implement new software deployment package for endpoints,Facilities,Captain Marvel,Captain Marvel,Avengers II,Service C,High,Low,Low,Closed,High,2025-12-12T14:27:11.000000,Friday,2025-12-12T16:27:11.000000,2025-12-13T06:27:11.000000,0
CHG-0001025,Replace legacy file server with new storage system,Data,Doctor Strange,Doctor Strange,Avengers II,Service C,Low,Low,Low,Closed,High,2025-12-13T00:05:11.000000,Saturday,2025-12-13T05:05:11.000000,2025-12-14T10:05:11.000000,0
CHG-0001026,Upgrade operating system on middleware servers,Access,Iron Man,Iron Man,Avengers,Service B,Medium,Low,Low,Closed,High,2025-12-14T03:44:14.000000,Sunday,2025-12-14T10:44:14.000000,2025-12-15T10:44:14.000000,1
CHG-0001027,Change print server configuration for new printers,Data,John Wick,John Wick,Matrix,Service B,Low,Medium,High,Closed,Medium,2025-12-14T08:50:59.000000,Sunday,2025-12-14T13:50:59.000000,2025-12-15T05:50:59.000000,3
CHG-0001028,Implement new change in batch file transfer process,Failure,Loki,Loki,Avengers,Service D,Low,Medium,Medium,Closed,Critical,2025-12-14T22:40:42.000000,Sunday,2025-12-15T04:40:42.000000,2025-12-16T08:40:42.000000,1
CHG-0001029,Implement firewall rule change for new service endpoint,Software,Iron Man,Iron Man,Avengers,Service E,High,High,High,New,High,2025-12-15T20:21:46.000000,Monday,,,0
CHG-0001030,Change configuration of web application firewall policies,Network,Doctor Strange,Doctor Strange,Avengers II,Service E,Medium,Medium,Low,Closed,Medium,2025-12-15T09:30:46.000000,Monday,2025-12-15T11:30:46.000000,2025-12-16T11:30:46.000000,0
CHG-0001031,Upgrade virtualization platform to latest version,Facilities,Hulk,Hulk,Avengers,Service D,Low,High,Low,Closed,High,2025-12-16T17:51:00.000000,Tuesday,2025-12-17T01:51:00.000000,2025-12-17T06:51:00.000000,3
CHG-0001032,Implement role-based access control for application,Facilities,Captain America,Captain America,Avengers,Service D,High,High,High,Closed,Low,2025-12-16T07:05:09.000000,Tuesday,2025-12-16T11:05:09.000000,2025-12-17T01:05:09.000000,2
CHG-0001033,Adjust monitoring thresholds for critical alerts,Complaint,Neo,Neo,Matrix,Service B,Low,Low,Medium,Closed,High,2025-12-16T00:13:53.000000,Tuesday,2025-12-16T04:13:53.000000,2025-12-16T09:13:53.000000,2
CHG-0001034,Apply monthly security patches to production servers,Complaint,Neo,Neo,Matrix,Service B,High,Medium,Medium,Closed,High,2025-12-16T09:10:43.000000,Tuesday,2025-12-16T16:10:43.000000,2025-12-17T09:10:43.000000,2
CHG-0001035,Update API gateway rules for new service endpoints,Network,Shang Chi,Shang Chi,Avengers II,Service D,High,High,Medium,In Progress,Medium,2025-12-17T07:26:04.000000,Wednesday,2025-12-17T12:26:04.000000,,2
CHG-0001036,Upgrade operating system on middleware servers,Complaint,Shang Chi,Shang Chi,Avengers II,Service E,Low,Medium,Low,Closed,Critical,2025-12-17T19:05:52.000000,Wednesday,2025-12-17T22:05:52.000000,2025-12-18T11:05:52.000000,4
CHG-0001037,Update network share permissions for project folder,Complaint,Spiderman,Spiderman,Avengers II,Service D,High,Low,High,Closed,Medium,2025-12-18T12:31:36.000000,Thursday,2025-12-18T20:31:36.000000,2025-12-20T03:31:36.000000,2
CHG-0001038,Modify backup retention period for file shares,Facilities,John Cena,John Cena,Matrix,Service C,High,Low,High,Closed,Medium,2025-12-18T05:51:49.000000,Thursday,2025-12-18T08:51:49.000000,2025-12-19T13:51:49.000000,1
CHG-0001039,Deploy updated configuration for network switches,Facilities,Doctor Strange,Doctor Strange,Avengers II,Service B,Medium,High,Low,Closed,High,2025-12-18T17:52:24.000000,Thursday,2025-12-18T23:52:24.000000,2025-12-20T06:52:24.000000,3
CHG-0001040,Change DHCP scope settings for office network,Hardware,Captain America,Captain America,Avengers,Service C,Low,Low,High,Closed,Medium,2025-12-19T17:06:08.000000,Friday,2025-12-20T00:06:08.000000,2025-12-20T10:06:08.000000,0
CHG-0001041,Implement firewall rule change for new service endpoint,Data,Loki,Loki,Avengers,Service A,High,Low,Medium,Closed,Medium,2025-12-20T10:19:46.000000,Saturday,2025-12-20T18:19:46.000000,2025-12-21T07:19:46.000000,3
CHG-0001042,Deploy new configuration for password self-service portal,Complaint,Thor,Thor,Avengers,Service A,Medium,Medium,Medium,Closed,Medium,2025-12-20T21:13:21.000000,Saturday,2025-12-21T01:13:21.000000,2025-12-21T18:13:21.000000,4
CHG-0001043,Increase disk space allocation on application server,Network,Thor,Thor,Avengers,Service B,Low,Medium,Low,Closed,Critical,2025-12-20T21:23:08.000000,Saturday,2025-12-21T05:23:08.000000,2025-12-22T08:23:08.000000,0
CHG-0001044,Deploy new version of mobile banking API,Access,Hulk,Hulk,Avengers,Service A,Medium,High,Medium,Closed,Medium,2025-12-20T03:19:02.000000,Saturday,2025-12-20T08:19:02.000000,2025-12-21T02:19:02.000000,0
CHG-0001045,Implement firewall rule change for new service endpoint,Software,Hulk,Hulk,Avengers,Service B,Medium,Medium,Low,Closed,Medium,2025-12-20T13:49:35.000000,Saturday,2025-12-20T17:49:35.000000,2025-12-21T23:49:35.000000,2
CHG-0001046,Change time synchronization settings for servers,Software,John Wick,John Wick,Matrix,Service D,High,Medium,Low,Closed,Medium,2025-12-21T18:24:14.000000,Sunday,2025-12-22T02:24:14.000000,2025-12-22T20:24:14.000000,1
CHG-0001047,Implement new retention policy for log data,Hardware,Loki,Loki,Avengers,Service E,Medium,Medium,Medium,Closed,High,2025-12-22T14:05:01.000000,Monday,2025-12-22T19:05:01.000000,2025-12-23T11:05:01.000000,0
CHG-0001048,Upgrade operating system on middleware servers,Network,John Cena,John Cena,Matrix,Service B,High,Medium,High,Closed,Low,2025-12-22T10:34:07.000000,Monday,2025-12-22T18:34:07.000000,2025-12-23T18:34:07.000000,2
CHG-0001049,Implement new change in batch file transfer process,Hardware,Loki,Loki,Avengers,Service D,High,Medium,High,Closed,Medium,2025-12-22T14:51:06.000000,Monday,2025-12-22T17:51:06.000000,2025-12-23T15:51:06.000000,0
CHG-0001050,Deploy new version of mobile banking API,Facilities,Shang Chi,Shang Chi,Avengers II,Service D,Low,High,Low,Closed,Low,2025-12-22T10:54:02.000000,Monday,2025-12-22T17:54:02.000000,2025-12-23T23:54:02.000000,5
CHG-0001051,Change print server configuration for new printers,Software,Loki,Loki,Avengers,Service C,High,Medium,High,Closed,High,2025-12-22T07:06:40.000000,Monday,2025-12-22T09:06:40.000000,2025-12-22T21:06:40.000000,5
CHG-0001052,Change configuration of web application firewall policies,Software,Spiderman,Spiderman,Avengers II,Service A,High,Low,Medium,Closed,High,2025-12-23T09:55:45.000000,Tuesday,2025-12-23T13:55:45.000000,2025-12-24T12:55:45.000000,2
CHG-0001053,Implement firewall rule change for new service endpoint,Network,Jack Sparrow,Jack Sparrow,Matrix,Service B,Medium,Low,High,Closed,Low,2025-12-23T10:54:36.000000,Tuesday,2025-12-23T14:54:36.000000,2025-12-24T09:54:36.000000,5
CHG-0001054,Change print server configuration for new printers,Access,Spiderman,Spiderman,Avengers II,Service B,High,High,High,Closed,Medium,2025-12-23T04:52:22.000000,Tuesday,2025-12-23T11:52:22.000000,2025-12-23T20:52:22.000000,3
CHG-0001055,Upgrade virtualization platform to latest version,Complaint,Neo,Neo,Matrix,Service C,Medium,High,Medium,Closed,High,2025-12-24T06:42:04.000000,Wednesday,2025-12-24T11:42:04.000000,2025-12-24T16:42:04.000000,3
CHG-0001056,Reconfigure backup schedule for critical databases,Access,Thor,Thor,Avengers,Service E,Low,Medium,High,Closed,Critical,2025-12-24T05:02:09.000000,Wednesday,2025-12-24T07:02:09.000000,2025-12-24T11:02:09.000000,1
CHG-0001057,Implement role-based access control for application,Hardware,Neo,Neo,Matrix,Service D,Medium,Medium,Low,Closed,High,2025-12-24T19:05:23.000000,Wednesday,2025-12-25T01:05:23.000000,2025-12-25T18:05:23.000000,4
CHG-0001058,Add new subnet to internal network for project team,Access,Loki,Loki,Avengers,Service D,Low,High,Medium,Closed,Medium,2025-12-24T02:19:23.000000,Wednesday,2025-12-24T05:19:23.000000,2025-12-25T08:19:23.000000,1
CHG-0001059,Implement new software deployment package for endpoints,Access,Captain America,Captain America,Avengers,Service B,Medium,High,Medium,In Progress,Critical,2025-12-24T17:33:10.000000,Wednesday,2025-12-24T23:33:10.000000,,0
CHG-0001060,Implement new password policy across domain,Access,Thor,Thor,Avengers,Service B,High,Low,Medium,Closed,Critical,2025-12-25T07:07:42.000000,Thursday,2025-12-25T12:07:42.000000,2025-12-26T16:07:42.000000,3
CHG-0001061,Add new subnet to internal network for project team,Network,Iron Man,Iron Man,Avengers,Service E,High,High,Medium,In Progress,High,2025-12-25T10:55:59.000000,Thursday,2025-12-25T13:55:59.000000,,3
CHG-0001062,Decommission obsolete virtual machines,Data,Loki,Loki,Avengers,Service A,Medium,High,High,New,High,2025-12-25T19:22:19.000000,Thursday,,,5
CHG-0001063,Deploy hotfix for production application issue,Data,Loki,Loki,Avengers,Service E,High,Low,Low,On Hold,High,2025-12-26T10:57:25.000000,Friday,,,2
CHG-0001064,Modify backup retention period for file shares,Network,Thor,Thor,Avengers,Service E,High,High,High,Closed,Medium,2025-12-27T15:32:53.000000,Saturday,2025-12-27T17:32:53.000000,2025-12-28T07:32:53.000000,0
CHG-0001065,Modify service account permissions for application,Network,Loki,Loki,Avengers,Service E,Low,Low,High,Closed,Medium,2025-12-27T09:46:52.000000,Saturday,2025-12-27T16:46:52.000000,2025-12-28T05:46:52.000000,0
CHG-0001066,Apply monthly security patches to production servers,Software,Captain Marvel,Captain Marvel,Avengers II,Service E,Low,Medium,Medium,Closed,Critical,2025-12-28T15:41:33.000000,Sunday,2025-12-28T17:41:33.000000,2025-12-29T23:41:33.000000,2
CHG-0001067,Implement new retention policy for log data,Access,Thor,Thor,Avengers,Service A,Low,High,Medium,Closed,High,2025-12-28T13:48:27.000000,Sunday,2025-12-28T16:48:27.000000,2025-12-29T01:48:27.000000,1
CHG-0001068,Deploy updated configuration for network switches,Data,Captain Marvel,Captain Marvel,Avengers II,Service C,Low,Medium,Low,Closed,Medium,2025-12-29T22:01:36.000000,Monday,2025-12-30T04:01:36.000000,2025-12-30T13:01:36.000000,2
CHG-0001069,Configure new SFTP connection to external partner,Access,Shang Chi,Shang Chi,Avengers II,Service E,Medium,Low,Low,In Progress,High,2025-12-29T18:20:09.000000,Monday,2025-12-29T22:20:09.000000,,4
CHG-0001070,Change email gateway configuration for spam filtering,Hardware,Loki,Loki,Avengers,Service D,Low,Low,Medium,Closed,High,2025-12-29T18:36:45.000000,Monday,2025-12-30T02:36:45.000000,2025-12-31T02:36:45.000000,5
CHG-0001071,Implement new retention policy for log data,Failure,Hulk,Hulk,Avengers,Service C,High,Medium,High,Closed,Low,2025-12-30T16:17:31.000000,Tuesday,2025-12-31T00:17:31.000000,2025-12-31T22:17:31.000000,3
CHG-0001072,Change configuration of web application firewall policies,Facilities,Loki,Loki,Avengers,Service D,Low,Low,High,Closed,Medium,2025-12-30T01:23:48.000000,Tuesday,2025-12-30T07:23:48.000000,2025-12-31T09:23:48.000000,2
CHG-0001073,Implement new software deployment package for endpoints,Software,Hulk,Hulk,Avengers,Service E,Low,Low,Low,Closed,Medium,2025-12-30T05:20:54.000000,Tuesday,2025-12-30T08:20:54.000000,2025-12-31T03:20:54.000000,2
CHG-0001074,Increase disk space allocation on application server,Network,Iron Man,Iron Man,Avengers,Service B,Medium,Low,Low,Closed,Low,2025-12-31T22:16:15.000000,Wednesday,2026-01-01T01:16:15.000000,2026-01-02T09:16:15.000000,5
CHG-0001075,Change network routing for branch office connectivity,Network,Thor,Thor,Avengers,Service A,Medium,Low,Medium,Closed,Low,2025-12-31T21:34:21.000000,Wednesday,2026-01-01T01:34:21.000000,2026-01-02T09:34:21.000000,4
CHG-0001076,Migrate application from test to production environment,Failure,Doctor Strange,Doctor Strange,Avengers II,Service A,Low,Medium,Low,Closed,High,2025-12-31T19:44:01.000000,Wednesday,2025-12-31T23:44:01.000000,2026-01-01T04:44:01.000000,3
