Number,Short Description,Change Environment,Requested By,Assigned To,Assignment Group,Service,Risk,Urgency,Impact,State,Priority,Created,Day,Start Date,Closed,Reopen Count
CHG-0000001,Certificate renewal request for high-availability environment 2026.,Facilities,Jack Sparrow,Jack Sparrow,Matrix,Service C,High,High,Low,Closed,Critical,2025-01-01T12:16:02.000000,Wednesday,2025-01-01T20:16:02.000000,2025-01-02T12:16:02.000000,4
CHG-0000002,Update the IDRAC remote board Firmware and BIOS for secklb01.,Facilities,Captain Marvel,Captain Marvel,Avengers II,Service D,Medium,High,Low,Closed,Low,2025-01-01T22:41:24.000000,Wednesday,2025-01-02T02:41:24.000000,2025-01-03T04:41:24.000000,1
CHG-0000003,UC4 Agent Installation on gcetcami001.,Facilities,Thor,Thor,Avengers,Service E,Low,Medium,High,New,Medium,2025-01-01T18:03:10.000000,Wednesday,,,1
CHG-0000004,Replace legacy switches with modern devices in Market Data Environment.,Network,Captain America,Captain America,Avengers,Service D,Medium,Medium,High,Closed,Medium,2025-01-02T20:33:03.000000,Thursday,2025-01-03T02:33:03.000000,2025-01-04T11:33:03.000000,1
CHG-0000005,TAPs installation in IMK productive connections for work order #REQ0157356.,Network,Iron Man,Iron Man,Avengers,Service E,High,High,Medium,Closed,Medium,2025-01-02T02:32:18.000000,Thursday,2025-01-02T04:32:18.000000,2025-01-03T08:32:18.000000,1
CHG-0000006,Certificate renewal Digital Banking on PROD environment 2026.,Data,Spiderman,Spiderman,Avengers II,Service E,Medium,Medium,High,Closed,Medium,2025-01-02T03:10:55.000000,Thursday,2025-01-02T09:10:55.000000,2025-01-03T14:10:55.000000,3
CHG-0000007,"Remote board SSL Cert renewal for ressgpe0 , ressgpe1 , secsgpe0 & secsgpe1.",Complaint,Spiderman,Spiderman,Avengers II,Service B,Medium,Low,High,Closed,Low,2025-01-02T02:36:17.000000,Thursday,2025-01-02T08:36:17.000000,2025-01-03T13:36:17.000000,3
CHG-0000008,Emergency fall-back routing enabled for Redis cluster 6 under high throughput.,Facilities,Hulk,Hulk,Avengers,Service A,Low,High,Medium,In Progress,High,2025-01-02T21:56:56.000000,Thursday,2025-01-03T04:56:56.000000,,0
CHG-0000009,Test external web proxy configurations on development servers.,Network,Captain America,Captain America,Avengers,Service A,Medium,Medium,Low,Closed,Medium,2025-01-03T10:45:08.000000,Friday,2025-01-03T12:45:08.000000,2025-01-04T03:45:08.000000,3
CHG-0000010,ACI switchports configuration for work orders #REQ0155328 #REQ0147118 #REQ0152855.,Failure,Thor,Thor,Avengers,Service B,Medium,Medium,Low,Closed,High,2025-01-03T14:30:36.000000,Friday,2025-01-03T19:30:36.000000,2025-01-04T17:30:36.000000,4
CHG-0000011,Adjust Volume changes incompatible fixes mid-stage (handling-/handoff migration).,Access,Batman,Batman,Matrix,Service D,Medium,Medium,Medium,Closed,High,2025-01-03T14:02:52.000000,Friday,2025-01-03T20:02:52.000000,2025-01-04T15:02:52.000000,0
CHG-0000012,Update IDRAC board for core cluster PROD servers.,Network,Hulk,Hulk,Avengers,Service E,Low,High,High,Closed,Medium,2025-01-03T23:42:16.000000,Friday,2025-01-04T06:42:16.000000,2025-01-05T17:42:16.000000,4
CHG-0000013,TAPs installation in IMK productive connections for work order #REQ0157356.,Network,Doctor Strange,Doctor Strange,Avengers II,Service B,Medium,Medium,High,Closed,Low,2025-01-04T12:06:24.000000,Saturday,2025-01-04T18:06:24.000000,2025-01-05T23:06:24.000000,2
CHG-0000014,Firewall subnet allocation and access provisioning for KL office gateway.,Complaint,Spiderman,Spiderman,Avengers II,Service B,High,Medium,Medium,Closed,Medium,2025-01-04T04:16:54.000000,Saturday,2025-01-04T07:16:54.000000,2025-01-04T21:16:54.000000,4
CHG-0000015,Certificate adjustments for new virtual database pipelines.,Complaint,John Cena,John Cena,Matrix,Service A,Low,Medium,Low,Closed,Medium,2025-01-04T18:53:58.000000,Saturday,2025-01-04T22:53:58.000000,2025-01-06T05:53:58.000000,5
CHG-0000016,"Remote board SSL Cert renewal for ressgpe0 , ressgpe1 , secsgpe0 & secsgpe1.",Failure,Iron Man,Iron Man,Avengers,Service A,Low,High,Medium,Closed,Medium,2025-01-04T22:21:07.000000,Saturday,2025-01-05T03:21:07.000000,2025-01-06T08:21:07.000000,5
CHG-0000017,Firewall rule onboarding for external SaaS applications via Palo Alto setup.,Complaint,John Cena,John Cena,Matrix,Service B,Medium,Medium,Medium,Closed,High,2025-01-04T23:03:10.000000,Saturday,2025-01-05T01:03:10.000000,2025-01-06T00:03:10.000000,2
CHG-0000018,Enable ADFS custom user provisioning profile upload validation.,Network,Shang Chi,Shang Chi,Avengers II,Service D,Low,Low,High,Closed,High,2025-01-05T20:09:34.000000,Sunday,2025-01-05T23:09:34.000000,2025-01-07T08:09:34.000000,3
CHG-0000019,Updating the IDRAC remote board Firmware and BIOS for timffm21.,Complaint,Neo,Neo,Matrix,Service C,Low,Low,Medium,In Progress,Low,2025-01-06T03:44:05.000000,Monday,2025-01-06T07:44:05.000000,,5
CHG-0000020,Install httpd-tools on edge proxy nodes.,Software,Iron Man,Iron Man,Avengers,Service D,Low,High,High,Closed,Low,2025-01-06T09:31:44.000000,Monday,2025-01-06T13:31:44.000000,2025-01-06T22:31:44.000000,5
CHG-0000021,Certificate renewal for Avatar PROD environment 2026 - (VAA-Threat Application).,Complaint,Spiderman,Spiderman,Avengers II,Service D,Medium,Low,Low,Closed,Medium,2025-01-06T10:40:56.000000,Monday,2025-01-06T16:40:56.000000,2025-01-06T20:40:56.000000,5
CHG-0000022,Reverse fallback isolation plan post-Palo Alto Prisma failure.,Hardware,Captain America,Captain America,Avengers,Service A,Low,Low,High,Closed,High,2025-01-06T03:30:00.000000,Monday,2025-01-06T10:30:00.000000,2025-01-07T19:30:00.000000,4
CHG-0000023,Execute systemctl daemon-reload on CSO VM (PROD).,Failure,Captain Marvel,Captain Marvel,Avengers II,Service D,Low,Low,Low,Closed,High,2025-01-06T11:37:14.000000,Monday,2025-01-06T14:37:14.000000,2025-01-08T00:37:14.000000,2
CHG-0000024,Remote board SSL Cert renewal for anysgp15 & anysgp14.,Complaint,Captain Marvel,Captain Marvel,Avengers II,Service A,Low,Low,High,Closed,Low,2025-01-07T00:57:21.000000,Tuesday,2025-01-07T02:57:21.000000,2025-01-07T06:57:21.000000,3
CHG-0000025,Certificate update for Palo Alto gatekeeping subnet for KL relocation network.,Complaint,John Cena,John Cena,Matrix,Service C,Low,Low,High,On Hold,Low,2025-01-07T08:10:49.000000,Tuesday,,,3
CHG-0000026,Execute hardening measures for SQL server instances post security audit.,Data,Captain Marvel,Captain Marvel,Avengers II,Service E,High,Low,High,Closed,Medium,2025-01-07T13:39:32.000000,Tuesday,2025-01-07T18:39:32.000000,2025-01-08T19:39:32.000000,5
CHG-0000027,"Remote board SSL Cert renewal for ressgpe0 , ressgpe1 , secsgpe0 & secsgpe1.",Access,Thor,Thor,Avengers,Service E,Medium,Medium,Medium,New,Critical,2025-01-07T16:01:41.000000,Tuesday,,,4
CHG-0000028,Case 65943239: Upgrade Ontap version to 9.14.1P12.,Network,Spiderman,Spiderman,Avengers II,Service D,Medium,High,High,Closed,Low,2025-01-08T04:12:34.000000,Wednesday,2025-01-08T12:12:34.000000,2025-01-09T15:12:34.000000,0
CHG-0000029,Provision new storage array in EU data center for increased redundancy.,Software,Hulk,Hulk,Avengers,Service C,Medium,Medium,Low,On Hold,Critical,2025-01-08T00:46:53.000000,Wednesday,,,1
CHG-0000030,Online Banking external CB-APP onboarding on Radware On-prem environment.,Complaint,Hulk,Hulk,Avengers,Service C,High,Medium,Medium,Closed,Medium,2025-01-08T03:39:21.000000,Wednesday,2025-01-08T05:39:21.000000,2025-01-09T10:39:21.000000,2
CHG-0000031,Certificate renewal for Avatar development environment - Cloud Integration Testing Area.,Network,Iron Man,Iron Man,Avengers,Service D,Medium,Medium,Low,Closed,High,2025-01-09T04:39:20.000000,Thursday,2025-01-09T09:39:20.000000,2025-01-10T21:39:20.000000,4
CHG-0000032,Grant access to crontab for ta2twga on twgmmp01.zit.commerzbank.com.,Complaint,Thor,Thor,Avengers,Service A,High,High,High,Closed,High,2025-01-09T12:33:16.000000,Thursday,2025-01-09T20:33:16.000000,2025-01-11T00:33:16.000000,1
CHG-0000033,Setup additional SAML authentication nodes in DMZ environment.,Software,Thor,Thor,Avengers,Service C,Low,Medium,Low,Closed,Medium,2025-01-10T11:18:08.000000,Friday,2025-01-10T14:18:08.000000,2025-01-11T02:18:08.000000,1
CHG-0000034,"Server BIOS updates across remote virtual VM hosts (RESFFM01, SECFFM01).",Data,Captain Marvel,Captain Marvel,Avengers II,Service D,High,Low,Low,Closed,Medium,2025-01-10T20:23:33.000000,Friday,2025-01-11T04:23:33.000000,2025-01-12T10:23:33.000000,3
CHG-0000035,Enable additional remote IPV6 routing for Japanese production systems.,Facilities,Jack Sparrow,Jack Sparrow,Matrix,Service E,Low,Low,Low,Closed,Medium,2025-01-10T18:53:08.000000,Friday,2025-01-11T00:53:08.000000,2025-01-11T06:53:08.000000,2
CHG-0000036,"Resize virtual storage for CoreTxx_PROD database (95,38% full).",Software,Captain America,Captain America,Avengers,Service A,High,Low,Medium,Closed,Critical,2025-01-10T21:46:37.000000,Friday,2025-01-11T04:46:37.000000,2025-01-12T03:46:37.000000,1
CHG-0000037,Expand edge metrics transitioning through Palo FLEX Zeon tiers vs EU roots.,Data,Doctor Strange,Doctor Strange,Avengers II,Service A,High,High,Medium,On Hold,Medium,2025-01-11T13:57:26.000000,Saturday,,,0
CHG-0000038,Online Banking external CB-APP onboarding on Radware On-prem environment.,Data,Loki,Loki,Avengers,Service E,High,Medium,Low,Closed,Medium,2025-01-11T10:01:34.000000,Saturday,2025-01-11T17:01:34.000000,2025-01-12T16:01:34.000000,0
CHG-0000039,Execution of systemctl daemon-reload to patch Prod-CSO VM resiliency.,Failure,Hulk,Hulk,Avengers,Service B,High,Medium,High,On Hold,Medium,2025-01-11T01:40:00.000000,Saturday,,,0
CHG-0000040,Subnet migration alignment to cater towards hybrid env-discoveries (Prepare Step ongoing).,Complaint,Captain America,Captain America,Avengers,Service C,Medium,Low,Low,Closed,High,2025-01-11T08:27:54.000000,Saturday,2025-01-11T12:27:54.000000,2025-01-12T22:27:54.000000,5
CHG-0000041,"Resize virtual storage for CoreTxx_PROD database (95,38% full).",Complaint,Doctor Strange,Doctor Strange,Avengers II,Service A,High,Medium,Low,New,Medium,2025-01-11T00:46:54.000000,Saturday,,,4
CHG-0000042,Replace legacy switches with modern devices in Market Data Environment.,Complaint,Doctor Strange,Doctor Strange,Avengers II,Service E,Medium,Low,High,New,Low,2025-01-12T17:28:10.000000,Sunday,,,3
CHG-0000043,Subnet migration alignment to cater towards hybrid env-discoveries (Prepare Step ongoing).,Data,Iron Man,Iron Man,Avengers,Service C,Low,High,High,Closed,High,2025-01-13T15:08:28.000000,Monday,2025-01-13T17:08:28.000000,2025-01-14T14:08:28.000000,2
CHG-0000044,New IP subnet & access point testing for KL relocation project.,Failure,John Wick,John Wick,Matrix,Service E,Low,Low,Medium,Closed,Critical,2025-01-13T13:57:36.000000,Monday,2025-01-13T21:57:36.000000,2025-01-14T14:57:36.000000,1
CHG-0000045,Install rsync on twgmmp01.,Access,Loki,Loki,Avengers,Service E,Medium,Low,Medium,Closed,Low,2025-01-13T11:01:54.000000,Monday,2025-01-13T16:01:54.000000,2025-01-13T20:01:54.000000,3
CHG-0000046,UC4 Agent Installation on gcetcami001.,Failure,Captain Marvel,Captain Marvel,Avengers II,Service B,Low,High,Low,Closed,High,2025-01-13T06:14:33.000000,Monday,2025-01-13T12:14:33.000000,2025-01-14T07:14:33.000000,4
CHG-0000047,Reverse fallback isolation plan post-Palo Alto Prisma failure.,Complaint,Captain Marvel,Captain Marvel,Avengers II,Service C,High,Low,High,Closed,Critical,2025-01-13T21:24:57.000000,Monday,2025-01-14T05:24:57.000000,2025-01-14T19:24:57.000000,5
CHG-0000048,"VUL-NET: Apply Cisco IOS Software Update for routers at PRA, SHA, and TOK sites.",Access,Spiderman,Spiderman,Avengers II,Service A,Low,High,High,Closed,Medium,2025-01-14T20:07:50.000000,Tuesday,2025-01-15T04:07:50.000000,2025-01-15T21:07:50.000000,0
CHG-0000049,Online Banking external CB-APP onboarding on Radware On-prem environment.,Failure,Iron Man,Iron Man,Avengers,Service B,Low,Medium,High,New,Critical,2025-01-15T08:07:18.000000,Wednesday,,,3
CHG-0000050,Firewall optimization for edge routing performance post DR testing.,Access,Iron Man,Iron Man,Avengers,Service E,Low,Medium,High,Closed,Low,2025-01-15T23:07:23.000000,Wednesday,2025-01-16T07:07:23.000000,2025-01-16T18:07:23.000000,2
CHG-0000051,VUL-NET: Critical Juniper network patch for external office gateways.,Failure,Spiderman,Spiderman,Avengers II,Service B,High,High,Medium,Closed,Medium,2025-01-15T17:17:30.000000,Wednesday,2025-01-15T23:17:30.000000,2025-01-16T14:17:30.000000,1
CHG-0000052,"VUL-NET: Apply Cisco IOS Software Update for routers at PRA, SHA, and TOK sites.",Failure,Doctor Strange,Doctor Strange,Avengers II,Service C,High,Low,High,On Hold,Medium,2025-01-15T09:15:44.000000,Wednesday,,,4
CHG-0000053,Reverse fallback isolation plan post-Palo Alto Prisma failure.,Data,Captain Marvel,Captain Marvel,Avengers II,Service E,Medium,High,Medium,Closed,Critical,2025-01-16T19:57:40.000000,Thursday,2025-01-16T22:57:40.000000,2025-01-17T18:57:40.000000,5
CHG-0000054,Certificate update for Office 365 external access via Global Protect Gateways.,Facilities,Doctor Strange,Doctor Strange,Avengers II,Service C,High,Medium,Low,Closed,High,2025-01-16T11:25:04.000000,Thursday,2025-01-16T17:25:04.000000,2025-01-18T05:25:04.000000,1
CHG-0000055,Setup additional SAML authentication nodes in DMZ environment.,Complaint,Thor,Thor,Avengers,Service D,Medium,High,High,Closed,Medium,2025-01-17T23:05:12.000000,Friday,2025-01-18T03:05:12.000000,2025-01-18T22:05:12.000000,1
CHG-0000056,Certificate renewal for cloud-hosted services 2026.,Data,Thor,Thor,Avengers,Service D,High,Medium,Low,On Hold,High,2025-01-17T18:15:21.000000,Friday,,,1
CHG-0000057,Updating the IDRAC remote board Firmware and BIOS for timffm21.,Hardware,Loki,Loki,Avengers,Service A,High,High,Low,New,Medium,2025-01-18T15:21:22.000000,Saturday,,,0
CHG-0000058,Certificate renewal Digital Banking on PROD environment 2026.,Hardware,Captain America,Captain America,Avengers,Service B,Low,Medium,High,On Hold,Medium,2025-01-18T14:13:04.000000,Saturday,,,1
CHG-0000059,"VUL-NET: Cisco Wireless IOS-XE Software Update for WLC9800 | Jugoslavska, CZ (PRA06).",Hardware,Thor,Thor,Avengers,Service A,High,High,High,Closed,Low,2025-01-18T20:04:27.000000,Saturday,2025-01-18T23:04:27.000000,2025-01-19T16:04:27.000000,4
CHG-0000060,Certificate renewal request for high-availability environment 2026.,Failure,Loki,Loki,Avengers,Service C,High,Low,High,Closed,Medium,2025-01-18T14:35:38.000000,Saturday,2025-01-18T21:35:38.000000,2025-01-20T03:35:38.000000,5
CHG-0000061,Restart tkmdbp01 of configuration change took longer than expected.,Hardware,Jack Sparrow,Jack Sparrow,Matrix,Service D,High,High,Medium,Closed,Medium,2025-01-18T02:26:53.000000,Saturday,2025-01-18T08:26:53.000000,2025-01-19T13:26:53.000000,1
CHG-0000062,"Remote board SSL Cert renewal for ressgpe0 , ressgpe1 , secsgpe0 & secsgpe1.",Failure,Captain Marvel,Captain Marvel,Avengers II,Service B,High,Low,High,Closed,High,2025-01-19T15:39:58.000000,Sunday,2025-01-19T23:39:58.000000,2025-01-20T23:39:58.000000,0
CHG-0000063,Test external web proxy configurations on development servers.,Software,Iron Man,Iron Man,Avengers,Service E,High,Low,High,Closed,High,2025-01-19T21:43:39.000000,Sunday,2025-01-19T23:43:39.000000,2025-01-20T23:43:39.000000,0
CHG-0000064,Initiate scheduled SAN Storage Array node reboot to resolve high uptime issue.,Network,Hulk,Hulk,Avengers,Service A,High,Medium,High,Closed,Low,2025-01-19T08:58:50.000000,Sunday,2025-01-19T12:58:50.000000,2025-01-20T03:58:50.000000,0
CHG-0000065,Case 65943239: Upgrade Ontap version to 9.14.1P12.,Access,Doctor Strange,Doctor Strange,Avengers II,Service E,Low,Low,Low,Closed,Critical,2025-01-20T16:38:27.000000,Monday,2025-01-20T23:38:27.000000,2025-01-22T11:38:27.000000,4
CHG-0000066,Install Redis cluster monitoring tools in shard servers.,Failure,Captain Marvel,Captain Marvel,Avengers II,Service D,Medium,Low,High,On Hold,High,2025-01-20T04:36:37.000000,Monday,,,3
CHG-0000067,Enable database backups at sv273046 for production environment.,Network,Batman,Batman,Matrix,Service E,Medium,Low,High,Closed,Medium,2025-01-20T16:15:26.000000,Monday,2025-01-20T22:15:26.000000,2025-01-21T01:15:26.000000,4
CHG-0000068,SSL certificate renewal for SWS corporate web hosting final access gateways.,Hardware,Doctor Strange,Doctor Strange,Avengers II,Service D,High,Medium,High,Closed,Medium,2025-01-20T01:42:43.000000,Monday,2025-01-20T07:42:43.000000,2025-01-20T14:42:43.000000,3
CHG-0000069,Updating the IDRAC remote board Firmware and BIOS for timffm21.,Data,Captain America,Captain America,Avengers,Service B,Medium,High,Low,Closed,Medium,2025-01-21T19:04:14.000000,Tuesday,2025-01-21T21:04:14.000000,2025-01-22T01:04:14.000000,3
CHG-0000070,Grant access to crontab for ta2twga on twgmmp01.zit.commerzbank.com.,Failure,Captain Marvel,Captain Marvel,Avengers II,Service E,Low,High,Medium,Closed,Critical,2025-01-21T04:41:16.000000,Tuesday,2025-01-21T06:41:16.000000,2025-01-21T14:41:16.000000,3
CHG-0000071,Updating the IDRAC remote board Firmware and BIOS for secffme2.,Network,Captain America,Captain America,Avengers,Service E,Low,Low,Medium,Closed,High,2025-01-22T09:49:24.000000,Wednesday,2025-01-22T14:49:24.000000,2025-01-22T23:49:24.000000,3
CHG-0000072,Patch remote job runner script dependencies for IMK analytics platform.,Hardware,Captain America,Captain America,Avengers,Service D,Medium,Low,High,Closed,Medium,2025-01-22T06:26:19.000000,Wednesday,2025-01-22T12:26:19.000000,2025-01-23T01:26:19.000000,3
CHG-0000073,Updating the IDRAC remote board Firmware and BIOS for timffm21.,Failure,Spiderman,Spiderman,Avengers II,Service C,Low,Low,High,Closed,High,2025-01-22T05:22:58.000000,Wednesday,2025-01-22T07:22:58.000000,2025-01-23T00:22:58.000000,1
CHG-0000074,Complete SSL foundation checks for project-focused data endpoints.,Data,Thor,Thor,Avengers,Service A,Medium,High,High,Closed,Critical,2025-01-22T22:47:05.000000,Wednesday,2025-01-23T00:47:05.000000,2025-01-23T19:47:05.000000,2
CHG-0000075,Certificate update for Palo Alto gatekeeping subnet for KL relocation network.,Failure,Doctor Strange,Doctor Strange,Avengers II,Service C,High,Low,High,Closed,Medium,2025-01-23T04:19:00.000000,Thursday,2025-01-23T09:19:00.000000,2025-01-23T21:19:00.000000,5
CHG-0000076,Update the IDRAC remote board Firmware and BIOS for secklb01.,Software,Hulk,Hulk,Avengers,Service D,Low,Low,Medium,Closed,Low,2025-01-23T23:07:16.000000,Thursday,2025-01-24T03:07:16.000000,2025-01-24T18:07:16.000000,1
CHG-0000077,Test external web proxy configurations on development servers.,Failure,Neo,Neo,Matrix,Service A,High,High,Medium,Closed,Critical,2025-01-23T06:47:37.000000,Thursday,2025-01-23T10:47:37.000000,2025-01-24T18:47:37.000000,0
CHG-0000078,New IP subnet & access point testing for KL relocation project.,Data,Doctor Strange,Doctor Strange,Avengers II,Service C,Medium,High,Medium,Closed,Low,2025-01-24T00:14:13.000000,Friday,2025-01-24T06:14:13.000000,2025-01-25T03:14:13.000000,0
CHG-0000079,Updating the IDRAC remote board Firmware and BIOS for sonklb31.,Network,Captain Marvel,Captain Marvel,Avengers II,Service B,Low,High,Low,Closed,Medium,2025-01-24T09:41:19.000000,Friday,2025-01-24T16:41:19.000000,2025-01-25T00:41:19.000000,1
CHG-0000080,ACI switchports configuration for work orders #REQ0155328 #REQ0147118 #REQ0152855.,Data,Loki,Loki,Avengers,Service A,High,Low,High,Closed,Medium,2025-01-24T09:41:24.000000,Friday,2025-01-24T13:41:24.000000,2025-01-25T15:41:24.000000,5
CHG-0000081,Remote board SSL Cert renewal for anysgp15 & anysgp14.,Network,Shang Chi,Shang Chi,Avengers II,Service C,Medium,High,High,Closed,Medium,2025-01-24T18:27:29.000000,Friday,2025-01-24T21:27:29.000000,2025-01-25T07:27:29.000000,0
CHG-0000082,Certificate update for Palo Alto gatekeeping subnet for KL relocation network.,Complaint,Batman,Batman,Matrix,Service B,Medium,Medium,High,Closed,Medium,2025-01-25T19:11:41.000000,Saturday,2025-01-26T03:11:41.000000,2025-01-27T01:11:41.000000,4
CHG-0000083,Update from RHEL8.9 to RHEL8.10 on database workloads (non-prod).,Complaint,Iron Man,Iron Man,Avengers,Service D,Low,Medium,Low,On Hold,High,2025-01-25T03:52:36.000000,Saturday,,,1
CHG-0000084,Expand edge metrics transitioning through Palo FLEX Zeon tiers vs EU roots.,Complaint,Iron Man,Iron Man,Avengers,Service E,High,Medium,Medium,New,Low,2025-01-25T20:13:56.000000,Saturday,,,5
CHG-0000085,"Server BIOS updates across remote virtual VM hosts (RESFFM01, SECFFM01).",Access,Doctor Strange,Doctor Strange,Avengers II,Service B,High,Medium,High,New,Medium,2025-01-25T09:41:40.000000,Saturday,,,4
CHG-0000086,Update IDRAC remote board Firmware and BIOS for forffm71.,Facilities,Captain America,Captain America,Avengers,Service E,High,Low,High,New,Low,2025-01-25T21:53:21.000000,Saturday,,,5
CHG-0000087,Emergency fall-back routing enabled for Redis cluster 6 under high throughput.,Failure,Captain Marvel,Captain Marvel,Avengers II,Service C,Low,Medium,Medium,Closed,Low,2025-01-26T20:10:56.000000,Sunday,2025-01-27T03:10:56.000000,2025-01-28T11:10:56.000000,5
CHG-0000088,Online Banking external CB-APP onboarding on Radware On-prem environment.,Network,Hulk,Hulk,Avengers,Service A,High,Low,High,Closed,Medium,2025-01-26T03:11:13.000000,Sunday,2025-01-26T07:11:13.000000,2025-01-27T13:11:13.000000,5
CHG-0000089,Firewall configuration changes for disaster recovery validation testing.,Complaint,Captain America,Captain America,Avengers,Service B,Medium,Low,Low,Closed,Medium,2025-01-26T00:51:25.000000,Sunday,2025-01-26T06:51:25.000000,2025-01-27T11:51:25.000000,4
CHG-0000090,Database configuration check for performance improvements in PROD systems.,Complaint,Loki,Loki,Avengers,Service E,High,High,Medium,In Progress,High,2025-01-26T01:20:40.000000,Sunday,2025-01-26T05:20:40.000000,,1
CHG-0000091,Complete SSL foundation checks for project-focused data endpoints.,Complaint,Shang Chi,Shang Chi,Avengers II,Service C,Low,High,Low,Closed,Medium,2025-01-27T05:46:46.000000,Monday,2025-01-27T12:46:46.000000,2025-01-28T23:46:46.000000,3
CHG-0000092,Update the IDRAC remote board Firmware and BIOS for secklb01.,Complaint,Hulk,Hulk,Avengers,Service C,Low,Low,Low,Closed,High,2025-01-27T04:08:16.000000,Monday,2025-01-27T10:08:16.000000,2025-01-28T11:08:16.000000,1
CHG-0000093,Execute systemctl daemon-reload on CSO VM (PROD).,Complaint,Loki,Loki,Avengers,Service B,Medium,Low,High,Closed,Medium,2025-01-27T08:37:56.000000,Monday,2025-01-27T14:37:56.000000,2025-01-28T13:37:56.000000,0
CHG-0000094,Initiate scheduled SAN Storage Array node reboot to resolve high uptime issue.,Software,Iron Man,Iron Man,Avengers,Service A,Medium,High,Low,Closed,High,2025-01-27T13:59:26.000000,Monday,2025-01-27T16:59:26.000000,2025-01-28T23:59:26.000000,4
CHG-0000095,Restart tkmweb database servers after container update failure response.,Failure,Neo,Neo,Matrix,Service E,Medium,Medium,Low,Closed,Medium,2025-01-27T13:32:18.000000,Monday,2025-01-27T17:32:18.000000,2025-01-28T13:32:18.000000,4
CHG-0000096,Firewall configuration changes for disaster recovery validation testing.,Data,John Wick,John Wick,Matrix,Service D,Low,Low,Medium,Closed,Critical,2025-01-28T07:53:08.000000,Tuesday,2025-01-28T15:53:08.000000,2025-01-29T15:53:08.000000,3
CHG-0000097,Firewall configuration changes for disaster recovery validation testing.,Network,John Cena,John Cena,Matrix,Service E,High,Medium,High,Closed,High,2025-01-28T21:08:57.000000,Tuesday,2025-01-28T23:08:57.000000,2025-01-29T10:08:57.000000,1
CHG-0000098,Update the IDRAC remote board Firmware and BIOS for secklb01.,Hardware,John Cena,John Cena,Matrix,Service D,Medium,High,High,Closed,Medium,2025-01-28T08:06:25.000000,Tuesday,2025-01-28T12:06:25.000000,2025-01-29T13:06:25.000000,4
CHG-0000099,UC4 Agent Installation on gcetcami001.,Hardware,Shang Chi,Shang Chi,Avengers II,Service A,Low,Medium,Low,Closed,Low,2025-01-28T18:50:20.000000,Tuesday,2025-01-28T20:50:20.000000,2025-01-30T00:50:20.000000,1
CHG-0000100,Update IDRAC board for core cluster PROD servers.,Complaint,Spiderman,Spiderman,Avengers II,Service B,Low,Medium,Medium,Closed,Critical,2025-01-28T04:34:20.000000,Tuesday,2025-01-28T10:34:20.000000,2025-01-28T19:34:20.000000,2
CHG-0000101,Firewall subnet allocation and access provisioning for KL office gateway.,Software,Batman,Batman,Matrix,Service B,Medium,High,Medium,Closed,Medium,2025-01-29T12:02:40.000000,Wednesday,2025-01-29T20:02:40.000000,2025-01-30T16:02:40.000000,5
CHG-0000102,Install httpd-tools on twgmmp01.zit.commerzbank.com.,Data,Neo,Neo,Matrix,Service B,Low,Medium,Medium,Closed,Low,2025-01-29T23:18:18.000000,Wednesday,2025-01-30T02:18:18.000000,2025-01-30T18:18:18.000000,3
CHG-0000103,Install httpd-tools on twgmmp01.zit.commerzbank.com.,Data,Loki,Loki,Avengers,Service B,High,Medium,High,Closed,High,2025-01-29T03:19:47.000000,Wednesday,2025-01-29T08:19:47.000000,2025-01-30T07:19:47.000000,3
CHG-0000104,UC4 Agent Installation on gcetcami001.,Hardware,Thor,Thor,Avengers,Service C,Low,Low,High,On Hold,High,2025-01-29T17:17:13.000000,Wednesday,,,0
CHG-0000105,"VUL-NET: Cisco Wireless IOS-XE Software Update for WLC9800 | Jugoslavska, CZ (PRA06).",Facilities,Iron Man,Iron Man,Avengers,Service B,High,Low,High,Closed,High,2025-01-29T19:07:52.000000,Wednesday,2025-01-29T23:07:52.000000,2025-01-31T03:07:52.000000,0
CHG-0000106,Certificate adjustments for new virtual database pipelines.,Facilities,Doctor Strange,Doctor Strange,Avengers II,Service B,Low,Low,High,Closed,Medium,2025-01-30T23:17:01.000000,Thursday,2025-01-31T02:17:01.000000,2025-01-31T06:17:01.000000,3
CHG-0000107,Install Redis cluster monitoring tools in shard servers.,Software,Jack Sparrow,Jack Sparrow,Matrix,Service A,Medium,Medium,High,Closed,High,2025-01-30T06:01:50.000000,Thursday,2025-01-30T13:01:50.000000,2025-01-30T21:01:50.000000,0
CHG-0000108,Configuration changes for monitoring processors on Redis prototype servers.,Access,Thor,Thor,Avengers,Service D,High,Medium,Low,Closed,Critical,2025-01-31T00:41:11.000000,Friday,2025-01-31T04:41:11.000000,2025-01-31T14:41:11.000000,0
CHG-0000109,Restart tkmweb database servers after container update failure response.,Complaint,Captain America,Captain America,Avengers,Service A,Low,Medium,Medium,Closed,High,2025-01-31T13:07:11.000000,Friday,2025-01-31T20:07:11.000000,2025-01-31T22:07:11.000000,2
CHG-0000110,Install Redis cluster monitoring tools in shard servers.,Hardware,Shang Chi,Shang Chi,Avengers II,Service C,Low,High,Low,New,Low,2025-01-31T21:09:45.000000,Friday,,,3
CHG-0000111,New IP subnet & access point testing for KL relocation project.,Failure,Loki,Loki,Avengers,Service C,High,Low,High,Closed,Low,2025-02-01T03:04:26.000000,Saturday,2025-02-01T06:04:26.000000,2025-02-02T03:04:26.000000,0
CHG-0000112,Reverse fallback isolation plan post-Palo Alto Prisma failure.,Access,Neo,Neo,Matrix,Service E,High,High,Medium,Closed,High,2025-02-02T04:32:33.000000,Sunday,2025-02-02T12:32:33.000000,2025-02-03T22:32:33.000000,0
CHG-0000113,"Resize virtual storage for CoreTxx_PROD database (95,38% full).",Failure,Spiderman,Spiderman,Avengers II,Service B,Low,Medium,Medium,Closed,High,2025-02-02T19:07:57.000000,Sunday,2025-02-03T02:07:57.000000,2025-02-04T06:07:57.000000,4
CHG-0000114,Enable ADFS custom user provisioning profile upload validation.,Data,Iron Man,Iron Man,Avengers,Service E,Medium,High,Low,Closed,Medium,2025-02-02T05:14:00.000000,Sunday,2025-02-02T11:14:00.000000,2025-02-03T09:14:00.000000,5
CHG-0000115,Initiate scheduled SAN Storage Array node reboot to resolve high uptime issue.,Software,John Wick,John Wick,Matrix,Service C,Medium,Medium,Low,Closed,High,2025-02-03T20:18:56.000000,Monday,2025-02-04T03:18:56.000000,2025-02-05T10:18:56.000000,3
CHG-0000116,Certificate renewal Digital Banking on PROD environment 2026.,Network,Thor,Thor,Avengers,Service E,Low,High,High,Closed,Low,2025-02-03T13:57:40.000000,Monday,2025-02-03T16:57:40.000000,2025-02-04T13:57:40.000000,0
CHG-0000117,Setup additional SAML authentication nodes in DMZ environment.,Complaint,Doctor Strange,Doctor Strange,Avengers II,Service E,Low,Low,Low,Closed,Medium,2025-02-03T07:55:44.000000,Monday,2025-02-03T12:55:44.000000,2025-02-04T10:55:44.000000,5
CHG-0000118,Provision new storage array in EU data center for increased redundancy.,Access,Iron Man,Iron Man,Avengers,Service D,High,High,High,Closed,Low,2025-02-04T23:09:41.000000,Tuesday,2025-02-05T05:09:41.000000,2025-02-05T23:09:41.000000,3
CHG-0000119,Configuration changes for monitoring processors on Redis prototype servers.,Access,Spiderman,Spiderman,Avengers II,Service D,Low,High,High,New,Critical,2025-02-05T10:24:22.000000,Wednesday,,,2
CHG-0000120,Certificate update for Palo Alto gatekeeping subnet for KL relocation network.,Facilities,Captain America,Captain America,Avengers,Service C,Medium,Medium,Medium,Closed,Medium,2025-02-05T18:17:25.000000,Wednesday,2025-02-05T23:17:25.000000,2025-02-07T01:17:25.000000,1
CHG-0000121,Enable ADFS custom user provisioning profile upload validation.,Hardware,Loki,Loki,Avengers,Service C,Medium,High,Medium,Closed,Medium,2025-02-05T02:15:42.000000,Wednesday,2025-02-05T04:15:42.000000,2025-02-05T18:15:42.000000,0
CHG-0000122,New IP subnet & access point testing for KL relocation project.,Complaint,Hulk,Hulk,Avengers,Service E,Low,Medium,High,Closed,Medium,2025-02-05T13:16:54.000000,Wednesday,2025-02-05T16:16:54.000000,2025-02-06T05:16:54.000000,2
CHG-0000123,Request for temporary access rights on Finance application Web UI.,Data,Iron Man,Iron Man,Avengers,Service B,Medium,High,Medium,Closed,High,2025-02-06T03:35:38.000000,Thursday,2025-02-06T09:35:38.000000,2025-02-07T07:35:38.000000,2
CHG-0000124,"Remote board SSL Cert renewal for ressgpe0 , ressgpe1 , secsgpe0 & secsgpe1.",Software,Jack Sparrow,Jack Sparrow,Matrix,Service C,Low,High,Medium,Closed,Medium,2025-02-07T16:40:37.000000,Friday,2025-02-07T21:40:37.000000,2025-02-08T12:40:37.000000,5
CHG-0000125,"Server BIOS updates across remote virtual VM hosts (RESFFM01, SECFFM01).",Failure,Loki,Loki,Avengers,Service E,High,Medium,Low,Closed,High,2025-02-07T17:27:02.000000,Friday,2025-02-07T20:27:02.000000,2025-02-08T00:27:02.000000,3
CHG-0000126,Grant access for backup recovery on production machine nodes in DR locations.,Hardware,Shang Chi,Shang Chi,Avengers II,Service E,High,High,High,Closed,Critical,2025-02-07T13:33:55.000000,Friday,2025-02-07T15:33:55.000000,2025-02-07T23:33:55.000000,5
CHG-0000127,"VUL-NET: Apply Cisco IOS Software Update for routers at PRA, SHA, and TOK sites.",Facilities,Thor,Thor,Avengers,Service C,Medium,High,High,Closed,Low,2025-02-07T08:07:56.000000,Friday,2025-02-07T15:07:56.000000,2025-02-08T12:07:56.000000,5
CHG-0000128,Install httpd-tools on twgmmp01.zit.commerzbank.com.,Hardware,John Wick,John Wick,Matrix,Service E,Medium,Medium,Medium,In Progress,Low,2025-02-08T18:04:02.000000,Saturday,2025-02-09T02:04:02.000000,,5
CHG-0000129,Execution of systemctl daemon-reload to patch Prod-CSO VM resiliency.,Network,Hulk,Hulk,Avengers,Service E,High,High,Medium,Closed,Medium,2025-02-08T17:45:25.000000,Saturday,2025-02-08T22:45:25.000000,2025-02-09T19:45:25.000000,3
CHG-0000130,Provision new storage array in EU data center for increased redundancy.,Software,Iron Man,Iron Man,Avengers,Service E,High,High,Medium,Closed,Critical,2025-02-08T11:19:18.000000,Saturday,2025-02-08T15:19:18.000000,2025-02-09T07:19:18.000000,4
CHG-0000131,Certificate adjustments for new virtual database pipelines.,Facilities,Captain America,Captain America,Avengers,Service E,Medium,Low,High,Closed,Medium,2025-02-08T03:20:38.000000,Saturday,2025-02-08T07:20:38.000000,2025-02-08T13:20:38.000000,3
CHG-0000132,Complete SSL foundation checks for project-focused data endpoints.,Software,Hulk,Hulk,Avengers,Service D,Medium,Low,High,Closed,Critical,2025-02-09T22:22:01.000000,Sunday,2025-02-10T02:22:01.000000,2025-02-11T01:22:01.000000,1
CHG-0000133,Certificate renewal Digital Banking on PROD environment 2026.,Network,Hulk,Hulk,Avengers,Service B,Medium,Low,High,Closed,Medium,2025-02-10T12:08:13.000000,Monday,2025-02-10T19:08:13.000000,2025-02-11T17:08:13.000000,1
CHG-0000134,Execute hardening measures for SQL server instances post security audit.,Hardware,Loki,Loki,Avengers,Service B,Low,Low,Medium,Closed,Medium,2025-02-10T17:14:40.000000,Monday,2025-02-10T22:14:40.000000,2025-02-11T19:14:40.000000,5
CHG-0000135,Update IDRAC board for core cluster PROD servers.,Data,Loki,Loki,Avengers,Service A,High,Low,Low,In Progress,Medium,2025-02-10T17:18:07.000000,Monday,2025-02-10T21:18:07.000000,,5
CHG-0000136,Replace legacy switches with modern devices in Market Data Environment.,Access,Neo,Neo,Matrix,Service D,High,Low,Medium,Closed,Low,2025-02-10T08:12:13.000000,Monday,2025-02-10T15:12:13.000000,2025-02-11T18:12:13.000000,2
CHG-0000137,Execute systemctl daemon-reload on CSO VM (PROD).,Failure,Captain Marvel,Captain Marvel,Avengers II,Service E,Low,High,High,In Progress,High,2025-02-11T19:03:32.000000,Tuesday,2025-02-12T01:03:32.000000,,2
CHG-0000138,Install system monitoring scripts on AWS-hosted general-purpose non-prod servers.,Hardware,Shang Chi,Shang Chi,Avengers II,Service C,Low,Low,Low,In Progress,Low,2025-02-11T21:17:36.000000,Tuesday,2025-02-12T04:17:36.000000,,1
CHG-0000139,Subnet migration alignment to cater towards hybrid env-discoveries (Prepare Step ongoing).,Software,Spiderman,Spiderman,Avengers II,Service D,Medium,Low,Low,Closed,Medium,2025-02-11T18:24:17.000000,Tuesday,2025-02-11T21:24:17.000000,2025-02-12T22:24:17.000000,4
CHG-0000140,Updating the IDRAC remote board Firmware and BIOS for timffm21.,Network,Shang Chi,Shang Chi,Avengers II,Service B,Low,Medium,Medium,Closed,Low,2025-02-11T22:46:48.000000,Tuesday,2025-02-12T04:46:48.000000,2025-02-13T14:46:48.000000,4
CHG-0000141,Grant access for backup recovery on production machine nodes in DR locations.,Network,Captain America,Captain America,Avengers,Service E,Medium,High,High,Closed,Medium,2025-02-12T03:19:50.000000,Wednesday,2025-02-12T08:19:50.000000,2025-02-13T09:19:50.000000,2
CHG-0000142,Online Banking external CB-APP onboarding on Radware On-prem environment.,Access,Doctor Strange,Doctor Strange,Avengers II,Service C,Low,Medium,Low,Closed,High,2025-02-12T00:30:03.000000,Wednesday,2025-02-12T03:30:03.000000,2025-02-12T22:30:03.000000,0
CHG-0000143,Updating the IDRAC remote board Firmware and BIOS for secffme2.,Complaint,Loki,Loki,Avengers,Service B,High,Medium,High,On Hold,Critical,2025-02-12T11:22:43.000000,Wednesday,,,5
CHG-0000144,Install rsync on twgmmp01.,Complaint,Jack Sparrow,Jack Sparrow,Matrix,Service C,Medium,High,Low,Closed,High,2025-02-12T06:45:02.000000,Wednesday,2025-02-12T10:45:02.000000,2025-02-12T14:45:02.000000,5
CHG-0000145,Install httpd-tools on edge proxy nodes.,Network,Loki,Loki,Avengers,Service C,Medium,Low,Low,Closed,Critical,2025-02-12T18:27:14.000000,Wednesday,2025-02-13T00:27:14.000000,2025-02-13T03:27:14.000000,1
CHG-0000146,Updating the IDRAC remote board Firmware and BIOS for secffme2.,Facilities,Captain America,Captain America,Avengers,Service D,Medium,Low,High,Closed,Medium,2025-02-13T17:43:32.000000,Thursday,2025-02-13T20:43:32.000000,2025-02-14T17:43:32.000000,5
CHG-0000147,"Server BIOS updates across remote virtual VM hosts (RESFFM01, SECFFM01).",Access,Spiderman,Spiderman,Avengers II,Service D,Low,Low,Low,Closed,Medium,2025-02-13T12:16:55.000000,Thursday,2025-02-13T20:16:55.000000,2025-02-15T01:16:55.000000,5
CHG-0000148,UC4 Agent Installation on gcetcami001.,Data,Spiderman,Spiderman,Avengers II,Service A,High,High,High,In Progress,High,2025-02-14T02:37:00.000000,Friday,2025-02-14T09:37:00.000000,,1
CHG-0000149,UC4 Agent Installation on gcetcami001.,Facilities,Neo,Neo,Matrix,Service E,High,Medium,Medium,Closed,Medium,2025-02-14T17:18:52.000000,Friday,2025-02-14T20:18:52.000000,2025-02-15T04:18:52.000000,2
CHG-0000150,SSL certificate renewal for SWS corporate web hosting final access gateways.,Failure,Loki,Loki,Avengers,Service E,High,Medium,Low,On Hold,High,2025-02-15T11:40:55.000000,Saturday,,,2
CHG-0000151,Firewall rule onboarding for external SaaS applications via Palo Alto setup.,Data,Captain America,Captain America,Avengers,Service D,Low,High,Medium,Closed,Medium,2025-02-15T04:13:00.000000,Saturday,2025-02-15T11:13:00.000000,2025-02-16T19:13:00.000000,5
CHG-0000152,Update the IDRAC remote board Firmware and BIOS for secklb01.,Access,Captain Marvel,Captain Marvel,Avengers II,Service A,Low,Low,Low,Closed,Medium,2025-02-15T05:52:50.000000,Saturday,2025-02-15T07:52:50.000000,2025-02-15T10:52:50.000000,2
CHG-0000153,"Resize virtual storage for CoreTxx_PROD database (95,38% full).",Failure,Captain America,Captain America,Avengers,Service C,Medium,Low,Low,Closed,Medium,2025-02-15T09:47:58.000000,Saturday,2025-02-15T14:47:58.000000,2025-02-16T11:47:58.000000,1
CHG-0000154,Updating the IDRAC remote board Firmware and BIOS for secffme2.,Software,Loki,Loki,Avengers,Service A,Low,High,Medium,Closed,High,2025-02-16T15:24:50.000000,Sunday,2025-02-16T20:24:50.000000,2025-02-17T07:24:50.000000,4
CHG-0000155,Emergency fall-back routing enabled for Redis cluster 6 under high throughput.,Access,Batman,Batman,Matrix,Service D,Low,Medium,Medium,Closed,High,2025-02-16T12:02:22.000000,Sunday,2025-02-16T15:02:22.000000,2025-02-17T17:02:22.000000,2
CHG-0000156,TAPs installation in IMK productive connections for work order #REQ0157356.,Facilities,Captain America,Captain America,Avengers,Service C,Low,Medium,Medium,Closed,High,2025-02-16T14:44:05.000000,Sunday,2025-02-16T20:44:05.000000,2025-02-17T21:44:05.000000,2
CHG-0000157,Certificate renewal for Avatar PROD environment 2026 - (VAA-Threat Application).,Data,Neo,Neo,Matrix,Service D,Medium,High,Medium,Closed,High,2025-02-16T22:59:07.000000,Sunday,2025-02-17T05:59:07.000000,2025-02-18T02:59:07.000000,4
CHG-0000158,Switchport configuration for targeted hosts to enhance authentication mechanisms.,Complaint,John Cena,John Cena,Matrix,Service C,High,Medium,Low,Closed,Medium,2025-02-16T12:09:15.000000,Sunday,2025-02-16T14:09:15.000000,2025-02-17T14:09:15.000000,4
CHG-0000159,Restart tkmweb database servers after container update failure response.,Network,Neo,Neo,Matrix,Service E,High,High,Low,Closed,Medium,2025-02-17T01:03:57.000000,Monday,2025-02-17T07:03:57.000000,2025-02-18T05:03:57.000000,5
CHG-0000160,Execute systemctl daemon-reload on CSO VM (PROD).,Facilities,Thor,Thor,Avengers,Service C,Low,Medium,Medium,Closed,Medium,2025-02-17T04:06:55.000000,Monday,2025-02-17T08:06:55.000000,2025-02-18T20:06:55.000000,1
CHG-0000161,Case 65943239: Upgrade Ontap version to 9.14.1P12.,Complaint,Captain America,Captain America,Avengers,Service C,Medium,Medium,High,Closed,Critical,2025-02-17T06:28:58.000000,Monday,2025-02-17T12:28:58.000000,2025-02-18T03:28:58.000000,4
CHG-0000162,Adjust Volume changes incompatible fixes mid-stage (handling-/handoff migration).,Failure,John Cena,John Cena,Matrix,Service B,Low,High,Medium,Closed,Medium,2025-02-17T18:52:03.000000,Monday,2025-02-17T21:52:03.000000,2025-02-18T13:52:03.000000,2
CHG-0000163,Update IDRAC remote board Firmware and BIOS for forffm71.,Data,Spiderman,Spiderman,Avengers II,Service D,Low,High,Medium,Closed,Medium,2025-02-17T05:14:34.000000,Monday,2025-02-17T10:14:34.000000,2025-02-18T18:14:34.000000,2
CHG-0000164,TAPs installation in IMK productive connections for work order #REQ0157356.,Network,Hulk,Hulk,Avengers,Service E,High,Medium,Medium,New,Medium,2025-02-18T08:23:54.000000,Tuesday,,,5
CHG-0000165,Replace legacy switches with modern devices in Market Data Environment.,Data,Captain Marvel,Captain Marvel,Avengers II,Service B,Medium,High,High,Closed,Medium,2025-02-18T18:10:45.000000,Tuesday,2025-02-19T02:10:45.000000,2025-02-19T09:10:45.000000,1
CHG-0000166,ACI switchports configuration for work orders #REQ0155328 #REQ0147118 #REQ0152855.,Software,Spiderman,Spiderman,Avengers II,Service C,Medium,Low,Low,Closed,Low,2025-02-18T01:10:49.000000,Tuesday,2025-02-18T03:10:49.000000,2025-02-18T16:10:49.000000,1
CHG-0000167,VUL-NET: Critical Juniper network patch for external office gateways.,Facilities,Hulk,Hulk,Avengers,Service C,Medium,High,Medium,Closed,High,2025-02-18T23:51:07.000000,Tuesday,2025-02-19T04:51:07.000000,2025-02-19T06:51:07.000000,4
CHG-0000168,Install Redis cluster monitoring tools in shard servers.,Data,Hulk,Hulk,Avengers,Service D,Low,Medium,Low,Closed,Medium,2025-02-19T17:46:37.000000,Wednesday,2025-02-19T21:46:37.000000,2025-02-20T00:46:37.000000,0
CHG-0000169,Switchport configuration for targeted hosts to enhance authentication mechanisms.,Data,John Wick,John Wick,Matrix,Service A,High,Medium,Medium,Closed,Medium,2025-02-19T05:27:39.000000,Wednesday,2025-02-19T07:27:39.000000,2025-02-20T06:27:39.000000,2
CHG-0000170,Remote board SSL Cert renewal for anysgp15 & anysgp14.,Network,Iron Man,Iron Man,Avengers,Service C,High,High,Low,Closed,Medium,2025-02-19T19:04:07.000000,Wednesday,2025-02-19T22:04:07.000000,2025-02-20T07:04:07.000000,2
CHG-0000171,Increase VM capacity for ongoing AI processing workload.,Facilities,Shang Chi,Shang Chi,Avengers II,Service B,Low,Medium,Medium,New,Low,2025-02-20T08:56:40.000000,Thursday,,,3
CHG-0000172,Update IDRAC board for core cluster PROD servers.,Network,Captain America,Captain America,Avengers,Service B,Medium,Low,High,New,Low,2025-02-20T14:15:02.000000,Thursday,,,0
CHG-0000173,Certificate adjustments for new virtual database pipelines.,Facilities,Iron Man,Iron Man,Avengers,Service A,Medium,Low,High,Closed,Low,2025-02-21T10:30:31.000000,Friday,2025-02-21T16:30:31.000000,2025-02-23T01:30:31.000000,0
CHG-0000174,Firewall optimization for edge routing performance post DR testing.,Access,Thor,Thor,Avengers,Service E,Low,Low,Low,Closed,Medium,2025-02-21T00:00:08.000000,Friday,2025-02-21T08:00:08.000000,2025-02-22T15:00:08.000000,1
CHG-0000175,Certificate renewal Digital Banking on PROD environment 2026.,Failure,Hulk,Hulk,Avengers,Service A,High,Low,Medium,Closed,Medium,2025-02-21T10:56:35.000000,Friday,2025-02-21T15:56:35.000000,2025-02-22T07:56:35.000000,0
CHG-0000176,Reverse fallback isolation plan post-Palo Alto Prisma failure.,Network,Neo,Neo,Matrix,Service A,High,High,High,New,Medium,2025-02-21T14:40:21.000000,Friday,,,2
CHG-0000177,UC4 Agent Installation on gcetcami001.,Failure,Doctor Strange,Doctor Strange,Avengers II,Service A,Low,Low,Medium,Closed,Medium,2025-02-21T16:22:19.000000,Friday,2025-02-22T00:22:19.000000,2025-02-22T23:22:19.000000,0
CHG-0000178,Update IDRAC board for core cluster PROD servers.,Facilities,John Cena,John Cena,Matrix,Service C,High,Medium,Low,Closed,Critical,2025-02-22T18:35:32.000000,Saturday,2025-02-22T22:35:32.000000,2025-02-24T04:35:32.000000,3
CHG-0000179,Execute systemctl daemon-reload on CSO VM (PROD).,Network,Loki,Loki,Avengers,Service D,Low,Low,Low,Closed,High,2025-02-23T07:41:13.000000,Sunday,2025-02-23T10:41:13.000000,2025-02-24T18:41:13.000000,0
CHG-0000180,Switchport configuration for targeted hosts to enhance authentication mechanisms.,Network,Shang Chi,Shang Chi,Avengers II,Service C,High,High,Low,Closed,High,2025-02-23T09:48:57.000000,Sunday,2025-02-23T14:48:57.000000,2025-02-24T14:48:57.000000,4
CHG-0000181,"Server BIOS updates across remote virtual VM hosts (RESFFM01, SECFFM01).",Access,Captain America,Captain America,Avengers,Service D,High,High,Low,On Hold,Low,2025-02-23T06:06:05.000000,Sunday,,,2
CHG-0000182,Request for temporary access rights on Finance application Web UI.,Network,Hulk,Hulk,Avengers,Service A,Medium,Low,Medium,Closed,Medium,2025-02-24T22:20:08.000000,Monday,2025-02-25T03:20:08.000000,2025-02-25T08:20:08.000000,0
CHG-0000183,Restart tkmdbp01 of configuration change took longer than expected.,Software,Iron Man,Iron Man,Avengers,Service E,Medium,High,High,Closed,Medium,2025-02-24T14:28:44.000000,Monday,2025-02-24T20:28:44.000000,2025-02-25T00:28:44.000000,3
CHG-0000184,VUL-NET: Critical Juniper network patch for external office gateways.,Network,Thor,Thor,Avengers,Service B,High,High,High,Closed,High,2025-02-25T04:49:49.000000,Tuesday,2025-02-25T12:49:49.000000,2025-02-26T22:49:49.000000,1
CHG-0000185,Certificate update for Office 365 external access via Global Protect Gateways.,Network,Neo,Neo,Matrix,Service A,High,Low,High,Closed,Medium,2025-02-25T17:02:50.000000,Tuesday,2025-02-25T20:02:50.000000,2025-02-26T23:02:50.000000,3
CHG-0000186,Database configuration check for performance improvements in PROD systems.,Access,Loki,Loki,Avengers,Service E,Low,Low,High,Closed,Medium,2025-02-25T10:36:08.000000,Tuesday,2025-02-25T18:36:08.000000,2025-02-26T02:36:08.000000,1
CHG-0000187,Request for temporary access rights on Finance application Web UI.,Data,Batman,Batman,Matrix,Service D,Medium,High,Low,Closed,Critical,2025-02-25T11:21:40.000000,Tuesday,2025-02-25T13:21:40.000000,2025-02-26T21:21:40.000000,1
CHG-0000188,Install rsync on twgmmp01.,Access,Captain America,Captain America,Avengers,Service E,Low,Medium,Medium,Closed,Medium,2025-02-25T06:57:32.000000,Tuesday,2025-02-25T13:57:32.000000,2025-02-26T06:57:32.000000,5
CHG-0000189,Switchport configuration for targeted hosts to enhance authentication mechanisms.,Access,Iron Man,Iron Man,Avengers,Service E,Low,High,Medium,Closed,Medium,2025-02-26T09:31:44.000000,Wednesday,2025-02-26T16:31:44.000000,2025-02-27T16:31:44.000000,0
CHG-0000190,Restart tkmweb database servers after container update failure response.,Network,Doctor Strange,Doctor Strange,Avengers II,Service A,High,High,High,Closed,Low,2025-02-26T19:15:47.000000,Wednesday,2025-02-27T00:15:47.000000,2025-02-27T05:15:47.000000,3
CHG-0000191,Execute hardening measures for SQL server instances post security audit.,Data,Hulk,Hulk,Avengers,Service B,Medium,Medium,High,Closed,Medium,2025-02-26T02:34:46.000000,Wednesday,2025-02-26T05:34:46.000000,2025-02-26T11:34:46.000000,2
CHG-0000192,VUL-NET: Critical Juniper network patch for external office gateways.,Network,Iron Man,Iron Man,Avengers,Service C,Low,High,High,Closed,Medium,2025-02-26T22:05:46.000000,Wednesday,2025-02-27T06:05:46.000000,2025-02-27T22:05:46.000000,1
CHG-0000193,Firewall subnet allocation and access provisioning for KL office gateway.,Access,Shang Chi,Shang Chi,Avengers II,Service C,High,Low,Medium,Closed,Critical,2025-02-27T19:51:33.000000,Thursday,2025-02-28T03:51:33.000000,2025-03-01T00:51:33.000000,1
CHG-0000194,Certificate renewal for cloud-hosted services 2026.,Complaint,Spiderman,Spiderman,Avengers II,Service C,Medium,Low,Low,Closed,High,2025-02-27T06:11:12.000000,Thursday,2025-02-27T13:11:12.000000,2025-02-28T04:11:12.000000,4
CHG-0000195,New IP subnet & access point testing for KL relocation project.,Data,Neo,Neo,Matrix,Service D,Medium,High,Low,Closed,Medium,2025-02-27T22:49:32.000000,Thursday,2025-02-28T03:49:32.000000,2025-03-01T03:49:32.000000,0
CHG-0000196,VUL-NET: Critical Juniper network patch for external office gateways.,Facilities,Doctor Strange,Doctor Strange,Avengers II,Service D,Medium,Medium,Medium,Closed,High,2025-02-27T11:13:59.000000,Thursday,2025-02-27T15:13:59.000000,2025-02-27T22:13:59.000000,2
CHG-0000197,Password reset request for disabled accounts in non-prod systems.,Failure,Hulk,Hulk,Avengers,Service C,High,Low,High,Closed,Medium,2025-02-27T11:57:19.000000,Thursday,2025-02-27T19:57:19.000000,2025-02-28T10:57:19.000000,3
CHG-0000198,Certificate renewal for Avatar PROD environment 2026 - (VAA-Threat Application).,Data,Hulk,Hulk,Avengers,Service A,Medium,Low,Low,Closed,Critical,2025-02-28T15:03:48.000000,Friday,2025-02-28T18:03:48.000000,2025-03-01T04:03:48.000000,2
CHG-0000199,Initiate scheduled SAN Storage Array node reboot to resolve high uptime issue.,Complaint,Loki,Loki,Avengers,Service C,Medium,Low,Low,On Hold,High,2025-02-28T17:43:58.000000,Friday,,,5
CHG-0000200,Execution of systemctl daemon-reload to patch Prod-CSO VM resiliency.,Facilities,Shang Chi,Shang Chi,Avengers II,Service D,Medium,Low,Medium,Closed,Medium,2025-02-28T22:26:31.000000,Friday,2025-03-01T03:26:31.000000,2025-03-01T05:26:31.000000,3
CHG-0000201,Configuration changes for monitoring processors on Redis prototype servers.,Hardware,Hulk,Hulk,Avengers,Service E,Medium,Medium,Medium,Closed,Medium,2025-02-28T14:34:10.000000,Friday,2025-02-28T20:34:10.000000,2025-03-01T00:34:10.000000,5
CHG-0000202,"Server BIOS updates across remote virtual VM hosts (RESFFM01, SECFFM01).",Facilities,Captain America,Captain America,Avengers,Service C,Medium,Low,High,Closed,Medium,2025-03-01T16:15:52.000000,Saturday,2025-03-01T19:15:52.000000,2025-03-02T03:15:52.000000,3
CHG-0000203,"VUL-NET: Cisco Wireless IOS-XE Software Update for WLC9800 | Jugoslavska, CZ (PRA06).",Access,Thor,Thor,Avengers,Service D,Medium,Medium,Medium,Closed,Low,2025-03-01T10:43:45.000000,Saturday,2025-03-01T18:43:45.000000,2025-03-01T22:43:45.000000,0
CHG-0000204,Grant access to crontab for ta2twga on twgmmp01.zit.commerzbank.com.,Data,Captain Marvel,Captain Marvel,Avengers II,Service E,High,Medium,High,Closed,High,2025-03-02T17:40:17.000000,Sunday,2025-03-02T21:40:17.000000,2025-03-03T19:40:17.000000,1
CHG-0000205,Certificate renewal request for high-availability environment 2026.,Data,Thor,Thor,Avengers,Service B,Low,High,High,Closed,Medium,2025-03-02T18:52:33.000000,Sunday,2025-03-02T22:52:33.000000,2025-03-04T00:52:33.000000,5
CHG-0000206,Install httpd-tools on edge proxy nodes.,Complaint,Neo,Neo,Matrix,Service B,Low,Medium,Medium,Closed,Critical,2025-03-02T13:49:48.000000,Sunday,2025-03-02T21:49:48.000000,2025-03-04T09:49:48.000000,1
CHG-0000207,"VUL-NET: Apply Cisco IOS Software Update for routers at PRA, SHA, and TOK sites.",Failure,Batman,Batman,Matrix,Service B,High,Low,Medium,Closed,High,2025-03-02T17:38:39.000000,Sunday,2025-03-02T23:38:39.000000,2025-03-03T14:38:39.000000,1
CHG-0000208,Updating the IDRAC remote board Firmware and BIOS for sonklb31.,Hardware,Captain America,Captain America,Avengers,Service E,Medium,High,High,New,Medium,2025-03-02T11:30:18.000000,Sunday,,,0
CHG-0000209,Install Redis cluster monitoring tools in shard servers.,Network,Loki,Loki,Avengers,Service B,Low,Medium,Medium,Closed,High,2025-03-03T03:57:09.000000,Monday,2025-03-03T05:57:09.000000,2025-03-04T09:57:09.000000,1
CHG-0000210,Install httpd-tools on edge proxy nodes.,Software,John Wick,John Wick,Matrix,Service A,Medium,High,Low,Closed,High,2025-03-03T20:42:09.000000,Monday,2025-03-04T01:42:09.000000,2025-03-04T15:42:09.000000,4
CHG-0000211,Enable database backups at sv273046 for production environment.,Facilities,Captain America,Captain America,Avengers,Service A,Low,High,Low,Closed,Medium,2025-03-03T01:09:44.000000,Monday,2025-03-03T08:09:44.000000,2025-03-04T15:09:44.000000,5
CHG-0000212,Reverse fallback isolation plan post-Palo Alto Prisma failure.,Hardware,John Cena,John Cena,Matrix,Service B,Medium,Medium,Medium,Closed,Critical,2025-03-04T04:02:26.000000,Tuesday,2025-03-04T08:02:26.000000,2025-03-05T17:02:26.000000,3
CHG-0000213,Execute hardening measures for SQL server instances post security audit.,Failure,Loki,Loki,Avengers,Service A,High,Low,Medium,Closed,Medium,2025-03-05T16:14:28.000000,Wednesday,2025-03-05T19:14:28.000000,2025-03-06T11:14:28.000000,2
CHG-0000214,Certificate renewal for Avatar development environment - Cloud Integration Testing Area.,Hardware,John Cena,John Cena,Matrix,Service C,High,Medium,Medium,Closed,High,2025-03-05T06:43:13.000000,Wednesday,2025-03-05T14:43:13.000000,2025-03-06T07:43:13.000000,1
CHG-0000215,Install Redis cluster monitoring tools in shard servers.,Hardware,Shang Chi,Shang Chi,Avengers II,Service C,High,High,Medium,Closed,Medium,2025-03-05T21:30:19.000000,Wednesday,2025-03-06T01:30:19.000000,2025-03-07T05:30:19.000000,4
CHG-0000216,Subnet migration alignment to cater towards hybrid env-discoveries (Prepare Step ongoing).,Facilities,Captain Marvel,Captain Marvel,Avengers II,Service B,Medium,Low,Low,On Hold,Medium,2025-03-06T04:22:57.000000,Thursday,,,3
CHG-0000217,Update from RHEL8.9 to RHEL8.10 on database workloads (non-prod).,Data,Neo,Neo,Matrix,Service A,High,High,Low,Closed,Medium,2025-03-06T03:22:09.000000,Thursday,2025-03-06T11:22:09.000000,2025-03-07T11:22:09.000000,5
CHG-0000218,Adjust Volume changes incompatible fixes mid-stage (handling-/handoff migration).,Hardware,Shang Chi,Shang Chi,Avengers II,Service D,High,Medium,Medium,Closed,Critical,2025-03-06T14:07:12.000000,Thursday,2025-03-06T22:07:12.000000,2025-03-07T16:07:12.000000,3
CHG-0000219,Provision new storage array in EU data center for increased redundancy.,Data,Spiderman,Spiderman,Avengers II,Service C,Medium,Low,High,Closed,Critical,2025-03-06T09:55:32.000000,Thursday,2025-03-06T14:55:32.000000,2025-03-07T04:55:32.000000,0
CHG-0000220,Certificate update for Palo Alto gatekeeping subnet for KL relocation network.,Complaint,Iron Man,Iron Man,Avengers,Service D,High,Medium,Low,Closed,Medium,2025-03-06T22:58:26.000000,Thursday,2025-03-07T03:58:26.000000,2025-03-07T07:58:26.000000,0
CHG-0000221,Firewall subnet allocation and access provisioning for KL office gateway.,Facilities,Hulk,Hulk,Avengers,Service E,High,High,Low,Closed,Medium,2025-03-07T06:05:03.000000,Friday,2025-03-07T13:05:03.000000,2025-03-07T22:05:03.000000,4
CHG-0000222,Update the IDRAC remote board Firmware and BIOS for secklb01.,Complaint,Captain America,Captain America,Avengers,Service E,High,Medium,High,Closed,High,2025-03-07T10:56:24.000000,Friday,2025-03-07T14:56:24.000000,2025-03-07T17:56:24.000000,0
CHG-0000223,Certificate renewal request for high-availability environment 2026.,Hardware,Iron Man,Iron Man,Avengers,Service C,Low,High,Medium,Closed,Medium,2025-03-07T05:13:37.000000,Friday,2025-03-07T09:13:37.000000,2025-03-07T15:13:37.000000,4
CHG-0000224,Increase VM capacity for ongoing AI processing workload.,Network,Hulk,Hulk,Avengers,Service C,High,Low,High,New,Medium,2025-03-07T01:53:22.000000,Friday,,,1
CHG-0000225,Test external web proxy configurations on development servers.,Hardware,Hulk,Hulk,Avengers,Service C,Medium,High,Medium,Closed,Medium,2025-03-07T01:54:44.000000,Friday,2025-03-07T03:54:44.000000,2025-03-07T17:54:44.000000,4
CHG-0000226,Grant access for backup recovery on production machine nodes in DR locations.,Failure,Loki,Loki,Avengers,Service B,High,High,Low,Closed,Medium,2025-03-08T20:08:38.000000,Saturday,2025-03-08T23:08:38.000000,2025-03-10T06:08:38.000000,4
CHG-0000227,Online Banking external CB-APP onboarding on Radware On-prem environment.,Software,Loki,Loki,Avengers,Service A,Medium,High,High,Closed,Medium,2025-03-08T19:07:12.000000,Saturday,2025-03-08T21:07:12.000000,2025-03-09T18:07:12.000000,4
CHG-0000228,Firewall optimization for edge routing performance post DR testing.,Failure,Doctor Strange,Doctor Strange,Avengers II,Service E,High,High,Medium,Closed,Medium,2025-03-08T18:53:03.000000,Saturday,2025-03-09T02:53:03.000000,2025-03-10T01:53:03.000000,4
CHG-0000229,UC4 Agent Installation on gcetcami001.,Complaint,Loki,Loki,Avengers,Service A,Medium,High,High,Closed,Medium,2025-03-09T20:55:24.000000,Sunday,2025-03-09T22:55:24.000000,2025-03-10T01:55:24.000000,2
CHG-0000230,Certificate renewal request for high-availability environment 2026.,Network,John Wick,John Wick,Matrix,Service A,Medium,High,Low,Closed,High,2025-03-09T00:26:05.000000,Sunday,2025-03-09T04:26:05.000000,2025-03-09T10:26:05.000000,2
CHG-0000231,Adjust Volume changes incompatible fixes mid-stage (handling-/handoff migration).,Hardware,Thor,Thor,Avengers,Service C,Medium,High,Medium,Closed,Medium,2025-03-10T14:03:29.000000,Monday,2025-03-10T21:03:29.000000,2025-03-11T23:03:29.000000,5
CHG-0000232,Update the IDRAC remote board Firmware and BIOS for secklb01.,Network,Shang Chi,Shang Chi,Avengers II,Service C,Low,High,High,Closed,Medium,2025-03-10T14:18:37.000000,Monday,2025-03-10T22:18:37.000000,2025-03-11T11:18:37.000000,2
CHG-0000233,Enable additional remote IPV6 routing for Japanese production systems.,Data,Loki,Loki,Avengers,Service A,Low,Medium,Medium,Closed,Medium,2025-03-11T02:51:42.000000,Tuesday,2025-03-11T09:51:42.000000,2025-03-12T16:51:42.000000,3
CHG-0000234,Updating the IDRAC remote board Firmware and BIOS for sonklb31.,Hardware,Doctor Strange,Doctor Strange,Avengers II,Service D,Low,Low,High,Closed,High,2025-03-12T21:02:11.000000,Wednesday,2025-03-13T02:02:11.000000,2025-03-14T12:02:11.000000,2
CHG-0000235,Provision new storage array in EU data center for increased redundancy.,Complaint,Thor,Thor,Avengers,Service C,High,Low,Low,Closed,Medium,2025-03-12T07:49:14.000000,Wednesday,2025-03-12T09:49:14.000000,2025-03-13T08:49:14.000000,1
CHG-0000236,Reverse fallback isolation plan post-Palo Alto Prisma failure.,Software,Neo,Neo,Matrix,Service B,Low,Medium,Medium,Closed,High,2025-03-13T12:31:33.000000,Thursday,2025-03-13T17:31:33.000000,2025-03-14T16:31:33.000000,4
CHG-0000237,Restart tkmweb database servers after container update failure response.,Facilities,John Cena,John Cena,Matrix,Service A,Medium,Low,Medium,Closed,Low,2025-03-14T11:22:14.000000,Friday,2025-03-14T14:22:14.000000,2025-03-15T16:22:14.000000,0
CHG-0000238,Certificate renewal for Avatar development environment - Cloud Integration Testing Area.,Access,Captain America,Captain America,Avengers,Service A,Medium,Medium,Medium,Closed,Medium,2025-03-14T01:16:45.000000,Friday,2025-03-14T03:16:45.000000,2025-03-15T13:16:45.000000,3
CHG-0000239,Enable database backups at sv273046 for production environment.,Complaint,Doctor Strange,Doctor Strange,Avengers II,Service E,High,Low,High,Closed,Medium,2025-03-14T06:50:18.000000,Friday,2025-03-14T11:50:18.000000,2025-03-15T18:50:18.000000,5
CHG-0000240,UC4 Agent Installation on gcetcami001.,Data,Batman,Batman,Matrix,Service B,High,Low,Medium,Closed,Low,2025-03-14T22:23:02.000000,Friday,2025-03-15T02:23:02.000000,2025-03-15T21:23:02.000000,1
CHG-0000241,Grant access for backup recovery on production machine nodes in DR locations.,Access,Hulk,Hulk,Avengers,Service C,Low,Low,Medium,Closed,Medium,2025-03-15T16:05:01.000000,Saturday,2025-03-15T19:05:01.000000,2025-03-17T03:05:01.000000,5
CHG-0000242,VUL-NET: Critical Juniper network patch for external office gateways.,Data,Captain Marvel,Captain Marvel,Avengers II,Service C,High,Low,Medium,Closed,High,2025-03-16T06:27:04.000000,Sunday,2025-03-16T12:27:04.000000,2025-03-17T15:27:04.000000,2
CHG-0000243,Execution of systemctl daemon-reload to patch Prod-CSO VM resiliency.,Network,Spiderman,Spiderman,Avengers II,Service A,Low,Medium,Low,New,Medium,2025-03-16T19:19:43.000000,Sunday,,,5
CHG-0000244,Switchport configuration for targeted hosts to enhance authentication mechanisms.,Network,Hulk,Hulk,Avengers,Service C,Medium,Low,Medium,Closed,Medium,2025-03-17T04:23:49.000000,Monday,2025-03-17T09:23:49.000000,2025-03-18T10:23:49.000000,2
CHG-0000245,UC4 Agent Installation on gcetcami001.,Data,Shang Chi,Shang Chi,Avengers II,Service E,Medium,Medium,Low,Closed,Medium,2025-03-17T22:20:13.000000,Monday,2025-03-18T00:20:13.000000,2025-03-19T11:20:13.000000,1
CHG-0000246,Patch network appliances for compliance with wireless protocols.,Software,John Wick,John Wick,Matrix,Service C,Low,High,High,Closed,Medium,2025-03-17T16:05:36.000000,Monday,2025-03-17T23:05:36.000000,2025-03-18T13:05:36.000000,4
CHG-0000247,Certificate renewal for Avatar development environment - Cloud Integration Testing Area.,Failure,Thor,Thor,Avengers,Service A,Medium,High,Medium,New,Low,2025-03-17T11:50:54.000000,Monday,,,4
CHG-0000248,Patch remote job runner script dependencies for IMK analytics platform.,Access,Iron Man,Iron Man,Avengers,Service D,Low,High,Low,Closed,Medium,2025-03-18T16:53:19.000000,Tuesday,2025-03-18T22:53:19.000000,2025-03-20T02:53:19.000000,2
CHG-0000249,Complete SSL foundation checks for project-focused data endpoints.,Complaint,Iron Man,Iron Man,Avengers,Service E,Low,Low,Medium,Closed,Medium,2025-03-18T01:15:27.000000,Tuesday,2025-03-18T09:15:27.000000,2025-03-19T06:15:27.000000,0
CHG-0000250,ACI switchports configuration for work orders #REQ0155328 #REQ0147118 #REQ0152855.,Software,Captain America,Captain America,Avengers,Service E,Low,Low,Medium,Closed,Medium,2025-03-18T07:53:48.000000,Tuesday,2025-03-18T10:53:48.000000,2025-03-19T13:53:48.000000,0
CHG-0000251,Certificate update for Office 365 external access via Global Protect Gateways.,Access,Captain Marvel,Captain Marvel,Avengers II,Service E,High,Low,Medium,Closed,Medium,2025-03-18T12:05:15.000000,Tuesday,2025-03-18T19:05:15.000000,2025-03-18T22:05:15.000000,2
CHG-0000252,Certificate update for Office 365 external access via Global Protect Gateways.,Complaint,Batman,Batman,Matrix,Service E,Low,High,High,Closed,Medium,2025-03-19T21:21:43.000000,Wednesday,2025-03-20T04:21:43.000000,2025-03-21T01:21:43.000000,4
CHG-0000253,Setup additional SAML authentication nodes in DMZ environment.,Network,Iron Man,Iron Man,Avengers,Service A,Low,Low,High,Closed,Medium,2025-03-19T04:54:07.000000,Wednesday,2025-03-19T12:54:07.000000,2025-03-19T18:54:07.000000,1
CHG-0000254,Case 65943239: Upgrade Ontap version to 9.14.1P12.,Complaint,Loki,Loki,Avengers,Service D,High,High,Low,Closed,Medium,2025-03-20T04:10:11.000000,Thursday,2025-03-20T07:10:11.000000,2025-03-20T09:10:11.000000,1
CHG-0000255,SSL certificate renewal for SWS corporate web hosting final access gateways.,Access,Captain America,Captain America,Avengers,Service E,Low,Medium,Medium,Closed,Critical,2025-03-20T10:29:24.000000,Thursday,2025-03-20T18:29:24.000000,2025-03-21T22:29:24.000000,4
CHG-0000256,Certificate renewal for cloud-hosted services 2026.,Software,Loki,Loki,Avengers,Service D,High,Medium,High,Closed,High,2025-03-20T02:21:15.000000,Thursday,2025-03-20T09:21:15.000000,2025-03-20T18:21:15.000000,1
CHG-0000257,Updating the IDRAC remote board Firmware and BIOS for secffme2.,Complaint,Iron Man,Iron Man,Avengers,Service A,High,Medium,High,In Progress,Critical,2025-03-20T14:04:35.000000,Thursday,2025-03-20T22:04:35.000000,,5
CHG-0000258,"Server BIOS updates across remote virtual VM hosts (RESFFM01, SECFFM01).",Facilities,Thor,Thor,Avengers,Service C,Medium,Medium,Low,Closed,Medium,2025-03-20T07:50:20.000000,Thursday,2025-03-20T13:50:20.000000,2025-03-20T18:50:20.000000,2
CHG-0000259,Password reset request for disabled accounts in non-prod systems.,Facilities,John Cena,John Cena,Matrix,Service C,High,High,High,Closed,High,2025-03-21T18:05:35.000000,Friday,2025-03-22T02:05:35.000000,2025-03-23T00:05:35.000000,1
CHG-0000260,Remote board SSL Cert renewal for anysgp15 & anysgp14.,Access,Loki,Loki,Avengers,Service D,Low,Medium,High,Closed,High,2025-03-21T09:46:02.000000,Friday,2025-03-21T13:46:02.000000,2025-03-22T10:46:02.000000,1
CHG-0000261,Execution of systemctl daemon-reload to patch Prod-CSO VM resiliency.,Access,Iron Man,Iron Man,Avengers,Service B,High,Medium,Low,Closed,High,2025-03-22T11:54:53.000000,Saturday,2025-03-22T13:54:53.000000,2025-03-23T00:54:53.000000,1
CHG-0000262,Certificate renewal for cloud-hosted services 2026.,Data,Loki,Loki,Avengers,Service A,Low,High,Medium,Closed,Medium,2025-03-22T10:16:20.000000,Saturday,2025-03-22T13:16:20.000000,2025-03-23T06:16:20.000000,1
CHG-0000263,Reverse fallback isolation plan post-Palo Alto Prisma failure.,Data,Shang Chi,Shang Chi,Avengers II,Service C,High,Low,Medium,Closed,Low,2025-03-22T17:01:23.000000,Saturday,2025-03-23T01:01:23.000000,2025-03-23T10:01:23.000000,3
CHG-0000264,Setup additional SAML authentication nodes in DMZ environment.,Complaint,Captain America,Captain America,Avengers,Service B,High,Medium,Medium,In Progress,Low,2025-03-22T10:05:10.000000,Saturday,2025-03-22T12:05:10.000000,,0
CHG-0000265,Expand edge metrics transitioning through Palo FLEX Zeon tiers vs EU roots.,Data,Neo,Neo,Matrix,Service A,Low,High,High,Closed,High,2025-03-23T22:28:45.000000,Sunday,2025-03-24T02:28:45.000000,2025-03-24T06:28:45.000000,1
CHG-0000266,Case 65943239: Upgrade Ontap version to 9.14.1P12.,Hardware,Iron Man,Iron Man,Avengers,Service D,Medium,High,Medium,Closed,Medium,2025-03-23T07:54:55.000000,Sunday,2025-03-23T13:54:55.000000,2025-03-25T00:54:55.000000,5
CHG-0000267,Provision new storage array in EU data center for increased redundancy.,Failure,Batman,Batman,Matrix,Service E,Low,Low,Medium,Closed,Medium,2025-03-23T07:03:04.000000,Sunday,2025-03-23T11:03:04.000000,2025-03-24T13:03:04.000000,4
CHG-0000268,Update the IDRAC remote board Firmware and BIOS for secklb01.,Complaint,Spiderman,Spiderman,Avengers II,Service E,Low,Low,Medium,Closed,Low,2025-03-24T23:06:57.000000,Monday,2025-03-25T04:06:57.000000,2025-03-25T19:06:57.000000,1
CHG-0000269,Certificate renewal request for high-availability environment 2026.,Failure,Shang Chi,Shang Chi,Avengers II,Service C,Medium,Low,Low,Closed,Medium,2025-03-24T08:28:42.000000,Monday,2025-03-24T15:28:42.000000,2025-03-25T00:28:42.000000,5
CHG-0000270,Certificate adjustments for new virtual database pipelines.,Access,Iron Man,Iron Man,Avengers,Service C,Low,Low,Medium,Closed,High,2025-03-24T15:52:50.000000,Monday,2025-03-24T21:52:50.000000,2025-03-25T12:52:50.000000,3
CHG-0000271,Complete SSL foundation checks for project-focused data endpoints.,Failure,Captain America,Captain America,Avengers,Service B,Low,Medium,Low,Closed,Medium,2025-03-25T23:12:54.000000,Tuesday,2025-03-26T02:12:54.000000,2025-03-26T19:12:54.000000,5
CHG-0000272,Execute systemctl daemon-reload on CSO VM (PROD).,Facilities,Captain America,Captain America,Avengers,Service D,Low,High,Medium,Closed,Medium,2025-03-26T18:50:23.000000,Wednesday,2025-03-26T22:50:23.000000,2025-03-27T00:50:23.000000,3
CHG-0000273,Grant access to crontab for ta2twga on twgmmp01.zit.commerzbank.com.,Network,Captain America,Captain America,Avengers,Service A,Low,Low,High,Closed,Medium,2025-03-26T02:59:45.000000,Wednesday,2025-03-26T04:59:45.000000,2025-03-27T11:59:45.000000,3
CHG-0000274,Update IDRAC remote board Firmware and BIOS for forffm71.,Failure,Spiderman,Spiderman,Avengers II,Service C,Medium,Medium,Medium,In Progress,High,2025-03-27T01:38:37.000000,Thursday,2025-03-27T03:38:37.000000,,2
CHG-0000275,Install rsync on twgmmp01.,Access,Loki,Loki,Avengers,Service A,High,High,Medium,Closed,Medium,2025-03-27T08:34:43.000000,Thursday,2025-03-27T10:34:43.000000,2025-03-28T18:34:43.000000,3
CHG-0000276,Certificate adjustments for new virtual database pipelines.,Software,Doctor Strange,Doctor Strange,Avengers II,Service A,High,Low,Medium,Closed,High,2025-03-27T11:22:01.000000,Thursday,2025-03-27T16:22:01.000000,2025-03-28T08:22:01.000000,2
CHG-0000277,Certificate renewal request for high-availability environment 2026.,Facilities,Shang Chi,Shang Chi,Avengers II,Service E,Medium,High,Medium,Closed,Medium,2025-03-27T17:03:19.000000,Thursday,2025-03-27T19:03:19.000000,2025-03-29T03:03:19.000000,4
CHG-0000278,Switchport configuration for targeted hosts to enhance authentication mechanisms.,Failure,Batman,Batman,Matrix,Service E,High,Low,Low,Closed,High,2025-03-27T17:54:28.000000,Thursday,2025-03-27T23:54:28.000000,2025-03-28T09:54:28.000000,2
CHG-0000279,Emergency fall-back routing enabled for Redis cluster 6 under high throughput.,Facilities,Doctor Strange,Doctor Strange,Avengers II,Service E,Medium,Low,Medium,Closed,High,2025-03-28T04:42:08.000000,Friday,2025-03-28T09:42:08.000000,2025-03-28T11:42:08.000000,0
CHG-0000280,Update IDRAC remote board Firmware and BIOS for forffm71.,Hardware,Thor,Thor,Avengers,Service E,Low,High,Medium,Closed,Medium,2025-03-28T07:17:38.000000,Friday,2025-03-28T09:17:38.000000,2025-03-28T17:17:38.000000,3
CHG-0000281,Test external web proxy configurations on development servers.,Network,Iron Man,Iron Man,Avengers,Service D,Low,High,Low,Closed,Medium,2025-03-28T03:43:54.000000,Friday,2025-03-28T06:43:54.000000,2025-03-29T10:43:54.000000,1
CHG-0000282,Certificate update for Palo Alto gatekeeping subnet for KL relocation network.,Facilities,Hulk,Hulk,Avengers,Service E,High,Medium,Low,Closed,Medium,2025-03-28T18:59:09.000000,Friday,2025-03-28T21:59:09.000000,2025-03-30T00:59:09.000000,4
CHG-0000283,Patch network appliances for compliance with wireless protocols.,Software,Iron Man,Iron Man,Avengers,Service C,Medium,Medium,High,Closed,Medium,2025-03-29T01:38:08.000000,Saturday,2025-03-29T09:38:08.000000,2025-03-29T20:38:08.000000,0
CHG-0000284,Grant access for backup recovery on production machine nodes in DR locations.,Software,Spiderman,Spiderman,Avengers II,Service E,High,Medium,Low,Closed,Medium,2025-03-30T00:04:05.000000,Sunday,2025-03-30T02:04:05.000000,2025-03-30T20:04:05.000000,4
CHG-0000285,ACI switchports configuration for work orders #REQ0155328 #REQ0147118 #REQ0152855.,Access,Shang Chi,Shang Chi,Avengers II,Service A,Medium,Low,Medium,Closed,High,2025-03-31T20:13:20.000000,Monday,2025-04-01T03:13:20.000000,2025-04-01T22:13:20.000000,5
CHG-0000286,UC4 Agent Installation on gcetcami001.,Failure,Captain Marvel,Captain Marvel,Avengers II,Service B,High,Medium,Medium,Closed,Medium,2025-03-31T23:29:48.000000,Monday,2025-04-01T03:29:48.000000,2025-04-01T06:29:48.000000,5
CHG-0000287,Certificate renewal for Avatar development environment - Cloud Integration Testing Area.,Access,Thor,Thor,Avengers,Service E,Medium,Low,Medium,Closed,Critical,2025-04-01T02:20:08.000000,Tuesday,2025-04-01T09:20:08.000000,2025-04-01T13:20:08.000000,2
CHG-0000288,Subnet migration alignment to cater towards hybrid env-discoveries (Prepare Step ongoing).,Hardware,Thor,Thor,Avengers,Service D,Medium,Medium,Low,Closed,Medium,2025-04-01T19:44:20.000000,Tuesday,2025-04-02T03:44:20.000000,2025-04-03T02:44:20.000000,2
CHG-0000289,Updating the IDRAC remote board Firmware and BIOS for secffme2.,Complaint,Captain Marvel,Captain Marvel,Avengers II,Service D,Medium,Medium,High,Closed,High,2025-04-02T19:48:02.000000,Wednesday,2025-04-02T21:48:02.000000,2025-04-04T02:48:02.000000,3
CHG-0000290,Execute hardening measures for SQL server instances post security audit.,Complaint,Iron Man,Iron Man,Avengers,Service E,Medium,Medium,Low,Closed,Medium,2025-04-02T16:36:03.000000,Wednesday,2025-04-02T23:36:03.000000,2025-04-04T00:36:03.000000,1
CHG-0000291,Firewall configuration changes for disaster recovery validation testing.,Data,John Wick,John Wick,Matrix,Service A,High,Low,Medium,Closed,Medium,2025-04-03T23:04:42.000000,Thursday,2025-04-04T02:04:42.000000,2025-04-04T07:04:42.000000,2
CHG-0000292,Install Redis cluster monitoring tools in shard servers.,Access,Hulk,Hulk,Avengers,Service B,Medium,Low,Low,New,Medium,2025-04-03T10:30:44.000000,Thursday,,,2
CHG-0000293,Install httpd-tools on twgmmp01.zit.commerzbank.com.,Network,Captain America,Captain America,Avengers,Service E,High,High,Medium,Closed,Medium,2025-04-03T19:45:54.000000,Thursday,2025-04-04T02:45:54.000000,2025-04-05T14:45:54.000000,3
CHG-0000294,Enable database backups at sv273046 for production environment.,Network,Captain Marvel,Captain Marvel,Avengers II,Service D,Low,High,Low,Closed,Medium,2025-04-03T02:03:38.000000,Thursday,2025-04-03T09:03:38.000000,2025-04-04T03:03:38.000000,5
CHG-0000295,Firewall configuration changes for disaster recovery validation testing.,Software,John Cena,John Cena,Matrix,Service A,Low,High,Low,Closed,Medium,2025-04-04T07:39:08.000000,Friday,2025-04-04T09:39:08.000000,2025-04-05T16:39:08.000000,1
CHG-0000296,Reverse fallback isolation plan post-Palo Alto Prisma failure.,Software,Batman,Batman,Matrix,Service C,Low,High,Medium,Closed,Medium,2025-04-04T20:50:44.000000,Friday,2025-04-05T03:50:44.000000,2025-04-05T19:50:44.000000,3
CHG-0000297,Deploy ACL rules for high-priority Office 365 tenants across European zones.,Failure,Iron Man,Iron Man,Avengers,Service E,Low,High,Low,Closed,High,2025-04-04T09:00:56.000000,Friday,2025-04-04T11:00:56.000000,2025-04-05T03:00:56.000000,2
CHG-0000298,Remote board SSL Cert renewal for anysgp15 & anysgp14.,Access,Thor,Thor,Avengers,Service B,Low,High,Low,Closed,High,2025-04-04T05:58:57.000000,Friday,2025-04-04T09:58:57.000000,2025-04-04T20:58:57.000000,0
CHG-0000299,Subnet migration alignment to cater towards hybrid env-discoveries (Prepare Step ongoing).,Facilities,Captain Marvel,Captain Marvel,Avengers II,Service B,High,Low,High,Closed,Medium,2025-04-04T04:28:19.000000,Friday,2025-04-04T08:28:19.000000,2025-04-05T20:28:19.000000,0
CHG-0000300,Restart tkmdbp01 of configuration change took longer than expected.,Software,Captain Marvel,Captain Marvel,Avengers II,Service A,High,Low,Low,Closed,Medium,2025-04-05T18:15:14.000000,Saturday,2025-04-06T01:15:14.000000,2025-04-07T12:15:14.000000,4
CHG-0000301,Update IDRAC remote board Firmware and BIOS for forffm71.,Network,Iron Man,Iron Man,Avengers,Service E,Medium,Low,High,Closed,Low,2025-04-05T12:48:28.000000,Saturday,2025-04-05T17:48:28.000000,2025-04-07T05:48:28.000000,4
CHG-0000302,Execute systemctl daemon-reload on CSO VM (PROD).,Failure,Thor,Thor,Avengers,Service E,Low,Low,High,Closed,Medium,2025-04-06T14:47:56.000000,Sunday,2025-04-06T16:47:56.000000,2025-04-07T09:47:56.000000,2
CHG-0000303,"Remote board SSL Cert renewal for ressgpe0 , ressgpe1 , secsgpe0 & secsgpe1.",Access,Shang Chi,Shang Chi,Avengers II,Service D,Low,High,High,Closed,Low,2025-04-06T12:41:30.000000,Sunday,2025-04-06T16:41:30.000000,2025-04-07T18:41:30.000000,2
CHG-0000304,Install Redis cluster monitoring tools in shard servers.,Network,Loki,Loki,Avengers,Service A,Medium,Low,Low,Closed,Critical,2025-04-06T19:40:10.000000,Sunday,2025-04-07T02:40:10.000000,2025-04-07T17:40:10.000000,2
CHG-0000305,Update from RHEL8.9 to RHEL8.10 on database workloads (non-prod).,Software,Shang Chi,Shang Chi,Avengers II,Service B,Low,High,High,Closed,Critical,2025-04-07T10:44:57.000000,Monday,2025-04-07T17:44:57.000000,2025-04-08T21:44:57.000000,3
CHG-0000306,Online Banking external CB-APP onboarding on Radware On-prem environment.,Software,Thor,Thor,Avengers,Service E,High,Medium,High,Closed,Medium,2025-04-07T03:57:21.000000,Monday,2025-04-07T10:57:21.000000,2025-04-08T21:57:21.000000,2
CHG-0000307,Online Banking external CB-APP onboarding on Radware On-prem environment.,Network,Iron Man,Iron Man,Avengers,Service C,Medium,High,Low,Closed,High,2025-04-08T08:41:00.000000,Tuesday,2025-04-08T14:41:00.000000,2025-04-09T10:41:00.000000,5
CHG-0000308,Patch remote job runner script dependencies for IMK analytics platform.,Facilities,John Cena,John Cena,Matrix,Service C,Low,Low,High,Closed,Low,2025-04-08T08:15:05.000000,Tuesday,2025-04-08T13:15:05.000000,2025-04-09T08:15:05.000000,5
CHG-0000309,Grant access for backup recovery on production machine nodes in DR locations.,Facilities,Hulk,Hulk,Avengers,Service C,Medium,High,Medium,Closed,Low,2025-04-08T11:54:36.000000,Tuesday,2025-04-08T14:54:36.000000,2025-04-09T09:54:36.000000,3
CHG-0000310,"Resize virtual storage for CoreTxx_PROD database (95,38% full).",Facilities,John Cena,John Cena,Matrix,Service C,High,High,Low,Closed,Medium,2025-04-08T12:41:04.000000,Tuesday,2025-04-08T17:41:04.000000,2025-04-10T01:41:04.000000,4
CHG-0000311,Install Redis cluster monitoring tools in shard servers.,Complaint,Batman,Batman,Matrix,Service C,Medium,Medium,Low,Closed,High,2025-04-09T06:24:17.000000,Wednesday,2025-04-09T14:24:17.000000,2025-04-11T01:24:17.000000,4
CHG-0000312,Execution of systemctl daemon-reload to patch Prod-CSO VM resiliency.,Failure,Shang Chi,Shang Chi,Avengers II,Service D,High,High,Low,New,Medium,2025-04-10T07:07:39.000000,Thursday,,,2
CHG-0000313,Firewall optimization for edge routing performance post DR testing.,Network,Captain Marvel,Captain Marvel,Avengers II,Service A,High,High,Medium,Closed,Medium,2025-04-10T19:13:24.000000,Thursday,2025-04-11T00:13:24.000000,2025-04-11T06:13:24.000000,0
CHG-0000314,Test external web proxy configurations on development servers.,Facilities,Iron Man,Iron Man,Avengers,Service B,Low,Medium,Low,Closed,Medium,2025-04-11T02:37:24.000000,Friday,2025-04-11T06:37:24.000000,2025-04-11T20:37:24.000000,2
CHG-0000315,Grant access for backup recovery on production machine nodes in DR locations.,Hardware,Thor,Thor,Avengers,Service B,High,Low,High,Closed,Medium,2025-04-11T01:25:05.000000,Friday,2025-04-11T08:25:05.000000,2025-04-11T12:25:05.000000,2
CHG-0000316,Install httpd-tools on twgmmp01.zit.commerzbank.com.,Software,John Wick,John Wick,Matrix,Service D,Low,Low,High,New,Low,2025-04-12T20:03:25.000000,Saturday,,,4
CHG-0000317,New IP subnet & access point testing for KL relocation project.,Hardware,Thor,Thor,Avengers,Service A,High,Low,Low,Closed,Low,2025-04-12T21:13:02.000000,Saturday,2025-04-13T00:13:02.000000,2025-04-13T21:13:02.000000,5
CHG-0000318,Patch network appliances for compliance with wireless protocols.,Software,Thor,Thor,Avengers,Service B,High,Medium,Medium,In Progress,Medium,2025-04-12T21:02:29.000000,Saturday,2025-04-13T00:02:29.000000,,2
CHG-0000319,Setup additional SAML authentication nodes in DMZ environment.,Data,Loki,Loki,Avengers,Service B,Low,Medium,High,In Progress,High,2025-04-13T18:42:41.000000,Sunday,2025-04-14T00:42:41.000000,,4
CHG-0000320,"Resize virtual storage for CoreTxx_PROD database (95,38% full).",Software,Hulk,Hulk,Avengers,Service D,High,Low,Medium,Closed,Medium,2025-04-13T10:53:12.000000,Sunday,2025-04-13T18:53:12.000000,2025-04-15T02:53:12.000000,1
CHG-0000321,Complete SSL foundation checks for project-focused data endpoints.,Software,Thor,Thor,Avengers,Service C,Medium,Medium,High,Closed,Low,2025-04-13T05:52:21.000000,Sunday,2025-04-13T12:52:21.000000,2025-04-14T10:52:21.000000,1
CHG-0000322,Provision new storage array in EU data center for increased redundancy.,Access,Captain America,Captain America,Avengers,Service A,Low,Low,Medium,Closed,Medium,2025-04-14T03:45:36.000000,Monday,2025-04-14T09:45:36.000000,2025-04-15T14:45:36.000000,1
CHG-0000323,Setup additional SAML authentication nodes in DMZ environment.,Hardware,Loki,Loki,Avengers,Service B,Medium,Medium,Low,Closed,High,2025-04-15T20:25:24.000000,Tuesday,2025-04-16T00:25:24.000000,2025-04-16T05:25:24.000000,3
CHG-0000324,Update from RHEL8.9 to RHEL8.10 on database workloads (non-prod).,Complaint,Doctor Strange,Doctor Strange,Avengers II,Service A,High,Medium,Low,Closed,High,2025-04-15T18:44:10.000000,Tuesday,2025-04-16T01:44:10.000000,2025-04-17T11:44:10.000000,3
CHG-0000325,Patch remote job runner script dependencies for IMK analytics platform.,Complaint,Thor,Thor,Avengers,Service B,High,Medium,High,Closed,Medium,2025-04-16T10:55:34.000000,Wednesday,2025-04-16T13:55:34.000000,2025-04-17T15:55:34.000000,4
CHG-0000326,Certificate renewal for Avatar PROD environment 2026 - (VAA-Threat Application).,Access,Loki,Loki,Avengers,Service B,Low,High,High,Closed,Medium,2025-04-16T11:36:04.000000,Wednesday,2025-04-16T13:36:04.000000,2025-04-16T17:36:04.000000,5
CHG-0000327,Case 65943239: Upgrade Ontap version to 9.14.1P12.,Hardware,Loki,Loki,Avengers,Service C,High,Medium,Medium,Closed,High,2025-04-16T16:13:57.000000,Wednesday,2025-04-16T18:13:57.000000,2025-04-18T06:13:57.000000,3
CHG-0000328,Firewall optimization for edge routing performance post DR testing.,Facilities,Captain Marvel,Captain Marvel,Avengers II,Service E,High,Low,High,Closed,Medium,2025-04-16T18:13:11.000000,Wednesday,2025-04-16T23:13:11.000000,2025-04-18T07:13:11.000000,2
CHG-0000329,Reverse fallback isolation plan post-Palo Alto Prisma failure.,Failure,Iron Man,Iron Man,Avengers,Service E,Low,Low,Low,Closed,Medium,2025-04-16T22:51:36.000000,Wednesday,2025-04-17T02:51:36.000000,2025-04-18T04:51:36.000000,2
CHG-0000330,Restart tkmweb database servers after container update failure response.,Data,Neo,Neo,Matrix,Service C,Low,High,Medium,In Progress,Critical,2025-04-17T17:54:35.000000,Thursday,2025-04-17T19:54:35.000000,,0
CHG-0000331,Database configuration check for performance improvements in PROD systems.,Data,John Wick,John Wick,Matrix,Service C,Low,High,Low,Closed,High,2025-04-17T03:41:45.000000,Thursday,2025-04-17T06:41:45.000000,2025-04-18T17:41:45.000000,0
CHG-0000332,Reverse fallback isolation plan post-Palo Alto Prisma failure.,Facilities,Neo,Neo,Matrix,Service D,High,High,Low,Closed,Low,2025-04-18T02:32:54.000000,Friday,2025-04-18T05:32:54.000000,2025-04-18T14:32:54.000000,5
CHG-0000333,Certificate adjustments for new virtual database pipelines.,Failure,Hulk,Hulk,Avengers,Service D,Medium,Low,High,Closed,High,2025-04-18T14:31:38.000000,Friday,2025-04-18T18:31:38.000000,2025-04-19T09:31:38.000000,0
CHG-0000334,Firewall configuration changes for disaster recovery validation testing.,Failure,Neo,Neo,Matrix,Service E,High,Low,Low,On Hold,High,2025-04-18T12:51:57.000000,Friday,,,2
CHG-0000335,Update the IDRAC remote board Firmware and BIOS for secklb01.,Software,Captain America,Captain America,Avengers,Service C,High,High,Medium,Closed,Medium,2025-04-19T09:48:47.000000,Saturday,2025-04-19T16:48:47.000000,2025-04-20T20:48:47.000000,5
CHG-0000336,Emergency fall-back routing enabled for Redis cluster 6 under high throughput.,Network,Iron Man,Iron Man,Avengers,Service D,High,Low,Medium,Closed,Medium,2025-04-19T09:43:27.000000,Saturday,2025-04-19T17:43:27.000000,2025-04-20T13:43:27.000000,3
CHG-0000337,Grant access to crontab for ta2twga on twgmmp01.zit.commerzbank.com.,Access,Thor,Thor,Avengers,Service E,High,Medium,Low,Closed,Medium,2025-04-20T00:21:31.000000,Sunday,2025-04-20T06:21:31.000000,2025-04-21T16:21:31.000000,2
CHG-0000338,Setup additional SAML authentication nodes in DMZ environment.,Facilities,Captain Marvel,Captain Marvel,Avengers II,Service D,Medium,Medium,Medium,Closed,Medium,2025-04-20T06:50:24.000000,Sunday,2025-04-20T09:50:24.000000,2025-04-20T18:50:24.000000,3
CHG-0000339,Certificate update for Palo Alto gatekeeping subnet for KL relocation network.,Complaint,Captain America,Captain America,Avengers,Service A,Low,High,Low,Closed,High,2025-04-20T19:04:42.000000,Sunday,2025-04-20T21:04:42.000000,2025-04-22T00:04:42.000000,4
CHG-0000340,Database configuration check for performance improvements in PROD systems.,Complaint,Captain America,Captain America,Avengers,Service D,Low,Low,High,Closed,Medium,2025-04-20T10:55:01.000000,Sunday,2025-04-20T14:55:01.000000,2025-04-21T11:55:01.000000,1
CHG-0000341,ACI switchports configuration for work orders #REQ0155328 #REQ0147118 #REQ0152855.,Software,Captain Marvel,Captain Marvel,Avengers II,Service A,Low,Low,High,New,Critical,2025-04-20T15:08:25.000000,Sunday,,,2
CHG-0000342,Certificate adjustments for new virtual database pipelines.,Failure,Hulk,Hulk,Avengers,Service E,Medium,High,Low,Closed,High,2025-04-21T16:20:33.000000,Monday,2025-04-21T22:20:33.000000,2025-04-22T21:20:33.000000,1
CHG-0000343,"Remote board SSL Cert renewal for ressgpe0 , ressgpe1 , secsgpe0 & secsgpe1.",Access,Thor,Thor,Avengers,Service D,Medium,High,High,New,Critical,2025-04-21T00:09:36.000000,Monday,,,3
CHG-0000344,Grant access to crontab for ta2twga on twgmmp01.zit.commerzbank.com.,Software,Thor,Thor,Avengers,Service C,Medium,Low,Low,Closed,Medium,2025-04-21T11:35:46.000000,Monday,2025-04-21T17:35:46.000000,2025-04-22T07:35:46.000000,2
CHG-0000345,Password reset request for disabled accounts in non-prod systems.,Hardware,Loki,Loki,Avengers,Service B,High,Low,Medium,Closed,Medium,2025-04-21T05:49:02.000000,Monday,2025-04-21T13:49:02.000000,2025-04-22T01:49:02.000000,2
CHG-0000346,"Resize virtual storage for CoreTxx_PROD database (95,38% full).",Software,Captain Marvel,Captain Marvel,Avengers II,Service B,High,Low,Medium,Closed,Low,2025-04-21T10:55:27.000000,Monday,2025-04-21T15:55:27.000000,2025-04-21T20:55:27.000000,3
CHG-0000347,Increase VM capacity for ongoing AI processing workload.,Failure,Thor,Thor,Avengers,Service E,Low,Medium,Low,Closed,High,2025-04-22T17:44:51.000000,Tuesday,2025-04-22T19:44:51.000000,2025-04-22T23:44:51.000000,3
CHG-0000348,"Resize virtual storage for CoreTxx_PROD database (95,38% full).",Data,Iron Man,Iron Man,Avengers,Service C,High,High,High,On Hold,Low,2025-04-22T18:41:24.000000,Tuesday,,,4
CHG-0000349,Updating the IDRAC remote board Firmware and BIOS for timffm21.,Complaint,Thor,Thor,Avengers,Service A,High,Low,High,New,Critical,2025-04-22T22:03:42.000000,Tuesday,,,3
CHG-0000350,Online Banking external CB-APP onboarding on Radware On-prem environment.,Complaint,Doctor Strange,Doctor Strange,Avengers II,Service E,High,Medium,Medium,Closed,Critical,2025-04-23T05:04:52.000000,Wednesday,2025-04-23T11:04:52.000000,2025-04-23T20:04:52.000000,5
CHG-0000351,Emergency fall-back routing enabled for Redis cluster 6 under high throughput.,Facilities,Shang Chi,Shang Chi,Avengers II,Service A,Low,High,High,Closed,Critical,2025-04-23T03:23:28.000000,Wednesday,2025-04-23T08:23:28.000000,2025-04-23T16:23:28.000000,2
CHG-0000352,ACI switchports configuration for work orders #REQ0155328 #REQ0147118 #REQ0152855.,Access,Shang Chi,Shang Chi,Avengers II,Service B,High,High,High,Closed,High,2025-04-24T23:00:47.000000,Thursday,2025-04-25T05:00:47.000000,2025-04-25T21:00:47.000000,2
CHG-0000353,Enable additional remote IPV6 routing for Japanese production systems.,Hardware,John Cena,John Cena,Matrix,Service D,Medium,Low,High,Closed,Medium,2025-04-24T13:15:10.000000,Thursday,2025-04-24T20:15:10.000000,2025-04-25T11:15:10.000000,1
CHG-0000354,Restart tkmdbp01 of configuration change took longer than expected.,Failure,Spiderman,Spiderman,Avengers II,Service A,High,Medium,Low,Closed,High,2025-04-24T14:59:43.000000,Thursday,2025-04-24T17:59:43.000000,2025-04-25T07:59:43.000000,3
CHG-0000355,Execution of systemctl daemon-reload to patch Prod-CSO VM resiliency.,Failure,John Wick,John Wick,Matrix,Service D,Medium,Low,Low,Closed,Critical,2025-04-24T09:24:13.000000,Thursday,2025-04-24T16:24:13.000000,2025-04-26T00:24:13.000000,5
CHG-0000356,Install system monitoring scripts on AWS-hosted general-purpose non-prod servers.,Data,Doctor Strange,Doctor Strange,Avengers II,Service A,Medium,Medium,Medium,New,Low,2025-04-25T17:52:01.000000,Friday,,,5
CHG-0000357,Update IDRAC board for core cluster PROD servers.,Complaint,Batman,Batman,Matrix,Service B,Medium,Low,Medium,On Hold,Medium,2025-04-25T11:05:30.000000,Friday,,,1
CHG-0000358,Execute hardening measures for SQL server instances post security audit.,Complaint,Jack Sparrow,Jack Sparrow,Matrix,Service D,Low,High,Medium,Closed,High,2025-04-25T23:00:03.000000,Friday,2025-04-26T01:00:03.000000,2025-04-26T20:00:03.000000,2
CHG-0000359,Restart tkmdbp01 of configuration change took longer than expected.,Hardware,Captain Marvel,Captain Marvel,Avengers II,Service E,Medium,Low,High,Closed,Low,2025-04-26T22:21:15.000000,Saturday,2025-04-27T06:21:15.000000,2025-04-28T06:21:15.000000,3
CHG-0000360,"Resize virtual storage for CoreTxx_PROD database (95,38% full).",Data,Captain America,Captain America,Avengers,Service A,High,High,Medium,Closed,Medium,2025-04-26T04:51:51.000000,Saturday,2025-04-26T11:51:51.000000,2025-04-26T18:51:51.000000,0
CHG-0000361,Execute systemctl daemon-reload on CSO VM (PROD).,Software,Spiderman,Spiderman,Avengers II,Service D,High,Low,High,In Progress,Medium,2025-04-27T03:02:24.000000,Sunday,2025-04-27T08:02:24.000000,,1
CHG-0000362,Install httpd-tools on twgmmp01.zit.commerzbank.com.,Complaint,Doctor Strange,Doctor Strange,Avengers II,Service B,Low,Medium,High,Closed,High,2025-04-27T05:06:49.000000,Sunday,2025-04-27T07:06:49.000000,2025-04-27T10:06:49.000000,5
CHG-0000363,Update from RHEL8.9 to RHEL8.10 on database workloads (non-prod).,Complaint,Captain America,Captain America,Avengers,Service A,Low,Medium,Medium,Closed,Medium,2025-04-28T08:53:32.000000,Monday,2025-04-28T11:53:32.000000,2025-04-29T11:53:32.000000,3
CHG-0000364,Enable database backups at sv273046 for production environment.,Failure,Iron Man,Iron Man,Avengers,Service D,Medium,High,Low,On Hold,Low,2025-04-28T11:47:14.000000,Monday,,,1
CHG-0000365,Password reset request for disabled accounts in non-prod systems.,Hardware,Batman,Batman,Matrix,Service B,High,Low,Medium,Closed,Medium,2025-04-28T17:52:26.000000,Monday,2025-04-29T00:52:26.000000,2025-04-29T19:52:26.000000,4
CHG-0000366,Restart tkmdbp01 of configuration change took longer than expected.,Failure,Thor,Thor,Avengers,Service E,Medium,Medium,High,Closed,Medium,2025-04-28T10:12:41.000000,Monday,2025-04-28T13:12:41.000000,2025-04-29T11:12:41.000000,0
CHG-0000367,TAPs installation in IMK productive connections for work order #REQ0157356.,Facilities,Captain America,Captain America,Avengers,Service B,Medium,High,Low,New,Medium,2025-04-28T21:03:38.000000,Monday,,,5
CHG-0000368,"VUL-NET: Cisco Wireless IOS-XE Software Update for WLC9800 | Jugoslavska, CZ (PRA06).",Data,Jack Sparrow,Jack Sparrow,Matrix,Service A,Medium,Low,High,Closed,Low,2025-04-29T01:46:52.000000,Tuesday,2025-04-29T04:46:52.000000,2025-04-29T13:46:52.000000,5
CHG-0000369,Emergency fall-back routing enabled for Redis cluster 6 under high throughput.,Network,Loki,Loki,Avengers,Service E,Low,Low,Low,Closed,Medium,2025-04-29T09:14:38.000000,Tuesday,2025-04-29T15:14:38.000000,2025-04-30T12:14:38.000000,1
CHG-0000370,Execution of systemctl daemon-reload to patch Prod-CSO VM resiliency.,Failure,Jack Sparrow,Jack Sparrow,Matrix,Service D,Low,High,High,Closed,High,2025-04-29T13:47:07.000000,Tuesday,2025-04-29T21:47:07.000000,2025-04-30T01:47:07.000000,2
CHG-0000371,Patch network appliances for compliance with wireless protocols.,Software,Shang Chi,Shang Chi,Avengers II,Service E,Low,High,Medium,Closed,Medium,2025-04-29T05:51:20.000000,Tuesday,2025-04-29T09:51:20.000000,2025-04-29T19:51:20.000000,0
CHG-0000372,"VUL-NET: Apply Cisco IOS Software Update for routers at PRA, SHA, and TOK sites.",Access,Spiderman,Spiderman,Avengers II,Service E,High,Medium,Low,Closed,High,2025-04-30T22:34:01.000000,Wednesday,2025-05-01T01:34:01.000000,2025-05-01T04:34:01.000000,4
CHG-0000373,Request for temporary access rights on Finance application Web UI.,Access,Iron Man,Iron Man,Avengers,Service D,Medium,Low,Medium,New,High,2025-04-30T11:32:53.000000,Wednesday,,,4
CHG-0000374,Certificate renewal Digital Banking on PROD environment 2026.,Complaint,John Wick,John Wick,Matrix,Service A,Medium,High,Medium,Closed,Medium,2025-04-30T20:18:29.000000,Wednesday,2025-05-01T00:18:29.000000,2025-05-01T17:18:29.000000,3
CHG-0000375,"Server BIOS updates across remote virtual VM hosts (RESFFM01, SECFFM01).",Network,Iron Man,Iron Man,Avengers,Service A,Low,High,High,In Progress,Low,2025-04-30T19:34:14.000000,Wednesday,2025-04-30T21:34:14.000000,,1
CHG-0000376,UC4 Agent Installation on gcetcami001.,Software,Captain Marvel,Captain Marvel,Avengers II,Service D,Low,High,Low,Closed,Low,2025-05-01T08:24:49.000000,Thursday,2025-05-01T12:24:49.000000,2025-05-02T08:24:49.000000,3
CHG-0000377,Increase VM capacity for ongoing AI processing workload.,Facilities,Neo,Neo,Matrix,Service E,High,Low,High,Closed,Medium,2025-05-02T09:45:09.000000,Friday,2025-05-02T16:45:09.000000,2025-05-03T07:45:09.000000,2
CHG-0000378,Replace legacy switches with modern devices in Market Data Environment.,Access,Loki,Loki,Avengers,Service A,High,Medium,Medium,Closed,Medium,2025-05-02T11:38:51.000000,Friday,2025-05-02T19:38:51.000000,2025-05-03T10:38:51.000000,2
CHG-0000379,Update from RHEL8.9 to RHEL8.10 on database workloads (non-prod).,Data,Shang Chi,Shang Chi,Avengers II,Service E,Medium,High,High,On Hold,High,2025-05-03T04:03:04.000000,Saturday,,,5
CHG-0000380,Certificate renewal request for high-availability environment 2026.,Access,Thor,Thor,Avengers,Service A,Low,Low,Medium,Closed,Medium,2025-05-03T06:29:40.000000,Saturday,2025-05-03T12:29:40.000000,2025-05-04T21:29:40.000000,3
CHG-0000381,Switchport configuration for targeted hosts to enhance authentication mechanisms.,Software,Spiderman,Spiderman,Avengers II,Service D,Low,High,Medium,Closed,Medium,2025-05-04T14:03:08.000000,Sunday,2025-05-04T19:03:08.000000,2025-05-05T10:03:08.000000,3
CHG-0000382,Patch network appliances for compliance with wireless protocols.,Hardware,Spiderman,Spiderman,Avengers II,Service E,Medium,High,Low,Closed,Medium,2025-05-04T08:39:01.000000,Sunday,2025-05-04T10:39:01.000000,2025-05-05T20:39:01.000000,1
CHG-0000383,Test external web proxy configurations on development servers.,Access,Captain Marvel,Captain Marvel,Avengers II,Service A,Low,Medium,Medium,Closed,Medium,2025-05-05T00:42:50.000000,Monday,2025-05-05T07:42:50.000000,2025-05-06T16:42:50.000000,0
CHG-0000384,"Server BIOS updates across remote virtual VM hosts (RESFFM01, SECFFM01).",Facilities,Shang Chi,Shang Chi,Avengers II,Service E,High,Low,Low,Closed,Medium,2025-05-06T11:12:09.000000,Tuesday,2025-05-06T18:12:09.000000,2025-05-07T10:12:09.000000,0
CHG-0000385,Online Banking external CB-APP onboarding on Radware On-prem environment.,Failure,Batman,Batman,Matrix,Service B,High,Low,High,New,Medium,2025-05-07T17:08:19.000000,Wednesday,,,1
CHG-0000386,Install system monitoring scripts on AWS-hosted general-purpose non-prod servers.,Software,Thor,Thor,Avengers,Service D,Low,High,Medium,New,Critical,2025-05-07T04:09:52.000000,Wednesday,,,1
CHG-0000387,Restart tkmweb database servers after container update failure response.,Failure,Jack Sparrow,Jack Sparrow,Matrix,Service C,Low,Medium,High,Closed,Medium,2025-05-07T09:03:48.000000,Wednesday,2025-05-07T16:03:48.000000,2025-05-08T16:03:48.000000,1
CHG-0000388,Certificate update for Office 365 external access via Global Protect Gateways.,Access,Iron Man,Iron Man,Avengers,Service B,Medium,Low,High,Closed,Medium,2025-05-08T23:48:20.000000,Thursday,2025-05-09T02:48:20.000000,2025-05-09T09:48:20.000000,5
CHG-0000389,TAPs installation in IMK productive connections for work order #REQ0157356.,Failure,John Cena,John Cena,Matrix,Service A,High,High,High,Closed,High,2025-05-09T21:46:47.000000,Friday,2025-05-10T05:46:47.000000,2025-05-10T08:46:47.000000,5
CHG-0000390,Certificate update for Palo Alto gatekeeping subnet for KL relocation network.,Hardware,Iron Man,Iron Man,Avengers,Service B,Low,Medium,Low,Closed,Medium,2025-05-10T13:33:35.000000,Saturday,2025-05-10T16:33:35.000000,2025-05-10T21:33:35.000000,0
CHG-0000391,Restart tkmweb database servers after container update failure response.,Access,Neo,Neo,Matrix,Service B,Medium,Medium,High,Closed,Medium,2025-05-10T02:28:39.000000,Saturday,2025-05-10T07:28:39.000000,2025-05-10T19:28:39.000000,5
CHG-0000392,Certificate renewal Digital Banking on PROD environment 2026.,Network,Neo,Neo,Matrix,Service C,High,Medium,Low,Closed,Low,2025-05-10T00:56:38.000000,Saturday,2025-05-10T06:56:38.000000,2025-05-11T15:56:38.000000,1
CHG-0000393,Install httpd-tools on edge proxy nodes.,Access,Batman,Batman,Matrix,Service E,High,Medium,Low,Closed,High,2025-05-11T20:46:33.000000,Sunday,2025-05-11T23:46:33.000000,2025-05-12T03:46:33.000000,3
CHG-0000394,Updating the IDRAC remote board Firmware and BIOS for secffme2.,Software,Hulk,Hulk,Avengers,Service E,High,Medium,High,Closed,Medium,2025-05-12T23:06:37.000000,Monday,2025-05-13T05:06:37.000000,2025-05-13T07:06:37.000000,3
CHG-0000395,Online Banking external CB-APP onboarding on Radware On-prem environment.,Access,Captain Marvel,Captain Marvel,Avengers II,Service D,High,Medium,Low,Closed,High,2025-05-12T21:56:29.000000,Monday,2025-05-13T00:56:29.000000,2025-05-14T12:56:29.000000,2
CHG-0000396,Request for temporary access rights on Finance application Web UI.,Software,Neo,Neo,Matrix,Service B,Low,High,High,Closed,Low,2025-05-12T00:16:33.000000,Monday,2025-05-12T06:16:33.000000,2025-05-13T09:16:33.000000,3
CHG-0000397,Request for temporary access rights on Finance application Web UI.,Data,Captain America,Captain America,Avengers,Service E,High,Low,High,Closed,High,2025-05-13T06:26:58.000000,Tuesday,2025-05-13T09:26:58.000000,2025-05-14T02:26:58.000000,3
CHG-0000398,"VUL-NET: Apply Cisco IOS Software Update for routers at PRA, SHA, and TOK sites.",Hardware,Shang Chi,Shang Chi,Avengers II,Service C,Low,Medium,Low,Closed,Medium,2025-05-13T13:20:18.000000,Tuesday,2025-05-13T18:20:18.000000,2025-05-14T09:20:18.000000,1
CHG-0000399,Remote board SSL Cert renewal for anysgp15 & anysgp14.,Facilities,Hulk,Hulk,Avengers,Service B,Medium,Medium,Medium,Closed,Medium,2025-05-13T19:21:36.000000,Tuesday,2025-05-14T03:21:36.000000,2025-05-14T23:21:36.000000,0
CHG-0000400,Execute hardening measures for SQL server instances post security audit.,Access,Doctor Strange,Doctor Strange,Avengers II,Service D,High,Low,High,Closed,Medium,2025-05-13T19:42:10.000000,Tuesday,2025-05-13T23:42:10.000000,2025-05-14T11:42:10.000000,5
CHG-0000401,Subnet migration alignment to cater towards hybrid env-discoveries (Prepare Step ongoing).,Network,Thor,Thor,Avengers,Service B,Low,Medium,Low,On Hold,Medium,2025-05-13T03:57:45.000000,Tuesday,,,2
CHG-0000402,Update the IDRAC remote board Firmware and BIOS for secklb01.,Complaint,John Cena,John Cena,Matrix,Service D,Low,Low,Medium,Closed,High,2025-05-14T14:11:11.000000,Wednesday,2025-05-14T20:11:11.000000,2025-05-15T20:11:11.000000,1
CHG-0000403,Updating the IDRAC remote board Firmware and BIOS for timffm21.,Complaint,Loki,Loki,Avengers,Service B,Medium,Low,Low,Closed,Medium,2025-05-14T22:15:20.000000,Wednesday,2025-05-15T02:15:20.000000,2025-05-16T10:15:20.000000,2
CHG-0000404,Certificate renewal for Avatar PROD environment 2026 - (VAA-Threat Application).,Hardware,Doctor Strange,Doctor Strange,Avengers II,Service E,High,High,Low,On Hold,Medium,2025-05-14T19:15:08.000000,Wednesday,,,0
CHG-0000405,Patch remote job runner script dependencies for IMK analytics platform.,Hardware,Captain America,Captain America,Avengers,Service C,Medium,Medium,Medium,Closed,Medium,2025-05-14T16:18:06.000000,Wednesday,2025-05-14T20:18:06.000000,2025-05-15T22:18:06.000000,4
CHG-0000406,Patch network appliances for compliance with wireless protocols.,Access,Captain America,Captain America,Avengers,Service E,High,High,High,On Hold,Medium,2025-05-14T22:20:01.000000,Wednesday,,,5
CHG-0000407,Execute hardening measures for SQL server instances post security audit.,Facilities,Captain America,Captain America,Avengers,Service A,High,Medium,Medium,In Progress,Low,2025-05-15T00:58:18.000000,Thursday,2025-05-15T06:58:18.000000,,4
CHG-0000408,Certificate renewal for cloud-hosted services 2026.,Facilities,Batman,Batman,Matrix,Service D,High,Low,Low,Closed,Medium,2025-05-16T07:06:46.000000,Friday,2025-05-16T11:06:46.000000,2025-05-17T19:06:46.000000,4
CHG-0000409,Enable ADFS custom user provisioning profile upload validation.,Hardware,Neo,Neo,Matrix,Service A,High,High,Medium,Closed,Medium,2025-05-17T23:29:10.000000,Saturday,2025-05-18T06:29:10.000000,2025-05-18T08:29:10.000000,3
CHG-0000410,Database configuration check for performance improvements in PROD systems.,Software,Batman,Batman,Matrix,Service B,Medium,Medium,Medium,Closed,Medium,2025-05-17T20:31:29.000000,Saturday,2025-05-17T23:31:29.000000,2025-05-18T17:31:29.000000,0
CHG-0000411,Restart tkmdbp01 of configuration change took longer than expected.,Data,Loki,Loki,Avengers,Service E,Low,Medium,Low,Closed,High,2025-05-17T22:35:24.000000,Saturday,2025-05-18T04:35:24.000000,2025-05-19T01:35:24.000000,0
CHG-0000412,Password reset request for disabled accounts in non-prod systems.,Facilities,Captain Marvel,Captain Marvel,Avengers II,Service E,Low,Medium,Low,Closed,Critical,2025-05-17T08:41:16.000000,Saturday,2025-05-17T14:41:16.000000,2025-05-18T13:41:16.000000,2
CHG-0000413,Database configuration check for performance improvements in PROD systems.,Complaint,Hulk,Hulk,Avengers,Service A,Medium,Low,High,Closed,Medium,2025-05-17T19:52:55.000000,Saturday,2025-05-17T22:52:55.000000,2025-05-19T07:52:55.000000,5
CHG-0000414,Firewall configuration changes for disaster recovery validation testing.,Software,Shang Chi,Shang Chi,Avengers II,Service B,Low,High,Medium,Closed,High,2025-05-18T01:56:21.000000,Sunday,2025-05-18T05:56:21.000000,2025-05-19T15:56:21.000000,3
CHG-0000415,Online Banking external CB-APP onboarding on Radware On-prem environment.,Access,Iron Man,Iron Man,Avengers,Service E,Low,High,Medium,On Hold,Medium,2025-05-19T15:49:01.000000,Monday,,,4
CHG-0000416,Reverse fallback isolation plan post-Palo Alto Prisma failure.,Facilities,Iron Man,Iron Man,Avengers,Service C,Medium,High,Low,Closed,High,2025-05-19T03:44:17.000000,Monday,2025-05-19T05:44:17.000000,2025-05-20T11:44:17.000000,0
CHG-0000417,Emergency fall-back routing enabled for Redis cluster 6 under high throughput.,Software,Loki,Loki,Avengers,Service A,Low,High,Medium,Closed,Medium,2025-05-19T14:15:51.000000,Monday,2025-05-19T21:15:51.000000,2025-05-19T23:15:51.000000,5
CHG-0000418,"Server BIOS updates across remote virtual VM hosts (RESFFM01, SECFFM01).",Complaint,Thor,Thor,Avengers,Service E,Medium,Medium,Medium,Closed,Medium,2025-05-19T14:33:25.000000,Monday,2025-05-19T17:33:25.000000,2025-05-20T16:33:25.000000,2
CHG-0000419,UC4 Agent Installation on gcetcami001.,Network,Iron Man,Iron Man,Avengers,Service A,High,Medium,Low,Closed,High,2025-05-19T23:45:30.000000,Monday,2025-05-20T04:45:30.000000,2025-05-20T21:45:30.000000,3
CHG-0000420,Database configuration check for performance improvements in PROD systems.,Facilities,Shang Chi,Shang Chi,Avengers II,Service E,Medium,Medium,Low,Closed,High,2025-05-20T01:12:52.000000,Tuesday,2025-05-20T03:12:52.000000,2025-05-20T10:12:52.000000,5
CHG-0000421,Switchport configuration for targeted hosts to enhance authentication mechanisms.,Hardware,Captain Marvel,Captain Marvel,Avengers II,Service D,Low,High,Low,Closed,Medium,2025-05-21T03:35:41.000000,Wednesday,2025-05-21T06:35:41.000000,2025-05-21T09:35:41.000000,0
CHG-0000422,Grant access for backup recovery on production machine nodes in DR locations.,Access,Iron Man,Iron Man,Avengers,Service D,High,Low,High,Closed,High,2025-05-21T19:42:34.000000,Wednesday,2025-05-22T03:42:34.000000,2025-05-22T11:42:34.000000,1
CHG-0000423,Grant access to crontab for ta2twga on twgmmp01.zit.commerzbank.com.,Software,John Wick,John Wick,Matrix,Service D,High,Medium,Low,Closed,Medium,2025-05-21T18:25:36.000000,Wednesday,2025-05-21T23:25:36.000000,2025-05-22T09:25:36.000000,0
CHG-0000424,Software patch implementation targeting RHEL8.1 compatibility issues.,Access,Captain America,Captain America,Avengers,Service C,High,Medium,Low,Closed,Low,2025-05-21T21:55:01.000000,Wednesday,2025-05-22T04:55:01.000000,2025-05-22T22:55:01.000000,1
CHG-0000425,UC4 Agent Installation on gcetcami001.,Network,Iron Man,Iron Man,Avengers,Service C,High,High,High,New,Low,2025-05-21T21:01:24.000000,Wednesday,,,3
CHG-0000426,"Resize virtual storage for CoreTxx_PROD database (95,38% full).",Network,Iron Man,Iron Man,Avengers,Service C,Low,High,Low,Closed,High,2025-05-22T14:55:30.000000,Thursday,2025-05-22T21:55:30.000000,2025-05-24T05:55:30.000000,1
CHG-0000427,Firewall configuration changes for disaster recovery validation testing.,Facilities,Jack Sparrow,Jack Sparrow,Matrix,Service D,High,Medium,High,On Hold,High,2025-05-22T11:27:17.000000,Thursday,,,3
CHG-0000428,Replace legacy switches with modern devices in Market Data Environment.,Complaint,John Cena,John Cena,Matrix,Service E,Low,Medium,Low,New,Medium,2025-05-23T13:52:14.000000,Friday,,,5
CHG-0000429,Enable ADFS custom user provisioning profile upload validation.,Facilities,Batman,Batman,Matrix,Service A,High,High,Medium,Closed,High,2025-05-23T07:17:16.000000,Friday,2025-05-23T09:17:16.000000,2025-05-23T19:17:16.000000,4
CHG-0000430,Initiate scheduled SAN Storage Array node reboot to resolve high uptime issue.,Access,John Cena,John Cena,Matrix,Service C,High,Medium,Medium,Closed,Medium,2025-05-23T17:48:43.000000,Friday,2025-05-24T00:48:43.000000,2025-05-24T07:48:43.000000,0
CHG-0000431,"Remote board SSL Cert renewal for ressgpe0 , ressgpe1 , secsgpe0 & secsgpe1.",Hardware,Shang Chi,Shang Chi,Avengers II,Service A,High,Low,Low,Closed,Medium,2025-05-23T14:18:58.000000,Friday,2025-05-23T17:18:58.000000,2025-05-25T02:18:58.000000,1
CHG-0000432,Certificate adjustments for new virtual database pipelines.,Failure,Hulk,Hulk,Avengers,Service C,High,High,Low,In Progress,High,2025-05-24T02:36:00.000000,Saturday,2025-05-24T06:36:00.000000,,2
CHG-0000433,Request for temporary access rights on Finance application Web UI.,Failure,Captain America,Captain America,Avengers,Service B,Low,High,Medium,Closed,High,2025-05-24T21:05:47.000000,Saturday,2025-05-25T02:05:47.000000,2025-05-25T10:05:47.000000,5
CHG-0000434,Install httpd-tools on twgmmp01.zit.commerzbank.com.,Failure,Hulk,Hulk,Avengers,Service D,Low,High,High,Closed,Low,2025-05-24T00:43:05.000000,Saturday,2025-05-24T08:43:05.000000,2025-05-25T01:43:05.000000,2
CHG-0000435,Online Banking external CB-APP onboarding on Radware On-prem environment.,Facilities,Doctor Strange,Doctor Strange,Avengers II,Service C,Low,High,Medium,Closed,High,2025-05-24T08:49:35.000000,Saturday,2025-05-24T12:49:35.000000,2025-05-25T14:49:35.000000,2
CHG-0000436,Expand edge metrics transitioning through Palo FLEX Zeon tiers vs EU roots.,Data,Batman,Batman,Matrix,Service E,Medium,High,High,Closed,Medium,2025-05-24T06:51:29.000000,Saturday,2025-05-24T09:51:29.000000,2025-05-24T11:51:29.000000,2
CHG-0000437,Request for temporary access rights on Finance application Web UI.,Complaint,Iron Man,Iron Man,Avengers,Service A,High,High,Medium,Closed,Medium,2025-05-25T17:39:14.000000,Sunday,2025-05-25T23:39:14.000000,2025-05-27T11:39:14.000000,4
CHG-0000438,Certificate renewal for cloud-hosted services 2026.,Software,Batman,Batman,Matrix,Service B,Low,Low,High,Closed,Low,2025-05-25T02:58:10.000000,Sunday,2025-05-25T08:58:10.000000,2025-05-26T10:58:10.000000,4
CHG-0000439,Adjust Volume changes incompatible fixes mid-stage (handling-/handoff migration).,Hardware,Shang Chi,Shang Chi,Avengers II,Service B,Low,Low,Medium,Closed,Low,2025-05-26T01:32:30.000000,Monday,2025-05-26T06:32:30.000000,2025-05-26T22:32:30.000000,3
CHG-0000440,Certificate adjustments for new virtual database pipelines.,Failure,Batman,Batman,Matrix,Service B,Low,High,Medium,Closed,Low,2025-05-27T04:56:57.000000,Tuesday,2025-05-27T10:56:57.000000,2025-05-28T01:56:57.000000,1
CHG-0000441,"VUL-NET: Apply Cisco IOS Software Update for routers at PRA, SHA, and TOK sites.",Complaint,Iron Man,Iron Man,Avengers,Service D,Low,Medium,High,Closed,Critical,2025-05-28T22:40:11.000000,Wednesday,2025-05-29T02:40:11.000000,2025-05-30T09:40:11.000000,4
CHG-0000442,Grant access to crontab for ta2twga on twgmmp01.zit.commerzbank.com.,Network,Spiderman,Spiderman,Avengers II,Service B,Medium,High,Medium,Closed,Low,2025-05-28T09:43:09.000000,Wednesday,2025-05-28T14:43:09.000000,2025-05-29T14:43:09.000000,4
CHG-0000443,Reverse fallback isolation plan post-Palo Alto Prisma failure.,Complaint,Thor,Thor,Avengers,Service C,Low,Low,Low,Closed,Low,2025-05-28T23:00:48.000000,Wednesday,2025-05-29T02:00:48.000000,2025-05-30T14:00:48.000000,5
CHG-0000444,Firewall configuration changes for disaster recovery validation testing.,Data,Loki,Loki,Avengers,Service B,Medium,High,Low,Closed,High,2025-05-28T04:46:53.000000,Wednesday,2025-05-28T07:46:53.000000,2025-05-29T16:46:53.000000,2
CHG-0000445,Grant access for backup recovery on production machine nodes in DR locations.,Access,John Wick,John Wick,Matrix,Service E,Low,High,High,Closed,Low,2025-05-28T04:22:41.000000,Wednesday,2025-05-28T07:22:41.000000,2025-05-29T12:22:41.000000,2
CHG-0000446,Password reset request for disabled accounts in non-prod systems.,Facilities,Batman,Batman,Matrix,Service A,Medium,Medium,High,Closed,Medium,2025-05-29T00:44:22.000000,Thursday,2025-05-29T03:44:22.000000,2025-05-30T12:44:22.000000,2
CHG-0000447,Update from RHEL8.9 to RHEL8.10 on database workloads (non-prod).,Data,Loki,Loki,Avengers,Service B,Low,Low,Low,Closed,High,2025-05-29T04:34:16.000000,Thursday,2025-05-29T12:34:16.000000,2025-05-29T19:34:16.000000,3
CHG-0000448,Certificate renewal for Avatar development environment - Cloud Integration Testing Area.,Network,Iron Man,Iron Man,Avengers,Service C,Low,Medium,High,Closed,High,2025-05-29T08:41:16.000000,Thursday,2025-05-29T10:41:16.000000,2025-05-30T13:41:16.000000,0
CHG-0000449,Setup additional SAML authentication nodes in DMZ environment.,Access,Captain America,Captain America,Avengers,Service A,Medium,High,Low,New,Critical,2025-05-30T02:38:05.000000,Friday,,,3
CHG-0000450,Subnet migration alignment to cater towards hybrid env-discoveries (Prepare Step ongoing).,Hardware,Captain Marvel,Captain Marvel,Avengers II,Service B,High,Medium,Low,New,Medium,2025-05-31T00:19:06.000000,Saturday,,,0
CHG-0000451,"Remote board SSL Cert renewal for ressgpe0 , ressgpe1 , secsgpe0 & secsgpe1.",Access,Loki,Loki,Avengers,Service A,Low,Medium,Medium,New,Low,2025-05-31T17:27:55.000000,Saturday,,,4
CHG-0000452,Firewall subnet allocation and access provisioning for KL office gateway.,Complaint,Captain America,Captain America,Avengers,Service C,Medium,Medium,Low,Closed,Medium,2025-05-31T12:17:21.000000,Saturday,2025-05-31T17:17:21.000000,2025-05-31T23:17:21.000000,5
CHG-0000453,Update from RHEL8.9 to RHEL8.10 on database workloads (non-prod).,Data,Thor,Thor,Avengers,Service D,High,Medium,Medium,In Progress,Low,2025-05-31T22:15:35.000000,Saturday,2025-06-01T06:15:35.000000,,2
CHG-0000454,Certificate renewal Digital Banking on PROD environment 2026.,Failure,Captain America,Captain America,Avengers,Service B,Low,High,Low,Closed,Medium,2025-05-31T06:37:05.000000,Saturday,2025-05-31T08:37:05.000000,2025-06-01T11:37:05.000000,1
CHG-0000455,Increase VM capacity for ongoing AI processing workload.,Data,Hulk,Hulk,Avengers,Service C,Low,High,Medium,Closed,Low,2025-06-01T09:27:13.000000,Sunday,2025-06-01T13:27:13.000000,2025-06-02T05:27:13.000000,1
CHG-0000456,Certificate update for Palo Alto gatekeeping subnet for KL relocation network.,Facilities,Captain America,Captain America,Avengers,Service D,Medium,High,High,Closed,Medium,2025-06-01T05:53:20.000000,Sunday,2025-06-01T08:53:20.000000,2025-06-01T10:53:20.000000,2
CHG-0000457,Update the IDRAC remote board Firmware and BIOS for secklb01.,Access,Captain Marvel,Captain Marvel,Avengers II,Service B,Low,Medium,High,Closed,Medium,2025-06-01T19:18:12.000000,Sunday,2025-06-01T21:18:12.000000,2025-06-02T19:18:12.000000,1
CHG-0000458,New IP subnet & access point testing for KL relocation project.,Complaint,Shang Chi,Shang Chi,Avengers II,Service E,Medium,High,High,Closed,High,2025-06-01T12:09:57.000000,Sunday,2025-06-01T19:09:57.000000,2025-06-01T23:09:57.000000,5
CHG-0000459,Expand edge metrics transitioning through Palo FLEX Zeon tiers vs EU roots.,Hardware,Batman,Batman,Matrix,Service E,High,Low,High,In Progress,Critical,2025-06-01T15:51:05.000000,Sunday,2025-06-01T18:51:05.000000,,4
CHG-0000460,Execute systemctl daemon-reload on CSO VM (PROD).,Software,Jack Sparrow,Jack Sparrow,Matrix,Service B,Low,Low,High,In Progress,High,2025-06-02T05:01:33.000000,Monday,2025-06-02T13:01:33.000000,,3
CHG-0000461,VUL-NET: Critical Juniper network patch for external office gateways.,Software,Captain America,Captain America,Avengers,Service D,High,High,High,On Hold,Medium,2025-06-03T00:34:53.000000,Tuesday,,,5
CHG-0000462,Certificate renewal for cloud-hosted services 2026.,Failure,Captain America,Captain America,Avengers,Service C,Medium,Low,High,On Hold,Medium,2025-06-03T12:23:26.000000,Tuesday,,,4
CHG-0000463,Updating the IDRAC remote board Firmware and BIOS for timffm21.,Access,Captain America,Captain America,Avengers,Service D,Low,High,Low,On Hold,Low,2025-06-04T14:35:46.000000,Wednesday,,,1
CHG-0000464,Firewall optimization for edge routing performance post DR testing.,Data,Iron Man,Iron Man,Avengers,Service B,Low,Low,Low,Closed,Medium,2025-06-04T14:55:15.000000,Wednesday,2025-06-04T18:55:15.000000,2025-06-06T05:55:15.000000,0
CHG-0000465,Install system monitoring scripts on AWS-hosted general-purpose non-prod servers.,Complaint,Loki,Loki,Avengers,Service D,Low,Medium,Medium,Closed,Medium,2025-06-04T08:22:35.000000,Wednesday,2025-06-04T10:22:35.000000,2025-06-04T23:22:35.000000,3
CHG-0000466,Install httpd-tools on twgmmp01.zit.commerzbank.com.,Complaint,Iron Man,Iron Man,Avengers,Service C,High,Low,Medium,Closed,Medium,2025-06-05T05:18:32.000000,Thursday,2025-06-05T09:18:32.000000,2025-06-05T12:18:32.000000,0
CHG-0000467,UC4 Agent Installation on gcetcami001.,Software,Thor,Thor,Avengers,Service A,Medium,High,Medium,Closed,Critical,2025-06-05T21:33:25.000000,Thursday,2025-06-06T02:33:25.000000,2025-06-06T11:33:25.000000,5
CHG-0000468,Certificate adjustments for new virtual database pipelines.,Facilities,Hulk,Hulk,Avengers,Service E,Medium,Medium,Low,Closed,Critical,2025-06-05T11:16:02.000000,Thursday,2025-06-05T17:16:02.000000,2025-06-06T08:16:02.000000,0
CHG-0000469,Enable additional remote IPV6 routing for Japanese production systems.,Hardware,Batman,Batman,Matrix,Service B,Low,Medium,Low,Closed,Medium,2025-06-05T21:20:03.000000,Thursday,2025-06-06T01:20:03.000000,2025-06-07T06:20:03.000000,0
CHG-0000470,Increase VM capacity for ongoing AI processing workload.,Access,Captain America,Captain America,Avengers,Service D,High,High,Medium,Closed,High,2025-06-06T09:01:25.000000,Friday,2025-06-06T14:01:25.000000,2025-06-06T20:01:25.000000,4
CHG-0000471,Certificate renewal for cloud-hosted services 2026.,Network,Hulk,Hulk,Avengers,Service C,Medium,Low,Low,New,Medium,2025-06-07T08:59:59.000000,Saturday,,,4
CHG-0000472,Certificate renewal for Avatar development environment - Cloud Integration Testing Area.,Access,Captain America,Captain America,Avengers,Service E,Low,Medium,High,Closed,High,2025-06-07T11:53:56.000000,Saturday,2025-06-07T14:53:56.000000,2025-06-08T00:53:56.000000,3
CHG-0000473,Reverse fallback isolation plan post-Palo Alto Prisma failure.,Data,Neo,Neo,Matrix,Service D,Medium,Medium,High,Closed,Medium,2025-06-08T08:34:25.000000,Sunday,2025-06-08T15:34:25.000000,2025-06-10T03:34:25.000000,1
CHG-0000474,SSL certificate renewal for SWS corporate web hosting final access gateways.,Complaint,Iron Man,Iron Man,Avengers,Service A,High,High,Low,Closed,Medium,2025-06-08T17:18:02.000000,Sunday,2025-06-08T22:18:02.000000,2025-06-09T13:18:02.000000,1
CHG-0000475,Switchport configuration for targeted hosts to enhance authentication mechanisms.,Complaint,John Cena,John Cena,Matrix,Service C,High,High,Medium,Closed,Medium,2025-06-08T00:17:24.000000,Sunday,2025-06-08T03:17:24.000000,2025-06-08T13:17:24.000000,1
CHG-0000476,Install rsync on twgmmp01.,Facilities,Captain America,Captain America,Avengers,Service E,Medium,High,Low,Closed,Medium,2025-06-08T20:01:36.000000,Sunday,2025-06-09T00:01:36.000000,2025-06-09T13:01:36.000000,2
CHG-0000477,Database configuration check for performance improvements in PROD systems.,Network,Captain America,Captain America,Avengers,Service E,High,Low,High,Closed,Low,2025-06-09T15:36:13.000000,Monday,2025-06-09T18:36:13.000000,2025-06-11T03:36:13.000000,2
CHG-0000478,Execute hardening measures for SQL server instances post security audit.,Hardware,Captain Marvel,Captain Marvel,Avengers II,Service D,Low,High,Low,On Hold,Low,2025-06-09T18:22:45.000000,Monday,,,0
CHG-0000479,"Remote board SSL Cert renewal for ressgpe0 , ressgpe1 , secsgpe0 & secsgpe1.",Data,Hulk,Hulk,Avengers,Service E,High,Low,High,On Hold,Low,2025-06-09T10:05:30.000000,Monday,,,1
CHG-0000480,Install rsync on twgmmp01.,Facilities,Iron Man,Iron Man,Avengers,Service B,Low,Medium,High,Closed,Critical,2025-06-09T02:26:03.000000,Monday,2025-06-09T10:26:03.000000,2025-06-09T12:26:03.000000,0
CHG-0000481,TAPs installation in IMK productive connections for work order #REQ0157356.,Access,Captain Marvel,Captain Marvel,Avengers II,Service A,Low,High,Low,Closed,Medium,2025-06-10T08:59:59.000000,Tuesday,2025-06-10T16:59:59.000000,2025-06-12T04:59:59.000000,1
CHG-0000482,"VUL-NET: Apply Cisco IOS Software Update for routers at PRA, SHA, and TOK sites.",Network,Spiderman,Spiderman,Avengers II,Service D,High,High,High,Closed,Medium,2025-06-11T17:59:43.000000,Wednesday,2025-06-11T19:59:43.000000,2025-06-12T03:59:43.000000,4
CHG-0000483,Updating the IDRAC remote board Firmware and BIOS for timffm21.,Software,Thor,Thor,Avengers,Service C,Low,Medium,High,Closed,High,2025-06-11T06:52:47.000000,Wednesday,2025-06-11T08:52:47.000000,2025-06-12T08:52:47.000000,2
CHG-0000484,Certificate update for Palo Alto gatekeeping subnet for KL relocation network.,Data,John Wick,John Wick,Matrix,Service A,Medium,Medium,Medium,Closed,Critical,2025-06-11T00:32:36.000000,Wednesday,2025-06-11T07:32:36.000000,2025-06-11T22:32:36.000000,1
CHG-0000485,Execute hardening measures for SQL server instances post security audit.,Network,Hulk,Hulk,Avengers,Service E,Low,Medium,Medium,Closed,High,2025-06-11T23:28:44.000000,Wednesday,2025-06-12T06:28:44.000000,2025-06-12T18:28:44.000000,4
CHG-0000486,Restart tkmweb database servers after container update failure response.,Hardware,Thor,Thor,Avengers,Service E,High,Low,Medium,Closed,High,2025-06-11T13:24:44.000000,Wednesday,2025-06-11T19:24:44.000000,2025-06-12T12:24:44.000000,5
CHG-0000487,Configuration changes for monitoring processors on Redis prototype servers.,Access,Doctor Strange,Doctor Strange,Avengers II,Service A,Low,Medium,High,Closed,Medium,2025-06-12T22:21:57.000000,Thursday,2025-06-13T05:21:57.000000,2025-06-14T04:21:57.000000,1
CHG-0000488,Execute hardening measures for SQL server instances post security audit.,Software,Loki,Loki,Avengers,Service E,Medium,Low,Low,Closed,Medium,2025-06-12T10:45:23.000000,Thursday,2025-06-12T15:45:23.000000,2025-06-13T23:45:23.000000,2
CHG-0000489,Update IDRAC remote board Firmware and BIOS for forffm71.,Failure,Loki,Loki,Avengers,Service E,High,Low,Medium,Closed,Low,2025-06-13T13:52:43.000000,Friday,2025-06-13T19:52:43.000000,2025-06-14T18:52:43.000000,0
CHG-0000490,Restart tkmdbp01 of configuration change took longer than expected.,Access,Iron Man,Iron Man,Avengers,Service D,Low,Low,Medium,Closed,Low,2025-06-14T04:34:24.000000,Saturday,2025-06-14T06:34:24.000000,2025-06-14T09:34:24.000000,4
CHG-0000491,Certificate renewal for Avatar PROD environment 2026 - (VAA-Threat Application).,Failure,Doctor Strange,Doctor Strange,Avengers II,Service A,Low,High,High,Closed,High,2025-06-14T00:23:29.000000,Saturday,2025-06-14T05:23:29.000000,2025-06-14T07:23:29.000000,3
CHG-0000492,Restart tkmweb database servers after container update failure response.,Facilities,Spiderman,Spiderman,Avengers II,Service C,Low,Low,High,Closed,Medium,2025-06-14T17:21:15.000000,Saturday,2025-06-14T21:21:15.000000,2025-06-15T12:21:15.000000,0
CHG-0000493,Remote board SSL Cert renewal for anysgp15 & anysgp14.,Network,Jack Sparrow,Jack Sparrow,Matrix,Service C,High,Low,Low,Closed,Low,2025-06-14T19:03:36.000000,Saturday,2025-06-14T21:03:36.000000,2025-06-15T08:03:36.000000,4
CHG-0000494,Reverse fallback isolation plan post-Palo Alto Prisma failure.,Hardware,Captain America,Captain America,Avengers,Service C,Low,High,Low,Closed,Medium,2025-06-14T09:02:26.000000,Saturday,2025-06-14T11:02:26.000000,2025-06-15T02:02:26.000000,1
CHG-0000495,Request for temporary access rights on Finance application Web UI.,Access,Jack Sparrow,Jack Sparrow,Matrix,Service E,Low,Medium,Low,Closed,Medium,2025-06-15T22:17:17.000000,Sunday,2025-06-16T00:17:17.000000,2025-06-16T13:17:17.000000,3
CHG-0000496,Subnet migration alignment to cater towards hybrid env-discoveries (Prepare Step ongoing).,Data,Hulk,Hulk,Avengers,Service E,Medium,Low,High,Closed,High,2025-06-16T15:18:59.000000,Monday,2025-06-16T21:18:59.000000,2025-06-18T04:18:59.000000,5
CHG-0000497,Firewall subnet allocation and access provisioning for KL office gateway.,Facilities,Jack Sparrow,Jack Sparrow,Matrix,Service B,Low,Medium,Medium,Closed,Medium,2025-06-16T12:03:23.000000,Monday,2025-06-16T17:03:23.000000,2025-06-17T18:03:23.000000,0
CHG-0000498,Restart tkmdbp01 of configuration change took longer than expected.,Facilities,Shang Chi,Shang Chi,Avengers II,Service E,Low,Low,Low,Closed,High,2025-06-16T14:21:46.000000,Monday,2025-06-16T18:21:46.000000,2025-06-16T20:21:46.000000,0
CHG-0000499,Patch remote job runner script dependencies for IMK analytics platform.,Data,Hulk,Hulk,Avengers,Service D,Medium,Medium,Low,Closed,Medium,2025-06-16T06:42:25.000000,Monday,2025-06-16T09:42:25.000000,2025-06-17T09:42:25.000000,3
CHG-0000500,SSL certificate renewal for SWS corporate web hosting final access gateways.,Complaint,Hulk,Hulk,Avengers,Service A,Low,Low,Medium,Closed,Medium,2025-06-16T20:23:58.000000,Monday,2025-06-17T01:23:58.000000,2025-06-18T07:23:58.000000,1
CHG-0000501,Adjust Volume changes incompatible fixes mid-stage (handling-/handoff migration).,Complaint,Captain America,Captain America,Avengers,Service E,Medium,Medium,High,Closed,High,2025-06-17T18:39:47.000000,Tuesday,2025-06-18T02:39:47.000000,2025-06-19T10:39:47.000000,4
CHG-0000502,Setup additional SAML authentication nodes in DMZ environment.,Hardware,Doctor Strange,Doctor Strange,Avengers II,Service D,Low,Medium,High,Closed,High,2025-06-17T08:42:25.000000,Tuesday,2025-06-17T16:42:25.000000,2025-06-18T19:42:25.000000,5
CHG-0000503,Updating the IDRAC remote board Firmware and BIOS for timffm21.,Hardware,Hulk,Hulk,Avengers,Service E,High,Low,Low,Closed,High,2025-06-17T03:23:33.000000,Tuesday,2025-06-17T10:23:33.000000,2025-06-17T16:23:33.000000,1
CHG-0000504,Switchport configuration for targeted hosts to enhance authentication mechanisms.,Access,Doctor Strange,Doctor Strange,Avengers II,Service A,High,Medium,Low,Closed,High,2025-06-17T06:30:57.000000,Tuesday,2025-06-17T09:30:57.000000,2025-06-17T23:30:57.000000,2
CHG-0000505,"Server BIOS updates across remote virtual VM hosts (RESFFM01, SECFFM01).",Software,Hulk,Hulk,Avengers,Service D,Low,Medium,High,Closed,Low,2025-06-17T14:26:33.000000,Tuesday,2025-06-17T19:26:33.000000,2025-06-18T10:26:33.000000,2
CHG-0000506,Patch network appliances for compliance with wireless protocols.,Facilities,Spiderman,Spiderman,Avengers II,Service B,Medium,Medium,Low,Closed,Medium,2025-06-18T00:50:06.000000,Wednesday,2025-06-18T08:50:06.000000,2025-06-19T05:50:06.000000,0
CHG-0000507,SSL certificate renewal for SWS corporate web hosting final access gateways.,Network,Captain Marvel,Captain Marvel,Avengers II,Service D,High,Medium,Low,Closed,High,2025-06-19T15:05:36.000000,Thursday,2025-06-19T23:05:36.000000,2025-06-21T07:05:36.000000,2
CHG-0000508,Execute systemctl daemon-reload on CSO VM (PROD).,Failure,Batman,Batman,Matrix,Service E,Medium,High,Medium,Closed,Medium,2025-06-19T12:44:50.000000,Thursday,2025-06-19T18:44:50.000000,2025-06-20T08:44:50.000000,4
CHG-0000509,Case 65943239: Upgrade Ontap version to 9.14.1P12.,Network,Captain America,Captain America,Avengers,Service A,Medium,Low,Medium,Closed,High,2025-06-19T16:11:22.000000,Thursday,2025-06-19T22:11:22.000000,2025-06-21T09:11:22.000000,5
CHG-0000510,Configuration changes for monitoring processors on Redis prototype servers.,Network,Shang Chi,Shang Chi,Avengers II,Service D,Low,Medium,High,Closed,High,2025-06-19T06:21:30.000000,Thursday,2025-06-19T10:21:30.000000,2025-06-20T15:21:30.000000,2
CHG-0000511,Complete SSL foundation checks for project-focused data endpoints.,Complaint,Spiderman,Spiderman,Avengers II,Service B,High,Medium,Low,Closed,Critical,2025-06-19T14:41:58.000000,Thursday,2025-06-19T16:41:58.000000,2025-06-21T00:41:58.000000,0
CHG-0000512,Replace legacy switches with modern devices in Market Data Environment.,Complaint,Captain America,Captain America,Avengers,Service C,Low,High,High,On Hold,Medium,2025-06-20T13:00:26.000000,Friday,,,4
CHG-0000513,Firewall optimization for edge routing performance post DR testing.,Data,Captain Marvel,Captain Marvel,Avengers II,Service B,Medium,Low,Medium,Closed,High,2025-06-20T05:26:11.000000,Friday,2025-06-20T09:26:11.000000,2025-06-20T23:26:11.000000,0
CHG-0000514,Update the IDRAC remote board Firmware and BIOS for secklb01.,Complaint,Iron Man,Iron Man,Avengers,Service D,Low,Low,High,Closed,Low,2025-06-21T21:47:34.000000,Saturday,2025-06-21T23:47:34.000000,2025-06-22T11:47:34.000000,0
CHG-0000515,New IP subnet & access point testing for KL relocation project.,Software,Jack Sparrow,Jack Sparrow,Matrix,Service E,Low,Low,High,Closed,Medium,2025-06-21T01:32:19.000000,Saturday,2025-06-21T08:32:19.000000,2025-06-22T10:32:19.000000,0
CHG-0000516,Install system monitoring scripts on AWS-hosted general-purpose non-prod servers.,Failure,Captain America,Captain America,Avengers,Service B,Medium,Low,Medium,Closed,Medium,2025-06-21T22:42:07.000000,Saturday,2025-06-22T02:42:07.000000,2025-06-22T20:42:07.000000,1
CHG-0000517,Update from RHEL8.9 to RHEL8.10 on database workloads (non-prod).,Failure,Captain Marvel,Captain Marvel,Avengers II,Service E,High,Low,Low,Closed,Low,2025-06-22T13:35:40.000000,Sunday,2025-06-22T21:35:40.000000,2025-06-23T16:35:40.000000,1
CHG-0000518,Execute systemctl daemon-reload on CSO VM (PROD).,Data,Doctor Strange,Doctor Strange,Avengers II,Service A,Medium,Medium,Low,Closed,Low,2025-06-22T03:36:39.000000,Sunday,2025-06-22T05:36:39.000000,2025-06-22T18:36:39.000000,3
CHG-0000519,Expand edge metrics transitioning through Palo FLEX Zeon tiers vs EU roots.,Network,Batman,Batman,Matrix,Service A,High,Medium,Low,Closed,High,2025-06-22T04:16:08.000000,Sunday,2025-06-22T11:16:08.000000,2025-06-22T23:16:08.000000,0
CHG-0000520,Case 65943239: Upgrade Ontap version to 9.14.1P12.,Failure,Doctor Strange,Doctor Strange,Avengers II,Service A,High,Medium,High,Closed,Medium,2025-06-22T18:24:59.000000,Sunday,2025-06-23T02:24:59.000000,2025-06-23T21:24:59.000000,0
CHG-0000521,Updating the IDRAC remote board Firmware and BIOS for sonklb31.,Hardware,Thor,Thor,Avengers,Service C,High,High,Medium,Closed,Medium,2025-06-22T02:15:59.000000,Sunday,2025-06-22T04:15:59.000000,2025-06-23T11:15:59.000000,1
CHG-0000522,Enable additional remote IPV6 routing for Japanese production systems.,Software,Hulk,Hulk,Avengers,Service B,Low,Low,Medium,Closed,Medium,2025-06-23T12:45:13.000000,Monday,2025-06-23T18:45:13.000000,2025-06-23T23:45:13.000000,5
CHG-0000523,Test external web proxy configurations on development servers.,Network,Thor,Thor,Avengers,Service A,Medium,Medium,Medium,Closed,High,2025-06-23T13:41:17.000000,Monday,2025-06-23T21:41:17.000000,2025-06-24T08:41:17.000000,1
CHG-0000524,Complete SSL foundation checks for project-focused data endpoints.,Software,Thor,Thor,Avengers,Service A,High,Medium,Medium,Closed,Low,2025-06-23T18:20:14.000000,Monday,2025-06-23T23:20:14.000000,2025-06-24T16:20:14.000000,5
CHG-0000525,UC4 Agent Installation on gcetcami001.,Access,Iron Man,Iron Man,Avengers,Service E,Low,Low,Low,Closed,Medium,2025-06-23T05:30:47.000000,Monday,2025-06-23T08:30:47.000000,2025-06-23T11:30:47.000000,0
CHG-0000526,Restart tkmweb database servers after container update failure response.,Complaint,Shang Chi,Shang Chi,Avengers II,Service C,Low,Medium,Low,Closed,Medium,2025-06-23T21:12:41.000000,Monday,2025-06-24T04:12:41.000000,2025-06-24T15:12:41.000000,2
CHG-0000527,Switchport configuration for targeted hosts to enhance authentication mechanisms.,Complaint,Shang Chi,Shang Chi,Avengers II,Service D,Medium,Low,Low,Closed,Low,2025-06-24T21:35:42.000000,Tuesday,2025-06-25T04:35:42.000000,2025-06-26T02:35:42.000000,1
CHG-0000528,Restart tkmdbp01 of configuration change took longer than expected.,Data,Iron Man,Iron Man,Avengers,Service E,Low,Medium,Low,Closed,Medium,2025-06-24T14:39:52.000000,Tuesday,2025-06-24T22:39:52.000000,2025-06-25T08:39:52.000000,0
CHG-0000529,Firewall configuration changes for disaster recovery validation testing.,Hardware,Hulk,Hulk,Avengers,Service D,Low,Low,High,Closed,High,2025-06-25T20:57:44.000000,Wednesday,2025-06-26T02:57:44.000000,2025-06-27T11:57:44.000000,1
CHG-0000530,Firewall rule onboarding for external SaaS applications via Palo Alto setup.,Data,Loki,Loki,Avengers,Service A,High,High,High,Closed,High,2025-06-25T12:11:14.000000,Wednesday,2025-06-25T14:11:14.000000,2025-06-26T18:11:14.000000,2
CHG-0000531,Deploy ACL rules for high-priority Office 365 tenants across European zones.,Complaint,Shang Chi,Shang Chi,Avengers II,Service D,Medium,High,Medium,Closed,Medium,2025-06-25T08:28:51.000000,Wednesday,2025-06-25T14:28:51.000000,2025-06-26T06:28:51.000000,1
CHG-0000532,Setup additional SAML authentication nodes in DMZ environment.,Failure,Captain America,Captain America,Avengers,Service D,Low,Low,High,Closed,Medium,2025-06-25T08:30:44.000000,Wednesday,2025-06-25T12:30:44.000000,2025-06-26T13:30:44.000000,2
CHG-0000533,Restart tkmdbp01 of configuration change took longer than expected.,Failure,Thor,Thor,Avengers,Service B,Medium,Medium,Medium,Closed,Medium,2025-06-26T03:52:14.000000,Thursday,2025-06-26T09:52:14.000000,2025-06-27T21:52:14.000000,0
CHG-0000534,Database configuration check for performance improvements in PROD systems.,Access,Loki,Loki,Avengers,Service E,Medium,High,Low,Closed,Medium,2025-06-27T11:33:52.000000,Friday,2025-06-27T15:33:52.000000,2025-06-28T15:33:52.000000,5
CHG-0000535,Software patch implementation targeting RHEL8.1 compatibility issues.,Software,Iron Man,Iron Man,Avengers,Service B,High,Medium,Low,Closed,Medium,2025-06-27T10:38:09.000000,Friday,2025-06-27T12:38:09.000000,2025-06-27T15:38:09.000000,4
CHG-0000536,Increase VM capacity for ongoing AI processing workload.,Complaint,John Wick,John Wick,Matrix,Service A,High,High,Medium,Closed,Medium,2025-06-28T00:57:03.000000,Saturday,2025-06-28T03:57:03.000000,2025-06-29T06:57:03.000000,2
CHG-0000537,Update IDRAC remote board Firmware and BIOS for forffm71.,Access,Spiderman,Spiderman,Avengers II,Service E,High,Low,Medium,Closed,Medium,2025-06-29T20:36:35.000000,Sunday,2025-06-30T03:36:35.000000,2025-07-01T01:36:35.000000,0
CHG-0000538,"VUL-NET: Apply Cisco IOS Software Update for routers at PRA, SHA, and TOK sites.",Complaint,Spiderman,Spiderman,Avengers II,Service C,Low,Low,Low,Closed,Medium,2025-06-29T12:14:27.000000,Sunday,2025-06-29T20:14:27.000000,2025-07-01T06:14:27.000000,1
CHG-0000539,Certificate adjustments for new virtual database pipelines.,Data,Shang Chi,Shang Chi,Avengers II,Service C,Medium,High,Medium,Closed,High,2025-06-29T07:44:50.000000,Sunday,2025-06-29T13:44:50.000000,2025-06-29T20:44:50.000000,1
CHG-0000540,Enable database backups at sv273046 for production environment.,Data,Loki,Loki,Avengers,Service C,Low,Medium,High,Closed,High,2025-06-29T21:48:44.000000,Sunday,2025-06-30T00:48:44.000000,2025-07-01T07:48:44.000000,2
CHG-0000541,Install httpd-tools on edge proxy nodes.,Data,Shang Chi,Shang Chi,Avengers II,Service B,Low,Medium,Low,Closed,Medium,2025-06-29T19:37:43.000000,Sunday,2025-06-29T21:37:43.000000,2025-06-30T01:37:43.000000,2
CHG-0000542,Configuration changes for monitoring processors on Redis prototype servers.,Network,Shang Chi,Shang Chi,Avengers II,Service A,Low,High,High,Closed,High,2025-06-30T05:11:24.000000,Monday,2025-06-30T11:11:24.000000,2025-07-01T13:11:24.000000,2
CHG-0000543,Updating the IDRAC remote board Firmware and BIOS for secffme2.,Network,Captain Marvel,Captain Marvel,Avengers II,Service E,Medium,High,Low,New,Medium,2025-06-30T22:47:44.000000,Monday,,,5
CHG-0000544,Password reset request for disabled accounts in non-prod systems.,Data,Thor,Thor,Avengers,Service C,High,High,Low,Closed,Medium,2025-06-30T09:17:54.000000,Monday,2025-06-30T16:17:54.000000,2025-07-02T04:17:54.000000,2
CHG-0000545,Update IDRAC board for core cluster PROD servers.,Software,Shang Chi,Shang Chi,Avengers II,Service A,Medium,High,High,Closed,Medium,2025-06-30T05:51:36.000000,Monday,2025-06-30T07:51:36.000000,2025-07-01T19:51:36.000000,3
CHG-0000546,Install Redis cluster monitoring tools in shard servers.,Network,Spiderman,Spiderman,Avengers II,Service C,Medium,Medium,Medium,Closed,Medium,2025-06-30T09:05:40.000000,Monday,2025-06-30T11:05:40.000000,2025-06-30T22:05:40.000000,3
CHG-0000547,Certificate renewal for Avatar development environment - Cloud Integration Testing Area.,Access,Doctor Strange,Doctor Strange,Avengers II,Service C,High,High,High,Closed,Critical,2025-07-01T14:01:09.000000,Tuesday,2025-07-01T16:01:09.000000,2025-07-02T03:01:09.000000,4
CHG-0000548,Certificate renewal request for high-availability environment 2026.,Failure,Loki,Loki,Avengers,Service C,Medium,Low,High,Closed,Medium,2025-07-02T13:30:35.000000,Wednesday,2025-07-02T20:30:35.000000,2025-07-03T07:30:35.000000,1
CHG-0000549,"VUL-NET: Apply Cisco IOS Software Update for routers at PRA, SHA, and TOK sites.",Network,Shang Chi,Shang Chi,Avengers II,Service D,Medium,High,Low,New,Critical,2025-07-02T20:23:04.000000,Wednesday,,,5
CHG-0000550,ACI switchports configuration for work orders #REQ0155328 #REQ0147118 #REQ0152855.,Network,Captain America,Captain America,Avengers,Service C,Low,Medium,Low,On Hold,Medium,2025-07-02T07:11:39.000000,Wednesday,,,4
CHG-0000551,Enable additional remote IPV6 routing for Japanese production systems.,Hardware,Captain Marvel,Captain Marvel,Avengers II,Service E,Medium,Low,Medium,Closed,Low,2025-07-02T07:25:00.000000,Wednesday,2025-07-02T14:25:00.000000,2025-07-03T02:25:00.000000,0
CHG-0000552,Expand edge metrics transitioning through Palo FLEX Zeon tiers vs EU roots.,Network,Jack Sparrow,Jack Sparrow,Matrix,Service C,Medium,Low,Medium,Closed,High,2025-07-03T00:54:12.000000,Thursday,2025-07-03T08:54:12.000000,2025-07-04T11:54:12.000000,5
CHG-0000553,Adjust Volume changes incompatible fixes mid-stage (handling-/handoff migration).,Complaint,Iron Man,Iron Man,Avengers,Service D,Low,Low,High,Closed,Medium,2025-07-03T21:17:33.000000,Thursday,2025-07-04T04:17:33.000000,2025-07-05T14:17:33.000000,2
CHG-0000554,Increase VM capacity for ongoing AI processing workload.,Facilities,Iron Man,Iron Man,Avengers,Service B,High,Low,High,In Progress,High,2025-07-03T15:23:43.000000,Thursday,2025-07-03T22:23:43.000000,,0
CHG-0000555,Update IDRAC board for core cluster PROD servers.,Access,Iron Man,Iron Man,Avengers,Service A,High,Medium,Low,Closed,Medium,2025-07-03T20:38:12.000000,Thursday,2025-07-04T02:38:12.000000,2025-07-05T14:38:12.000000,5
CHG-0000556,Request for temporary access rights on Finance application Web UI.,Hardware,Neo,Neo,Matrix,Service E,Low,High,Medium,Closed,High,2025-07-04T08:05:53.000000,Friday,2025-07-04T11:05:53.000000,2025-07-04T20:05:53.000000,5
CHG-0000557,Enable additional remote IPV6 routing for Japanese production systems.,Access,Loki,Loki,Avengers,Service C,Low,Low,Low,Closed,Medium,2025-07-04T06:23:01.000000,Friday,2025-07-04T09:23:01.000000,2025-07-04T15:23:01.000000,4
CHG-0000558,Online Banking external CB-APP onboarding on Radware On-prem environment.,Facilities,Doctor Strange,Doctor Strange,Avengers II,Service A,Medium,Medium,Medium,On Hold,Low,2025-07-04T05:39:29.000000,Friday,,,4
CHG-0000559,Increase VM capacity for ongoing AI processing workload.,Complaint,Iron Man,Iron Man,Avengers,Service D,Low,Low,Medium,Closed,Medium,2025-07-04T20:09:40.000000,Friday,2025-07-05T01:09:40.000000,2025-07-05T15:09:40.000000,5
CHG-0000560,Provision new storage array in EU data center for increased redundancy.,Failure,Doctor Strange,Doctor Strange,Avengers II,Service A,Low,High,Low,Closed,Medium,2025-07-04T13:31:41.000000,Friday,2025-07-04T20:31:41.000000,2025-07-05T22:31:41.000000,1
CHG-0000561,Firewall subnet allocation and access provisioning for KL office gateway.,Access,Hulk,Hulk,Avengers,Service E,Medium,High,Low,Closed,Critical,2025-07-05T02:17:00.000000,Saturday,2025-07-05T10:17:00.000000,2025-07-06T18:17:00.000000,3
CHG-0000562,Emergency fall-back routing enabled for Redis cluster 6 under high throughput.,Facilities,Iron Man,Iron Man,Avengers,Service B,High,Low,Medium,On Hold,High,2025-07-05T08:14:49.000000,Saturday,,,1
CHG-0000563,Emergency fall-back routing enabled for Redis cluster 6 under high throughput.,Network,Iron Man,Iron Man,Avengers,Service E,Low,Medium,High,Closed,Medium,2025-07-05T09:02:45.000000,Saturday,2025-07-05T15:02:45.000000,2025-07-06T09:02:45.000000,4
CHG-0000564,Update IDRAC board for core cluster PROD servers.,Data,Spiderman,Spiderman,Avengers II,Service A,High,Medium,High,Closed,Low,2025-07-05T21:33:23.000000,Saturday,2025-07-06T05:33:23.000000,2025-07-06T07:33:23.000000,5
CHG-0000565,Certificate adjustments for new virtual database pipelines.,Facilities,Hulk,Hulk,Avengers,Service D,High,Medium,Low,Closed,Medium,2025-07-05T21:36:08.000000,Saturday,2025-07-06T01:36:08.000000,2025-07-06T18:36:08.000000,1
CHG-0000566,Complete SSL foundation checks for project-focused data endpoints.,Network,Batman,Batman,Matrix,Service E,High,High,Low,Closed,Low,2025-07-06T06:05:32.000000,Sunday,2025-07-06T12:05:32.000000,2025-07-06T23:05:32.000000,4
CHG-0000567,SSL certificate renewal for SWS corporate web hosting final access gateways.,Hardware,Doctor Strange,Doctor Strange,Avengers II,Service D,High,Medium,High,Closed,High,2025-07-06T06:34:06.000000,Sunday,2025-07-06T13:34:06.000000,2025-07-07T15:34:06.000000,3
CHG-0000568,Firewall rule onboarding for external SaaS applications via Palo Alto setup.,Facilities,Thor,Thor,Avengers,Service C,Low,Medium,Low,Closed,Medium,2025-07-06T22:28:01.000000,Sunday,2025-07-07T04:28:01.000000,2025-07-07T23:28:01.000000,5
CHG-0000569,New IP subnet & access point testing for KL relocation project.,Hardware,Thor,Thor,Avengers,Service A,High,Low,High,On Hold,Medium,2025-07-07T06:00:20.000000,Monday,,,2
CHG-0000570,Updating the IDRAC remote board Firmware and BIOS for timffm21.,Data,Loki,Loki,Avengers,Service C,Medium,High,Low,Closed,High,2025-07-08T03:31:28.000000,Tuesday,2025-07-08T08:31:28.000000,2025-07-09T00:31:28.000000,1
CHG-0000571,Install Redis cluster monitoring tools in shard servers.,Software,Captain America,Captain America,Avengers,Service B,Medium,High,Medium,Closed,Critical,2025-07-08T05:33:51.000000,Tuesday,2025-07-08T13:33:51.000000,2025-07-09T07:33:51.000000,4
CHG-0000572,Install system monitoring scripts on AWS-hosted general-purpose non-prod servers.,Data,Batman,Batman,Matrix,Service E,Low,Low,High,New,Medium,2025-07-08T01:47:11.000000,Tuesday,,,5
CHG-0000573,"VUL-NET: Apply Cisco IOS Software Update for routers at PRA, SHA, and TOK sites.",Hardware,Hulk,Hulk,Avengers,Service B,High,Medium,High,Closed,Low,2025-07-08T15:26:12.000000,Tuesday,2025-07-08T22:26:12.000000,2025-07-09T17:26:12.000000,2
CHG-0000574,TAPs installation in IMK productive connections for work order #REQ0157356.,Access,Iron Man,Iron Man,Avengers,Service D,Medium,Low,Medium,On Hold,Medium,2025-07-08T10:37:18.000000,Tuesday,,,1
CHG-0000575,Update from RHEL8.9 to RHEL8.10 on database workloads (non-prod).,Hardware,Thor,Thor,Avengers,Service A,High,Low,Medium,Closed,Medium,2025-07-09T04:12:29.000000,Wednesday,2025-07-09T09:12:29.000000,2025-07-09T12:12:29.000000,4
CHG-0000576,Grant access to crontab for ta2twga on twgmmp01.zit.commerzbank.com.,Complaint,Shang Chi,Shang Chi,Avengers II,Service A,High,Medium,Low,Closed,Medium,2025-07-09T20:10:05.000000,Wednesday,2025-07-10T00:10:05.000000,2025-07-11T08:10:05.000000,0
CHG-0000577,Enable ADFS custom user provisioning profile upload validation.,Facilities,John Cena,John Cena,Matrix,Service E,Medium,High,Medium,New,High,2025-07-09T17:07:10.000000,Wednesday,,,3
CHG-0000578,Reverse fallback isolation plan post-Palo Alto Prisma failure.,Failure,Thor,Thor,Avengers,Service E,High,High,High,Closed,High,2025-07-09T03:24:56.000000,Wednesday,2025-07-09T09:24:56.000000,2025-07-10T14:24:56.000000,3
CHG-0000579,Initiate scheduled SAN Storage Array node reboot to resolve high uptime issue.,Data,John Cena,John Cena,Matrix,Service B,Low,High,High,Closed,High,2025-07-10T17:56:53.000000,Thursday,2025-07-10T20:56:53.000000,2025-07-11T23:56:53.000000,4
CHG-0000580,Execute systemctl daemon-reload on CSO VM (PROD).,Failure,Spiderman,Spiderman,Avengers II,Service B,High,High,Low,Closed,High,2025-07-10T18:35:40.000000,Thursday,2025-07-11T00:35:40.000000,2025-07-12T03:35:40.000000,4
CHG-0000581,Install httpd-tools on twgmmp01.zit.commerzbank.com.,Data,Hulk,Hulk,Avengers,Service D,Medium,Medium,Medium,Closed,High,2025-07-11T02:30:55.000000,Friday,2025-07-11T04:30:55.000000,2025-07-12T04:30:55.000000,3
CHG-0000582,Install httpd-tools on twgmmp01.zit.commerzbank.com.,Access,Thor,Thor,Avengers,Service B,Low,High,High,In Progress,Critical,2025-07-11T16:17:02.000000,Friday,2025-07-11T20:17:02.000000,,3
CHG-0000583,Complete SSL foundation checks for project-focused data endpoints.,Failure,Shang Chi,Shang Chi,Avengers II,Service D,Medium,Medium,Medium,Closed,Medium,2025-07-11T21:43:35.000000,Friday,2025-07-12T00:43:35.000000,2025-07-12T22:43:35.000000,3
CHG-0000584,"VUL-NET: Cisco Wireless IOS-XE Software Update for WLC9800 | Jugoslavska, CZ (PRA06).",Data,Captain Marvel,Captain Marvel,Avengers II,Service A,Low,Low,Low,Closed,Medium,2025-07-12T09:20:19.000000,Saturday,2025-07-12T12:20:19.000000,2025-07-12T15:20:19.000000,5
CHG-0000585,Enable database backups at sv273046 for production environment.,Complaint,Spiderman,Spiderman,Avengers II,Service E,High,High,Low,Closed,Medium,2025-07-12T08:24:13.000000,Saturday,2025-07-12T11:24:13.000000,2025-07-12T23:24:13.000000,1
CHG-0000586,"Resize virtual storage for CoreTxx_PROD database (95,38% full).",Software,Captain America,Captain America,Avengers,Service B,High,High,Medium,Closed,High,2025-07-12T21:23:12.000000,Saturday,2025-07-13T04:23:12.000000,2025-07-13T18:23:12.000000,1
CHG-0000587,Configuration changes for monitoring processors on Redis prototype servers.,Access,Iron Man,Iron Man,Avengers,Service D,Low,Medium,Low,Closed,Medium,2025-07-12T05:36:58.000000,Saturday,2025-07-12T09:36:58.000000,2025-07-13T01:36:58.000000,4
CHG-0000588,Execute hardening measures for SQL server instances post security audit.,Software,Doctor Strange,Doctor Strange,Avengers II,Service A,Medium,Low,High,Closed,Medium,2025-07-13T10:59:00.000000,Sunday,2025-07-13T13:59:00.000000,2025-07-13T17:59:00.000000,0
CHG-0000589,Provision new storage array in EU data center for increased redundancy.,Failure,Shang Chi,Shang Chi,Avengers II,Service C,Low,High,Medium,Closed,Critical,2025-07-14T23:11:51.000000,Monday,2025-07-15T05:11:51.000000,2025-07-16T02:11:51.000000,1
CHG-0000590,Enable ADFS custom user provisioning profile upload validation.,Software,Spiderman,Spiderman,Avengers II,Service E,Medium,High,High,Closed,Medium,2025-07-15T01:46:04.000000,Tuesday,2025-07-15T09:46:04.000000,2025-07-16T16:46:04.000000,1
CHG-0000591,Update IDRAC board for core cluster PROD servers.,Facilities,Hulk,Hulk,Avengers,Service E,Medium,Low,High,Closed,Critical,2025-07-16T06:00:35.000000,Wednesday,2025-07-16T10:00:35.000000,2025-07-17T00:00:35.000000,5
CHG-0000592,Firewall subnet allocation and access provisioning for KL office gateway.,Complaint,Hulk,Hulk,Avengers,Service D,Medium,Low,Medium,In Progress,Medium,2025-07-16T17:00:29.000000,Wednesday,2025-07-16T22:00:29.000000,,1
CHG-0000593,Certificate adjustments for new virtual database pipelines.,Data,Jack Sparrow,Jack Sparrow,Matrix,Service C,Medium,Low,Low,New,High,2025-07-16T21:02:59.000000,Wednesday,,,0
CHG-0000594,TAPs installation in IMK productive connections for work order #REQ0157356.,Facilities,Doctor Strange,Doctor Strange,Avengers II,Service A,Medium,High,Low,Closed,Medium,2025-07-17T17:55:23.000000,Thursday,2025-07-17T21:55:23.000000,2025-07-18T18:55:23.000000,2
CHG-0000595,Install system monitoring scripts on AWS-hosted general-purpose non-prod servers.,Access,Doctor Strange,Doctor Strange,Avengers II,Service D,Low,Medium,High,Closed,Medium,2025-07-17T14:58:59.000000,Thursday,2025-07-17T19:58:59.000000,2025-07-18T05:58:59.000000,5
CHG-0000596,"VUL-NET: Apply Cisco IOS Software Update for routers at PRA, SHA, and TOK sites.",Software,Captain Marvel,Captain Marvel,Avengers II,Service E,Low,Medium,Medium,Closed,Medium,2025-07-17T01:08:18.000000,Thursday,2025-07-17T03:08:18.000000,2025-07-17T22:08:18.000000,0
CHG-0000597,Certificate renewal for Avatar PROD environment 2026 - (VAA-Threat Application).,Failure,Shang Chi,Shang Chi,Avengers II,Service C,Low,High,Medium,Closed,Medium,2025-07-17T11:02:33.000000,Thursday,2025-07-17T13:02:33.000000,2025-07-17T22:02:33.000000,5
CHG-0000598,Switchport configuration for targeted hosts to enhance authentication mechanisms.,Failure,Spiderman,Spiderman,Avengers II,Service C,Low,Low,High,Closed,Medium,2025-07-18T04:06:02.000000,Friday,2025-07-18T08:06:02.000000,2025-07-18T11:06:02.000000,3
CHG-0000599,Patch remote job runner script dependencies for IMK analytics platform.,Failure,Neo,Neo,Matrix,Service B,Medium,Medium,Medium,Closed,Low,2025-07-18T02:07:44.000000,Friday,2025-07-18T06:07:44.000000,2025-07-18T19:07:44.000000,5
CHG-0000600,Grant access for backup recovery on production machine nodes in DR locations.,Access,Shang Chi,Shang Chi,Avengers II,Service E,Medium,Medium,High,Closed,Medium,2025-07-18T06:55:23.000000,Friday,2025-07-18T09:55:23.000000,2025-07-19T08:55:23.000000,2
CHG-0000601,SSL certificate renewal for SWS corporate web hosting final access gateways.,Data,Captain Marvel,Captain Marvel,Avengers II,Service C,Low,Low,High,Closed,Medium,2025-07-18T08:07:01.000000,Friday,2025-07-18T16:07:01.000000,2025-07-19T07:07:01.000000,2
CHG-0000602,Initiate scheduled SAN Storage Array node reboot to resolve high uptime issue.,Hardware,Hulk,Hulk,Avengers,Service A,High,Low,High,Closed,High,2025-07-18T12:06:18.000000,Friday,2025-07-18T17:06:18.000000,2025-07-19T23:06:18.000000,1
CHG-0000603,Complete SSL foundation checks for project-focused data endpoints.,Facilities,Doctor Strange,Doctor Strange,Avengers II,Service E,Low,Medium,Low,Closed,Critical,2025-07-19T03:14:39.000000,Saturday,2025-07-19T09:14:39.000000,2025-07-20T16:14:39.000000,5
CHG-0000604,Subnet migration alignment to cater towards hybrid env-discoveries (Prepare Step ongoing).,Software,Captain America,Captain America,Avengers,Service C,Medium,Medium,Medium,Closed,Low,2025-07-20T04:55:15.000000,Sunday,2025-07-20T10:55:15.000000,2025-07-20T15:55:15.000000,1
CHG-0000605,Certificate adjustments for new virtual database pipelines.,Facilities,Captain America,Captain America,Avengers,Service D,Medium,High,Medium,Closed,High,2025-07-20T03:46:56.000000,Sunday,2025-07-20T05:46:56.000000,2025-07-20T08:46:56.000000,1
CHG-0000606,Restart tkmweb database servers after container update failure response.,Failure,Hulk,Hulk,Avengers,Service E,Medium,Medium,High,Closed,Low,2025-07-21T14:09:32.000000,Monday,2025-07-21T19:09:32.000000,2025-07-22T12:09:32.000000,1
CHG-0000607,Subnet migration alignment to cater towards hybrid env-discoveries (Prepare Step ongoing).,Complaint,Spiderman,Spiderman,Avengers II,Service B,Low,Medium,Low,Closed,Medium,2025-07-21T23:50:49.000000,Monday,2025-07-22T06:50:49.000000,2025-07-22T10:50:49.000000,4
CHG-0000608,SSL certificate renewal for SWS corporate web hosting final access gateways.,Network,Doctor Strange,Doctor Strange,Avengers II,Service E,Low,Medium,High,Closed,Medium,2025-07-22T17:21:46.000000,Tuesday,2025-07-23T01:21:46.000000,2025-07-23T06:21:46.000000,4
CHG-0000609,Updating the IDRAC remote board Firmware and BIOS for timffm21.,Complaint,Iron Man,Iron Man,Avengers,Service E,Medium,Medium,Low,Closed,Medium,2025-07-22T01:26:28.000000,Tuesday,2025-07-22T08:26:28.000000,2025-07-22T14:26:28.000000,0
CHG-0000610,New IP subnet & access point testing for KL relocation project.,Access,Thor,Thor,Avengers,Service C,Medium,Low,Medium,Closed,Low,2025-07-22T00:05:44.000000,Tuesday,2025-07-22T02:05:44.000000,2025-07-22T05:05:44.000000,4
CHG-0000611,Firewall rule onboarding for external SaaS applications via Palo Alto setup.,Facilities,Jack Sparrow,Jack Sparrow,Matrix,Service C,Medium,Low,Medium,Closed,High,2025-07-23T12:17:18.000000,Wednesday,2025-07-23T19:17:18.000000,2025-07-24T05:17:18.000000,3
CHG-0000612,Subnet migration alignment to cater towards hybrid env-discoveries (Prepare Step ongoing).,Data,Captain America,Captain America,Avengers,Service E,Low,Medium,Low,On Hold,High,2025-07-24T20:05:19.000000,Thursday,,,0
CHG-0000613,Execute systemctl daemon-reload on CSO VM (PROD).,Software,Loki,Loki,Avengers,Service D,High,Medium,Low,Closed,Low,2025-07-24T02:57:20.000000,Thursday,2025-07-24T07:57:20.000000,2025-07-24T23:57:20.000000,1
CHG-0000614,VUL-NET: Critical Juniper network patch for external office gateways.,Failure,Doctor Strange,Doctor Strange,Avengers II,Service A,Medium,Low,Medium,Closed,High,2025-07-24T21:59:08.000000,Thursday,2025-07-25T04:59:08.000000,2025-07-26T03:59:08.000000,1
CHG-0000615,Subnet migration alignment to cater towards hybrid env-discoveries (Prepare Step ongoing).,Failure,Thor,Thor,Avengers,Service B,Medium,Medium,High,Closed,High,2025-07-25T01:31:40.000000,Friday,2025-07-25T07:31:40.000000,2025-07-25T22:31:40.000000,0
CHG-0000616,Firewall rule onboarding for external SaaS applications via Palo Alto setup.,Hardware,John Wick,John Wick,Matrix,Service E,Medium,Medium,Medium,Closed,Medium,2025-07-26T06:49:35.000000,Saturday,2025-07-26T11:49:35.000000,2025-07-27T15:49:35.000000,1
CHG-0000617,Grant access to crontab for ta2twga on twgmmp01.zit.commerzbank.com.,Complaint,Loki,Loki,Avengers,Service C,Medium,Low,Medium,New,High,2025-07-27T17:01:52.000000,Sunday,,,4
CHG-0000618,Install system monitoring scripts on AWS-hosted general-purpose non-prod servers.,Hardware,Jack Sparrow,Jack Sparrow,Matrix,Service C,Low,Medium,High,Closed,High,2025-07-27T02:58:30.000000,Sunday,2025-07-27T07:58:30.000000,2025-07-27T10:58:30.000000,3
CHG-0000619,ACI switchports configuration for work orders #REQ0155328 #REQ0147118 #REQ0152855.,Software,Iron Man,Iron Man,Avengers,Service A,Medium,Low,Low,Closed,High,2025-07-27T14:52:22.000000,Sunday,2025-07-27T19:52:22.000000,2025-07-28T20:52:22.000000,5
CHG-0000620,Software patch implementation targeting RHEL8.1 compatibility issues.,Hardware,Shang Chi,Shang Chi,Avengers II,Service D,High,High,Medium,Closed,Medium,2025-07-28T04:48:50.000000,Monday,2025-07-28T08:48:50.000000,2025-07-28T19:48:50.000000,3
CHG-0000621,VUL-NET: Critical Juniper network patch for external office gateways.,Failure,Hulk,Hulk,Avengers,Service A,Low,Medium,Medium,Closed,Medium,2025-07-28T14:47:50.000000,Monday,2025-07-28T19:47:50.000000,2025-07-30T06:47:50.000000,1
CHG-0000622,New IP subnet & access point testing for KL relocation project.,Software,Loki,Loki,Avengers,Service B,High,Low,High,Closed,High,2025-07-28T08:01:33.000000,Monday,2025-07-28T10:01:33.000000,2025-07-29T18:01:33.000000,2
CHG-0000623,TAPs installation in IMK productive connections for work order #REQ0157356.,Access,Shang Chi,Shang Chi,Avengers II,Service B,High,Medium,Medium,New,High,2025-07-28T21:15:35.000000,Monday,,,0
CHG-0000624,Execution of systemctl daemon-reload to patch Prod-CSO VM resiliency.,Facilities,Jack Sparrow,Jack Sparrow,Matrix,Service D,Low,Low,Medium,Closed,Low,2025-07-28T12:25:35.000000,Monday,2025-07-28T20:25:35.000000,2025-07-28T23:25:35.000000,5
CHG-0000625,Password reset request for disabled accounts in non-prod systems.,Facilities,John Wick,John Wick,Matrix,Service C,Low,Medium,High,Closed,Critical,2025-07-29T10:16:45.000000,Tuesday,2025-07-29T13:16:45.000000,2025-07-30T23:16:45.000000,2
CHG-0000626,Restart tkmdbp01 of configuration change took longer than expected.,Software,Batman,Batman,Matrix,Service E,High,High,Medium,Closed,High,2025-07-29T04:04:23.000000,Tuesday,2025-07-29T11:04:23.000000,2025-07-29T21:04:23.000000,0
CHG-0000627,Certificate update for Palo Alto gatekeeping subnet for KL relocation network.,Network,Loki,Loki,Avengers,Service B,High,Low,High,Closed,High,2025-07-30T13:22:31.000000,Wednesday,2025-07-30T16:22:31.000000,2025-07-31T01:22:31.000000,5
CHG-0000628,Update from RHEL8.9 to RHEL8.10 on database workloads (non-prod).,Data,Hulk,Hulk,Avengers,Service B,Low,Medium,Low,Closed,Medium,2025-07-31T18:25:13.000000,Thursday,2025-07-31T20:25:13.000000,2025-08-02T03:25:13.000000,2
CHG-0000629,Install httpd-tools on edge proxy nodes.,Hardware,Thor,Thor,Avengers,Service B,High,Low,Medium,New,Low,2025-07-31T02:30:10.000000,Thursday,,,1
CHG-0000630,Update the IDRAC remote board Firmware and BIOS for secklb01.,Access,Captain Marvel,Captain Marvel,Avengers II,Service D,High,Medium,High,Closed,High,2025-07-31T16:43:49.000000,Thursday,2025-07-31T20:43:49.000000,2025-08-01T17:43:49.000000,3
CHG-0000631,Updating the IDRAC remote board Firmware and BIOS for secffme2.,Access,Jack Sparrow,Jack Sparrow,Matrix,Service A,Medium,Low,High,Closed,High,2025-08-01T14:17:21.000000,Friday,2025-08-01T21:17:21.000000,2025-08-02T19:17:21.000000,2
CHG-0000632,New IP subnet & access point testing for KL relocation project.,Failure,Thor,Thor,Avengers,Service A,Medium,Low,Low,Closed,Medium,2025-08-02T01:25:40.000000,Saturday,2025-08-02T07:25:40.000000,2025-08-03T15:25:40.000000,4
CHG-0000633,UC4 Agent Installation on gcetcami001.,Facilities,Shang Chi,Shang Chi,Avengers II,Service E,Medium,Low,Low,Closed,High,2025-08-02T06:57:13.000000,Saturday,2025-08-02T14:57:13.000000,2025-08-02T20:57:13.000000,5
CHG-0000634,"VUL-NET: Cisco Wireless IOS-XE Software Update for WLC9800 | Jugoslavska, CZ (PRA06).",Software,Captain Marvel,Captain Marvel,Avengers II,Service A,Low,High,High,Closed,High,2025-08-02T04:14:17.000000,Saturday,2025-08-02T11:14:17.000000,2025-08-03T15:14:17.000000,5
CHG-0000635,Certificate adjustments for new virtual database pipelines.,Complaint,Shang Chi,Shang Chi,Avengers II,Service D,Low,Medium,High,Closed,Medium,2025-08-03T18:29:09.000000,Sunday,2025-08-03T21:29:09.000000,2025-08-04T01:29:09.000000,2
CHG-0000636,Increase VM capacity for ongoing AI processing workload.,Network,Hulk,Hulk,Avengers,Service E,High,Medium,Medium,Closed,High,2025-08-04T16:21:05.000000,Monday,2025-08-04T20:21:05.000000,2025-08-06T05:21:05.000000,2
CHG-0000637,Adjust Volume changes incompatible fixes mid-stage (handling-/handoff migration).,Facilities,Jack Sparrow,Jack Sparrow,Matrix,Service A,High,High,Medium,Closed,High,2025-08-04T12:13:02.000000,Monday,2025-08-04T19:13:02.000000,2025-08-05T18:13:02.000000,0
CHG-0000638,Install httpd-tools on edge proxy nodes.,Data,John Wick,John Wick,Matrix,Service E,High,High,High,Closed,Medium,2025-08-04T13:31:23.000000,Monday,2025-08-04T17:31:23.000000,2025-08-05T00:31:23.000000,3
CHG-0000639,Firewall subnet allocation and access provisioning for KL office gateway.,Failure,Doctor Strange,Doctor Strange,Avengers II,Service A,Medium,Medium,Medium,Closed,Medium,2025-08-05T22:27:24.000000,Tuesday,2025-08-06T04:27:24.000000,2025-08-07T05:27:24.000000,0
CHG-0000640,Software patch implementation targeting RHEL8.1 compatibility issues.,Hardware,Iron Man,Iron Man,Avengers,Service C,Low,Medium,High,Closed,High,2025-08-05T08:32:26.000000,Tuesday,2025-08-05T11:32:26.000000,2025-08-05T21:32:26.000000,1
CHG-0000641,Updating the IDRAC remote board Firmware and BIOS for secffme2.,Complaint,Shang Chi,Shang Chi,Avengers II,Service C,Low,Medium,Medium,Closed,Medium,2025-08-05T01:43:58.000000,Tuesday,2025-08-05T08:43:58.000000,2025-08-05T18:43:58.000000,0
CHG-0000642,Install system monitoring scripts on AWS-hosted general-purpose non-prod servers.,Facilities,Shang Chi,Shang Chi,Avengers II,Service D,Medium,Medium,Low,Closed,High,2025-08-05T13:18:28.000000,Tuesday,2025-08-05T18:18:28.000000,2025-08-06T09:18:28.000000,5
CHG-0000643,Software patch implementation targeting RHEL8.1 compatibility issues.,Network,Spiderman,Spiderman,Avengers II,Service C,Low,Low,Medium,In Progress,Medium,2025-08-06T12:25:38.000000,Wednesday,2025-08-06T19:25:38.000000,,5
CHG-0000644,Restart tkmweb database servers after container update failure response.,Facilities,Shang Chi,Shang Chi,Avengers II,Service B,Medium,Medium,Low,Closed,High,2025-08-07T17:18:17.000000,Thursday,2025-08-08T00:18:17.000000,2025-08-09T04:18:17.000000,4
CHG-0000645,Restart tkmdbp01 of configuration change took longer than expected.,Failure,Doctor Strange,Doctor Strange,Avengers II,Service A,High,Low,High,Closed,Medium,2025-08-07T21:37:38.000000,Thursday,2025-08-08T00:37:38.000000,2025-08-09T00:37:38.000000,0
CHG-0000646,UC4 Agent Installation on gcetcami001.,Facilities,Captain Marvel,Captain Marvel,Avengers II,Service B,Medium,High,High,Closed,High,2025-08-07T12:34:09.000000,Thursday,2025-08-07T18:34:09.000000,2025-08-08T02:34:09.000000,4
CHG-0000647,New IP subnet & access point testing for KL relocation project.,Failure,Loki,Loki,Avengers,Service B,Low,Medium,High,Closed,Critical,2025-08-07T03:01:09.000000,Thursday,2025-08-07T09:01:09.000000,2025-08-07T21:01:09.000000,2
CHG-0000648,VUL-NET: Critical Juniper network patch for external office gateways.,Access,Thor,Thor,Avengers,Service B,Medium,High,High,Closed,High,2025-08-08T10:23:54.000000,Friday,2025-08-08T17:23:54.000000,2025-08-09T02:23:54.000000,5
CHG-0000649,Restart tkmweb database servers after container update failure response.,Complaint,Thor,Thor,Avengers,Service D,Low,Low,Low,New,High,2025-08-09T21:33:43.000000,Saturday,,,1
CHG-0000650,Adjust Volume changes incompatible fixes mid-stage (handling-/handoff migration).,Software,Iron Man,Iron Man,Avengers,Service D,High,Low,Medium,Closed,High,2025-08-09T00:15:50.000000,Saturday,2025-08-09T04:15:50.000000,2025-08-09T20:15:50.000000,2
CHG-0000651,Grant access for backup recovery on production machine nodes in DR locations.,Failure,John Cena,John Cena,Matrix,Service E,Low,Medium,High,In Progress,Critical,2025-08-09T11:21:13.000000,Saturday,2025-08-09T14:21:13.000000,,4
CHG-0000652,Remote board SSL Cert renewal for anysgp15 & anysgp14.,Access,Loki,Loki,Avengers,Service D,Low,High,Medium,Closed,Medium,2025-08-09T06:31:52.000000,Saturday,2025-08-09T11:31:52.000000,2025-08-10T03:31:52.000000,1
CHG-0000653,Updating the IDRAC remote board Firmware and BIOS for sonklb31.,Access,Captain Marvel,Captain Marvel,Avengers II,Service E,High,Low,Medium,In Progress,Medium,2025-08-09T20:53:41.000000,Saturday,2025-08-09T22:53:41.000000,,2
CHG-0000654,SSL certificate renewal for SWS corporate web hosting final access gateways.,Data,Spiderman,Spiderman,Avengers II,Service D,Low,Medium,Medium,Closed,Low,2025-08-10T19:37:25.000000,Sunday,2025-08-11T03:37:25.000000,2025-08-11T12:37:25.000000,1
CHG-0000655,Execute hardening measures for SQL server instances post security audit.,Network,Iron Man,Iron Man,Avengers,Service E,High,High,Medium,Closed,High,2025-08-11T20:29:34.000000,Monday,2025-08-11T23:29:34.000000,2025-08-13T01:29:34.000000,0
CHG-0000656,TAPs installation in IMK productive connections for work order #REQ0157356.,Network,Loki,Loki,Avengers,Service D,High,Low,Low,New,Low,2025-08-11T14:31:28.000000,Monday,,,5
CHG-0000657,Reverse fallback isolation plan post-Palo Alto Prisma failure.,Data,Doctor Strange,Doctor Strange,Avengers II,Service D,Low,High,Medium,Closed,Medium,2025-08-11T15:53:13.000000,Monday,2025-08-11T22:53:13.000000,2025-08-12T12:53:13.000000,5
CHG-0000658,Firewall subnet allocation and access provisioning for KL office gateway.,Complaint,Iron Man,Iron Man,Avengers,Service B,Medium,Low,Low,Closed,Critical,2025-08-12T06:03:52.000000,Tuesday,2025-08-12T10:03:52.000000,2025-08-12T17:03:52.000000,4
CHG-0000659,Grant access to crontab for ta2twga on twgmmp01.zit.commerzbank.com.,Data,Hulk,Hulk,Avengers,Service E,Medium,Medium,Low,Closed,High,2025-08-13T08:03:31.000000,Wednesday,2025-08-13T12:03:31.000000,2025-08-14T18:03:31.000000,1
CHG-0000660,Firewall optimization for edge routing performance post DR testing.,Facilities,John Wick,John Wick,Matrix,Service A,High,Low,High,Closed,Critical,2025-08-13T18:41:37.000000,Wednesday,2025-08-13T23:41:37.000000,2025-08-15T06:41:37.000000,1
CHG-0000661,Enable ADFS custom user provisioning profile upload validation.,Software,Thor,Thor,Avengers,Service D,High,Medium,Low,Closed,Medium,2025-08-13T01:09:38.000000,Wednesday,2025-08-13T05:09:38.000000,2025-08-13T14:09:38.000000,2
CHG-0000662,Setup additional SAML authentication nodes in DMZ environment.,Hardware,Loki,Loki,Avengers,Service C,High,Low,High,Closed,High,2025-08-13T00:58:17.000000,Wednesday,2025-08-13T06:58:17.000000,2025-08-13T11:58:17.000000,1
CHG-0000663,Install httpd-tools on twgmmp01.zit.commerzbank.com.,Failure,Neo,Neo,Matrix,Service E,High,Medium,Medium,On Hold,Low,2025-08-13T18:35:45.000000,Wednesday,,,5
CHG-0000664,ACI switchports configuration for work orders #REQ0155328 #REQ0147118 #REQ0152855.,Hardware,Loki,Loki,Avengers,Service A,Low,Medium,High,Closed,Medium,2025-08-14T18:27:48.000000,Thursday,2025-08-14T20:27:48.000000,2025-08-16T00:27:48.000000,2
CHG-0000665,Complete SSL foundation checks for project-focused data endpoints.,Facilities,John Cena,John Cena,Matrix,Service D,Medium,Medium,High,Closed,High,2025-08-14T04:07:46.000000,Thursday,2025-08-14T11:07:46.000000,2025-08-15T18:07:46.000000,4
CHG-0000666,Enable ADFS custom user provisioning profile upload validation.,Hardware,Captain America,Captain America,Avengers,Service C,Medium,Medium,High,Closed,Medium,2025-08-14T04:33:30.000000,Thursday,2025-08-14T11:33:30.000000,2025-08-15T07:33:30.000000,2
CHG-0000667,Certificate renewal for cloud-hosted services 2026.,Software,Shang Chi,Shang Chi,Avengers II,Service A,Low,Medium,High,Closed,Medium,2025-08-14T23:11:34.000000,Thursday,2025-08-15T06:11:34.000000,2025-08-15T08:11:34.000000,3
CHG-0000668,SSL certificate renewal for SWS corporate web hosting final access gateways.,Failure,Captain Marvel,Captain Marvel,Avengers II,Service A,Medium,Low,Medium,Closed,Medium,2025-08-15T20:02:59.000000,Friday,2025-08-15T22:02:59.000000,2025-08-16T05:02:59.000000,2
CHG-0000669,"Server BIOS updates across remote virtual VM hosts (RESFFM01, SECFFM01).",Data,Iron Man,Iron Man,Avengers,Service D,High,Low,High,Closed,Critical,2025-08-15T23:31:26.000000,Friday,2025-08-16T04:31:26.000000,2025-08-16T23:31:26.000000,4
CHG-0000670,Execute systemctl daemon-reload on CSO VM (PROD).,Access,Shang Chi,Shang Chi,Avengers II,Service E,High,Low,High,In Progress,High,2025-08-16T16:16:45.000000,Saturday,2025-08-16T22:16:45.000000,,4
CHG-0000671,Increase VM capacity for ongoing AI processing workload.,Failure,Hulk,Hulk,Avengers,Service C,Medium,Low,High,Closed,Medium,2025-08-16T17:49:45.000000,Saturday,2025-08-17T00:49:45.000000,2025-08-17T08:49:45.000000,1
CHG-0000672,Install rsync on twgmmp01.,Network,Captain America,Captain America,Avengers,Service E,Low,High,High,Closed,Low,2025-08-16T03:35:30.000000,Saturday,2025-08-16T05:35:30.000000,2025-08-17T01:35:30.000000,5
CHG-0000673,Certificate update for Palo Alto gatekeeping subnet for KL relocation network.,Facilities,Captain America,Captain America,Avengers,Service E,Medium,Low,High,On Hold,Medium,2025-08-16T03:11:30.000000,Saturday,,,2
CHG-0000674,Database configuration check for performance improvements in PROD systems.,Network,Loki,Loki,Avengers,Service D,Low,Low,Low,Closed,High,2025-08-17T17:28:39.000000,Sunday,2025-08-18T00:28:39.000000,2025-08-18T23:28:39.000000,5
CHG-0000675,Online Banking external CB-APP onboarding on Radware On-prem environment.,Failure,Spiderman,Spiderman,Avengers II,Service A,High,Low,High,Closed,High,2025-08-17T06:25:44.000000,Sunday,2025-08-17T11:25:44.000000,2025-08-18T11:25:44.000000,2
CHG-0000676,Updating the IDRAC remote board Firmware and BIOS for sonklb31.,Software,John Wick,John Wick,Matrix,Service D,High,High,Low,Closed,Medium,2025-08-18T10:22:42.000000,Monday,2025-08-18T17:22:42.000000,2025-08-18T20:22:42.000000,4
CHG-0000677,Certificate renewal Digital Banking on PROD environment 2026.,Hardware,Captain America,Captain America,Avengers,Service E,Medium,Medium,Low,Closed,High,2025-08-18T20:03:41.000000,Monday,2025-08-18T23:03:41.000000,2025-08-20T01:03:41.000000,0
CHG-0000678,Install rsync on twgmmp01.,Data,Iron Man,Iron Man,Avengers,Service D,High,High,High,Closed,High,2025-08-19T12:16:29.000000,Tuesday,2025-08-19T20:16:29.000000,2025-08-20T16:16:29.000000,2
CHG-0000679,New IP subnet & access point testing for KL relocation project.,Software,Hulk,Hulk,Avengers,Service D,High,High,Low,Closed,High,2025-08-19T21:06:52.000000,Tuesday,2025-08-20T00:06:52.000000,2025-08-20T11:06:52.000000,0
CHG-0000680,Replace legacy switches with modern devices in Market Data Environment.,Hardware,John Wick,John Wick,Matrix,Service B,High,High,High,Closed,Low,2025-08-19T11:00:25.000000,Tuesday,2025-08-19T18:00:25.000000,2025-08-20T17:00:25.000000,2
CHG-0000681,Grant access for backup recovery on production machine nodes in DR locations.,Data,Hulk,Hulk,Avengers,Service D,High,Medium,High,Closed,High,2025-08-19T11:02:14.000000,Tuesday,2025-08-19T15:02:14.000000,2025-08-20T05:02:14.000000,2
CHG-0000682,Test external web proxy configurations on development servers.,Network,John Wick,John Wick,Matrix,Service A,Medium,Low,High,Closed,High,2025-08-20T11:17:38.000000,Wednesday,2025-08-20T13:17:38.000000,2025-08-21T15:17:38.000000,5
CHG-0000683,Certificate renewal for Avatar development environment - Cloud Integration Testing Area.,Software,Captain Marvel,Captain Marvel,Avengers II,Service B,Medium,High,Low,New,Medium,2025-08-20T05:30:37.000000,Wednesday,,,2
CHG-0000684,Test external web proxy configurations on development servers.,Software,Spiderman,Spiderman,Avengers II,Service A,Low,Medium,Low,Closed,Medium,2025-08-20T22:59:42.000000,Wednesday,2025-08-21T06:59:42.000000,2025-08-22T12:59:42.000000,1
CHG-0000685,"Server BIOS updates across remote virtual VM hosts (RESFFM01, SECFFM01).",Facilities,Neo,Neo,Matrix,Service C,Medium,Medium,Medium,Closed,High,2025-08-20T13:30:51.000000,Wednesday,2025-08-20T16:30:51.000000,2025-08-21T10:30:51.000000,1
CHG-0000686,Install system monitoring scripts on AWS-hosted general-purpose non-prod servers.,Facilities,Doctor Strange,Doctor Strange,Avengers II,Service A,Medium,Medium,Low,Closed,High,2025-08-21T23:08:22.000000,Thursday,2025-08-22T03:08:22.000000,2025-08-22T07:08:22.000000,3
CHG-0000687,Switchport configuration for targeted hosts to enhance authentication mechanisms.,Facilities,Captain America,Captain America,Avengers,Service C,High,Medium,High,Closed,Medium,2025-08-21T20:14:35.000000,Thursday,2025-08-22T02:14:35.000000,2025-08-23T13:14:35.000000,4
CHG-0000688,VUL-NET: Critical Juniper network patch for external office gateways.,Facilities,John Cena,John Cena,Matrix,Service A,Low,Medium,Medium,Closed,Medium,2025-08-21T22:03:46.000000,Thursday,2025-08-22T00:03:46.000000,2025-08-23T08:03:46.000000,3
CHG-0000689,Execute hardening measures for SQL server instances post security audit.,Facilities,Loki,Loki,Avengers,Service C,High,Low,Low,Closed,High,2025-08-21T21:56:44.000000,Thursday,2025-08-22T03:56:44.000000,2025-08-22T13:56:44.000000,0
CHG-0000690,"Remote board SSL Cert renewal for ressgpe0 , ressgpe1 , secsgpe0 & secsgpe1.",Data,Captain Marvel,Captain Marvel,Avengers II,Service A,High,Low,Low,On Hold,Medium,2025-08-22T05:18:49.000000,Friday,,,2
CHG-0000691,Certificate update for Office 365 external access via Global Protect Gateways.,Hardware,Captain America,Captain America,Avengers,Service E,Low,Low,High,Closed,High,2025-08-22T08:57:27.000000,Friday,2025-08-22T13:57:27.000000,2025-08-23T04:57:27.000000,4
CHG-0000692,Reverse fallback isolation plan post-Palo Alto Prisma failure.,Complaint,Batman,Batman,Matrix,Service D,Medium,High,High,Closed,Critical,2025-08-23T18:18:04.000000,Saturday,2025-08-23T21:18:04.000000,2025-08-24T13:18:04.000000,5
CHG-0000693,Updating the IDRAC remote board Firmware and BIOS for timffm21.,Hardware,Captain America,Captain America,Avengers,Service C,Medium,High,Low,Closed,High,2025-08-23T14:02:41.000000,Saturday,2025-08-23T16:02:41.000000,2025-08-24T19:02:41.000000,1
CHG-0000694,Grant access to crontab for ta2twga on twgmmp01.zit.commerzbank.com.,Failure,John Cena,John Cena,Matrix,Service C,Medium,Medium,High,Closed,High,2025-08-23T21:29:06.000000,Saturday,2025-08-24T03:29:06.000000,2025-08-24T07:29:06.000000,1
CHG-0000695,Install Redis cluster monitoring tools in shard servers.,Access,John Wick,John Wick,Matrix,Service D,Low,Low,High,Closed,High,2025-08-23T08:50:47.000000,Saturday,2025-08-23T14:50:47.000000,2025-08-25T02:50:47.000000,2
CHG-0000696,Online Banking external CB-APP onboarding on Radware On-prem environment.,Access,Loki,Loki,Avengers,Service B,Medium,High,Medium,Closed,Low,2025-08-23T15:49:34.000000,Saturday,2025-08-23T17:49:34.000000,2025-08-24T06:49:34.000000,3
CHG-0000697,ACI switchports configuration for work orders #REQ0155328 #REQ0147118 #REQ0152855.,Hardware,Neo,Neo,Matrix,Service E,High,High,High,Closed,Low,2025-08-24T14:17:34.000000,Sunday,2025-08-24T19:17:34.000000,2025-08-25T06:17:34.000000,2
CHG-0000698,Setup additional SAML authentication nodes in DMZ environment.,Data,Jack Sparrow,Jack Sparrow,Matrix,Service E,Low,High,Low,Closed,Medium,2025-08-25T06:21:23.000000,Monday,2025-08-25T12:21:23.000000,2025-08-26T00:21:23.000000,3
CHG-0000699,Firewall configuration changes for disaster recovery validation testing.,Hardware,Captain America,Captain America,Avengers,Service A,High,Low,Medium,Closed,High,2025-08-25T02:53:48.000000,Monday,2025-08-25T08:53:48.000000,2025-08-26T18:53:48.000000,5
CHG-0000700,Execution of systemctl daemon-reload to patch Prod-CSO VM resiliency.,Network,Hulk,Hulk,Avengers,Service D,Low,Low,Low,Closed,High,2025-08-25T05:13:59.000000,Monday,2025-08-25T10:13:59.000000,2025-08-25T20:13:59.000000,5
CHG-0000701,SSL certificate renewal for SWS corporate web hosting final access gateways.,Data,John Cena,John Cena,Matrix,Service C,High,High,Medium,Closed,High,2025-08-25T19:28:37.000000,Monday,2025-08-26T00:28:37.000000,2025-08-27T10:28:37.000000,5
CHG-0000702,Patch network appliances for compliance with wireless protocols.,Access,Loki,Loki,Avengers,Service E,Low,Low,Low,Closed,Low,2025-08-26T22:16:03.000000,Tuesday,2025-08-27T05:16:03.000000,2025-08-28T11:16:03.000000,0
CHG-0000703,Certificate renewal request for high-availability environment 2026.,Network,Doctor Strange,Doctor Strange,Avengers II,Service B,High,Low,Medium,Closed,Medium,2025-08-26T19:28:40.000000,Tuesday,2025-08-27T03:28:40.000000,2025-08-27T10:28:40.000000,5
CHG-0000704,Certificate renewal Digital Banking on PROD environment 2026.,Software,Thor,Thor,Avengers,Service D,Low,Medium,Medium,Closed,Medium,2025-08-27T02:58:03.000000,Wednesday,2025-08-27T09:58:03.000000,2025-08-27T17:58:03.000000,2
CHG-0000705,TAPs installation in IMK productive connections for work order #REQ0157356.,Failure,Captain America,Captain America,Avengers,Service A,High,High,Medium,Closed,High,2025-08-27T00:00:46.000000,Wednesday,2025-08-27T06:00:46.000000,2025-08-28T01:00:46.000000,4
CHG-0000706,Update the IDRAC remote board Firmware and BIOS for secklb01.,Failure,Loki,Loki,Avengers,Service B,Medium,Low,Medium,Closed,Medium,2025-08-27T03:06:02.000000,Wednesday,2025-08-27T11:06:02.000000,2025-08-27T17:06:02.000000,5
CHG-0000707,Certificate renewal for Avatar PROD environment 2026 - (VAA-Threat Application).,Data,Captain Marvel,Captain Marvel,Avengers II,Service A,Medium,Medium,High,In Progress,Medium,2025-08-27T10:03:44.000000,Wednesday,2025-08-27T18:03:44.000000,,5
CHG-0000708,Firewall configuration changes for disaster recovery validation testing.,Complaint,Thor,Thor,Avengers,Service E,Medium,Medium,High,Closed,High,2025-08-27T20:16:19.000000,Wednesday,2025-08-27T23:16:19.000000,2025-08-29T03:16:19.000000,0
CHG-0000709,Certificate renewal for Avatar development environment - Cloud Integration Testing Area.,Facilities,Captain America,Captain America,Avengers,Service B,High,Medium,High,On Hold,Critical,2025-08-28T19:35:27.000000,Thursday,,,3
CHG-0000710,Enable ADFS custom user provisioning profile upload validation.,Hardware,Hulk,Hulk,Avengers,Service C,Low,High,High,Closed,Medium,2025-08-28T12:24:08.000000,Thursday,2025-08-28T15:24:08.000000,2025-08-28T20:24:08.000000,1
CHG-0000711,Expand edge metrics transitioning through Palo FLEX Zeon tiers vs EU roots.,Failure,John Wick,John Wick,Matrix,Service B,High,Medium,High,In Progress,High,2025-08-28T03:59:00.000000,Thursday,2025-08-28T08:59:00.000000,,2
CHG-0000712,"Remote board SSL Cert renewal for ressgpe0 , ressgpe1 , secsgpe0 & secsgpe1.",Network,Iron Man,Iron Man,Avengers,Service D,High,Medium,Medium,Closed,Medium,2025-08-29T12:57:16.000000,Friday,2025-08-29T16:57:16.000000,2025-08-30T10:57:16.000000,4
CHG-0000713,Firewall rule onboarding for external SaaS applications via Palo Alto setup.,Software,Spiderman,Spiderman,Avengers II,Service B,High,Low,Low,Closed,Low,2025-08-30T08:41:40.000000,Saturday,2025-08-30T15:41:40.000000,2025-08-30T20:41:40.000000,4
CHG-0000714,Remote board SSL Cert renewal for anysgp15 & anysgp14.,Data,Captain Marvel,Captain Marvel,Avengers II,Service B,Medium,Low,High,Closed,Medium,2025-08-30T00:33:18.000000,Saturday,2025-08-30T06:33:18.000000,2025-08-30T13:33:18.000000,3
CHG-0000715,Initiate scheduled SAN Storage Array node reboot to resolve high uptime issue.,Software,Thor,Thor,Avengers,Service C,Low,Low,Low,Closed,High,2025-08-30T06:23:12.000000,Saturday,2025-08-30T09:23:12.000000,2025-08-31T00:23:12.000000,1
CHG-0000716,Updating the IDRAC remote board Firmware and BIOS for timffm21.,Hardware,Hulk,Hulk,Avengers,Service D,High,Low,High,Closed,Medium,2025-08-31T08:18:19.000000,Sunday,2025-08-31T10:18:19.000000,2025-09-01T12:18:19.000000,0
CHG-0000717,"VUL-NET: Cisco Wireless IOS-XE Software Update for WLC9800 | Jugoslavska, CZ (PRA06).",Software,Thor,Thor,Avengers,Service E,High,Low,Medium,Closed,Medium,2025-08-31T03:30:10.000000,Sunday,2025-08-31T08:30:10.000000,2025-09-01T12:30:10.000000,1
CHG-0000718,Update the IDRAC remote board Firmware and BIOS for secklb01.,Network,Captain America,Captain America,Avengers,Service C,High,High,Low,Closed,Medium,2025-08-31T00:46:17.000000,Sunday,2025-08-31T03:46:17.000000,2025-08-31T12:46:17.000000,0
CHG-0000719,TAPs installation in IMK productive connections for work order #REQ0157356.,Data,Captain Marvel,Captain Marvel,Avengers II,Service B,Low,Medium,Medium,Closed,Low,2025-08-31T09:48:33.000000,Sunday,2025-08-31T13:48:33.000000,2025-09-02T00:48:33.000000,2
CHG-0000720,Expand edge metrics transitioning through Palo FLEX Zeon tiers vs EU roots.,Access,Doctor Strange,Doctor Strange,Avengers II,Service D,High,High,Low,Closed,Low,2025-08-31T18:26:53.000000,Sunday,2025-08-31T20:26:53.000000,2025-09-01T00:26:53.000000,0
CHG-0000721,Update the IDRAC remote board Firmware and BIOS for secklb01.,Complaint,Hulk,Hulk,Avengers,Service B,Low,Medium,Low,Closed,Medium,2025-09-01T17:47:20.000000,Monday,2025-09-02T01:47:20.000000,2025-09-02T10:47:20.000000,5
CHG-0000722,Updating the IDRAC remote board Firmware and BIOS for timffm21.,Data,Thor,Thor,Avengers,Service A,Low,Medium,High,Closed,Medium,2025-09-02T10:31:37.000000,Tuesday,2025-09-02T14:31:37.000000,2025-09-04T00:31:37.000000,2
CHG-0000723,Certificate adjustments for new virtual database pipelines.,Complaint,Iron Man,Iron Man,Avengers,Service A,High,Low,Low,Closed,Medium,2025-09-02T22:20:13.000000,Tuesday,2025-09-03T02:20:13.000000,2025-09-03T16:20:13.000000,3
CHG-0000724,Updating the IDRAC remote board Firmware and BIOS for secffme2.,Network,Doctor Strange,Doctor Strange,Avengers II,Service D,High,Low,High,New,High,2025-09-02T21:34:35.000000,Tuesday,,,2
CHG-0000725,Updating the IDRAC remote board Firmware and BIOS for timffm21.,Failure,Captain America,Captain America,Avengers,Service D,High,Medium,Medium,Closed,Low,2025-09-03T14:01:17.000000,Wednesday,2025-09-03T21:01:17.000000,2025-09-04T20:01:17.000000,0
CHG-0000726,Case 65943239: Upgrade Ontap version to 9.14.1P12.,Network,Doctor Strange,Doctor Strange,Avengers II,Service B,High,Medium,Medium,Closed,Medium,2025-09-03T13:52:24.000000,Wednesday,2025-09-03T17:52:24.000000,2025-09-04T01:52:24.000000,2
CHG-0000727,Certificate renewal for Avatar PROD environment 2026 - (VAA-Threat Application).,Complaint,Captain Marvel,Captain Marvel,Avengers II,Service E,Low,Medium,Medium,Closed,Medium,2025-09-03T02:48:14.000000,Wednesday,2025-09-03T07:48:14.000000,2025-09-03T23:48:14.000000,4
CHG-0000728,Database configuration check for performance improvements in PROD systems.,Software,Batman,Batman,Matrix,Service B,High,High,High,Closed,Critical,2025-09-03T09:41:05.000000,Wednesday,2025-09-03T11:41:05.000000,2025-09-04T20:41:05.000000,0
CHG-0000729,Certificate update for Palo Alto gatekeeping subnet for KL relocation network.,Hardware,Captain Marvel,Captain Marvel,Avengers II,Service B,High,Low,Low,Closed,Critical,2025-09-03T19:59:44.000000,Wednesday,2025-09-03T22:59:44.000000,2025-09-04T10:59:44.000000,4
CHG-0000730,Setup additional SAML authentication nodes in DMZ environment.,Data,Shang Chi,Shang Chi,Avengers II,Service E,Medium,Medium,High,Closed,High,2025-09-04T18:00:32.000000,Thursday,2025-09-05T00:00:32.000000,2025-09-06T00:00:32.000000,4
CHG-0000731,UC4 Agent Installation on gcetcami001.,Facilities,Hulk,Hulk,Avengers,Service B,Low,Medium,High,Closed,Medium,2025-09-04T10:41:18.000000,Thursday,2025-09-04T17:41:18.000000,2025-09-04T20:41:18.000000,4
CHG-0000732,Update IDRAC board for core cluster PROD servers.,Access,Neo,Neo,Matrix,Service B,High,Low,Medium,In Progress,Critical,2025-09-04T21:40:57.000000,Thursday,2025-09-05T03:40:57.000000,,2
CHG-0000733,Certificate update for Office 365 external access via Global Protect Gateways.,Software,Doctor Strange,Doctor Strange,Avengers II,Service A,Medium,High,Medium,Closed,Medium,2025-09-04T06:53:35.000000,Thursday,2025-09-04T14:53:35.000000,2025-09-05T03:53:35.000000,4
CHG-0000734,ACI switchports configuration for work orders #REQ0155328 #REQ0147118 #REQ0152855.,Access,Doctor Strange,Doctor Strange,Avengers II,Service E,Low,Low,Medium,On Hold,Low,2025-09-05T12:58:08.000000,Friday,,,0
CHG-0000735,SSL certificate renewal for SWS corporate web hosting final access gateways.,Network,Doctor Strange,Doctor Strange,Avengers II,Service B,Low,High,Low,Closed,Medium,2025-09-05T16:01:49.000000,Friday,2025-09-05T20:01:49.000000,2025-09-06T21:01:49.000000,2
CHG-0000736,Updating the IDRAC remote board Firmware and BIOS for secffme2.,Complaint,John Cena,John Cena,Matrix,Service A,Medium,High,High,Closed,Medium,2025-09-05T13:22:10.000000,Friday,2025-09-05T18:22:10.000000,2025-09-06T19:22:10.000000,2
CHG-0000737,Request for temporary access rights on Finance application Web UI.,Software,Captain Marvel,Captain Marvel,Avengers II,Service A,High,High,Medium,Closed,Medium,2025-09-05T08:00:41.000000,Friday,2025-09-05T13:00:41.000000,2025-09-06T22:00:41.000000,5
CHG-0000738,VUL-NET: Critical Juniper network patch for external office gateways.,Network,Iron Man,Iron Man,Avengers,Service B,High,Medium,High,Closed,Medium,2025-09-05T18:20:48.000000,Friday,2025-09-06T00:20:48.000000,2025-09-07T06:20:48.000000,5
CHG-0000739,Enable ADFS custom user provisioning profile upload validation.,Data,Captain Marvel,Captain Marvel,Avengers II,Service C,Medium,High,Medium,Closed,High,2025-09-06T00:39:49.000000,Saturday,2025-09-06T03:39:49.000000,2025-09-07T14:39:49.000000,4
CHG-0000740,Firewall configuration changes for disaster recovery validation testing.,Access,Jack Sparrow,Jack Sparrow,Matrix,Service A,Medium,Low,Medium,Closed,Low,2025-09-06T18:35:35.000000,Saturday,2025-09-07T02:35:35.000000,2025-09-07T17:35:35.000000,0
CHG-0000741,Provision new storage array in EU data center for increased redundancy.,Hardware,Neo,Neo,Matrix,Service C,High,High,Medium,Closed,Medium,2025-09-06T18:13:20.000000,Saturday,2025-09-07T00:13:20.000000,2025-09-07T03:13:20.000000,5
CHG-0000742,Deploy ACL rules for high-priority Office 365 tenants across European zones.,Failure,Thor,Thor,Avengers,Service D,Medium,Medium,High,New,Medium,2025-09-06T11:41:11.000000,Saturday,,,3
CHG-0000743,Restart tkmdbp01 of configuration change took longer than expected.,Data,Batman,Batman,Matrix,Service D,High,Low,High,On Hold,Medium,2025-09-06T02:13:32.000000,Saturday,,,2
CHG-0000744,Install httpd-tools on twgmmp01.zit.commerzbank.com.,Failure,Shang Chi,Shang Chi,Avengers II,Service C,High,Low,High,Closed,Low,2025-09-07T06:47:57.000000,Sunday,2025-09-07T09:47:57.000000,2025-09-07T21:47:57.000000,0
CHG-0000745,Database configuration check for performance improvements in PROD systems.,Access,Hulk,Hulk,Avengers,Service D,Low,High,High,Closed,High,2025-09-07T07:54:32.000000,Sunday,2025-09-07T09:54:32.000000,2025-09-07T15:54:32.000000,1
CHG-0000746,Certificate adjustments for new virtual database pipelines.,Network,John Cena,John Cena,Matrix,Service E,Medium,Low,High,Closed,Medium,2025-09-08T11:00:12.000000,Monday,2025-09-08T18:00:12.000000,2025-09-09T00:00:12.000000,1
CHG-0000747,VUL-NET: Critical Juniper network patch for external office gateways.,Software,Doctor Strange,Doctor Strange,Avengers II,Service B,Low,Low,Low,Closed,Medium,2025-09-08T04:33:33.000000,Monday,2025-09-08T10:33:33.000000,2025-09-09T14:33:33.000000,1
CHG-0000748,Install httpd-tools on twgmmp01.zit.commerzbank.com.,Facilities,Iron Man,Iron Man,Avengers,Service E,Medium,High,High,Closed,Critical,2025-09-08T11:17:07.000000,Monday,2025-09-08T15:17:07.000000,2025-09-09T00:17:07.000000,0
CHG-0000749,Certificate update for Palo Alto gatekeeping subnet for KL relocation network.,Facilities,Thor,Thor,Avengers,Service B,Medium,Low,Low,Closed,Low,2025-09-08T05:36:58.000000,Monday,2025-09-08T11:36:58.000000,2025-09-09T17:36:58.000000,1
CHG-0000750,Remote board SSL Cert renewal for anysgp15 & anysgp14.,Failure,Captain Marvel,Captain Marvel,Avengers II,Service E,Low,Low,High,Closed,Medium,2025-09-09T09:46:08.000000,Tuesday,2025-09-09T16:46:08.000000,2025-09-11T03:46:08.000000,0
CHG-0000751,Online Banking external CB-APP onboarding on Radware On-prem environment.,Failure,Batman,Batman,Matrix,Service A,Medium,High,Medium,Closed,High,2025-09-09T03:28:10.000000,Tuesday,2025-09-09T11:28:10.000000,2025-09-09T23:28:10.000000,4
CHG-0000752,Certificate update for Office 365 external access via Global Protect Gateways.,Access,Loki,Loki,Avengers,Service B,Low,Low,High,On Hold,Critical,2025-09-09T10:09:15.000000,Tuesday,,,3
CHG-0000753,TAPs installation in IMK productive connections for work order #REQ0157356.,Failure,Hulk,Hulk,Avengers,Service E,High,High,Medium,Closed,High,2025-09-09T21:16:53.000000,Tuesday,2025-09-10T02:16:53.000000,2025-09-11T07:16:53.000000,0
CHG-0000754,Update from RHEL8.9 to RHEL8.10 on database workloads (non-prod).,Network,John Wick,John Wick,Matrix,Service E,Medium,Low,Low,Closed,High,2025-09-10T20:57:17.000000,Wednesday,2025-09-10T23:57:17.000000,2025-09-12T11:57:17.000000,1
CHG-0000755,"VUL-NET: Apply Cisco IOS Software Update for routers at PRA, SHA, and TOK sites.",Facilities,Spiderman,Spiderman,Avengers II,Service D,Low,Medium,High,Closed,High,2025-09-10T13:14:17.000000,Wednesday,2025-09-10T17:14:17.000000,2025-09-11T12:14:17.000000,1
CHG-0000756,Database configuration check for performance improvements in PROD systems.,Facilities,Iron Man,Iron Man,Avengers,Service A,Low,High,Medium,Closed,Medium,2025-09-10T15:00:34.000000,Wednesday,2025-09-10T22:00:34.000000,2025-09-11T01:00:34.000000,5
CHG-0000757,Enable additional remote IPV6 routing for Japanese production systems.,Complaint,Loki,Loki,Avengers,Service E,Low,High,Low,Closed,Low,2025-09-11T14:26:34.000000,Thursday,2025-09-11T21:26:34.000000,2025-09-11T23:26:34.000000,1
CHG-0000758,Firewall subnet allocation and access provisioning for KL office gateway.,Hardware,Captain America,Captain America,Avengers,Service D,Medium,Low,High,Closed,Medium,2025-09-12T00:11:35.000000,Friday,2025-09-12T05:11:35.000000,2025-09-13T10:11:35.000000,3
CHG-0000759,Case 65943239: Upgrade Ontap version to 9.14.1P12.,Access,Hulk,Hulk,Avengers,Service A,High,Medium,High,Closed,Medium,2025-09-12T11:01:48.000000,Friday,2025-09-12T14:01:48.000000,2025-09-12T19:01:48.000000,4
CHG-0000760,Case 65943239: Upgrade Ontap version to 9.14.1P12.,Network,Loki,Loki,Avengers,Service E,Medium,High,Low,Closed,High,2025-09-13T08:41:12.000000,Saturday,2025-09-13T15:41:12.000000,2025-09-14T12:41:12.000000,3
CHG-0000761,Certificate renewal for Avatar PROD environment 2026 - (VAA-Threat Application).,Data,Doctor Strange,Doctor Strange,Avengers II,Service E,Low,High,High,Closed,Medium,2025-09-13T22:53:00.000000,Saturday,2025-09-14T04:53:00.000000,2025-09-15T06:53:00.000000,4
CHG-0000762,Database configuration check for performance improvements in PROD systems.,Network,Neo,Neo,Matrix,Service C,Medium,High,High,Closed,Low,2025-09-13T23:57:17.000000,Saturday,2025-09-14T07:57:17.000000,2025-09-15T03:57:17.000000,1
CHG-0000763,Update the IDRAC remote board Firmware and BIOS for secklb01.,Complaint,Thor,Thor,Avengers,Service E,Low,Medium,Low,Closed,High,2025-09-13T05:28:39.000000,Saturday,2025-09-13T11:28:39.000000,2025-09-14T16:28:39.000000,1
CHG-0000764,Install httpd-tools on twgmmp01.zit.commerzbank.com.,Complaint,Captain America,Captain America,Avengers,Service C,Medium,Low,Low,Closed,High,2025-09-13T11:08:56.000000,Saturday,2025-09-13T14:08:56.000000,2025-09-14T01:08:56.000000,3
CHG-0000765,Software patch implementation targeting RHEL8.1 compatibility issues.,Data,Captain Marvel,Captain Marvel,Avengers II,Service C,Medium,High,Medium,Closed,Low,2025-09-14T23:41:53.000000,Sunday,2025-09-15T06:41:53.000000,2025-09-16T17:41:53.000000,1
CHG-0000766,Execute systemctl daemon-reload on CSO VM (PROD).,Software,Loki,Loki,Avengers,Service D,Medium,Low,Medium,Closed,Critical,2025-09-14T08:29:39.000000,Sunday,2025-09-14T16:29:39.000000,2025-09-15T03:29:39.000000,2
CHG-0000767,Replace legacy switches with modern devices in Market Data Environment.,Failure,Batman,Batman,Matrix,Service E,High,Medium,Medium,Closed,High,2025-09-14T22:07:52.000000,Sunday,2025-09-15T01:07:52.000000,2025-09-15T12:07:52.000000,0
CHG-0000768,Increase VM capacity for ongoing AI processing workload.,Complaint,Thor,Thor,Avengers,Service A,High,Medium,Low,Closed,Low,2025-09-14T15:25:43.000000,Sunday,2025-09-14T19:25:43.000000,2025-09-15T06:25:43.000000,2
CHG-0000769,Software patch implementation targeting RHEL8.1 compatibility issues.,Network,Loki,Loki,Avengers,Service E,Low,High,High,Closed,Medium,2025-09-15T12:04:41.000000,Monday,2025-09-15T18:04:41.000000,2025-09-17T03:04:41.000000,5
CHG-0000770,Grant access to crontab for ta2twga on twgmmp01.zit.commerzbank.com.,Access,Thor,Thor,Avengers,Service B,Low,Low,Low,Closed,High,2025-09-15T10:35:19.000000,Monday,2025-09-15T17:35:19.000000,2025-09-16T22:35:19.000000,3
CHG-0000771,Install system monitoring scripts on AWS-hosted general-purpose non-prod servers.,Software,Iron Man,Iron Man,Avengers,Service D,Low,High,Low,Closed,High,2025-09-15T04:03:41.000000,Monday,2025-09-15T08:03:41.000000,2025-09-15T15:03:41.000000,2
CHG-0000772,Expand edge metrics transitioning through Palo FLEX Zeon tiers vs EU roots.,Facilities,Hulk,Hulk,Avengers,Service C,Medium,Medium,Low,Closed,Medium,2025-09-16T15:51:21.000000,Tuesday,2025-09-16T21:51:21.000000,2025-09-17T07:51:21.000000,1
CHG-0000773,Certificate renewal for cloud-hosted services 2026.,Network,Loki,Loki,Avengers,Service B,Low,Medium,Medium,Closed,High,2025-09-16T11:28:11.000000,Tuesday,2025-09-16T17:28:11.000000,2025-09-17T22:28:11.000000,0
CHG-0000774,Certificate renewal for Avatar development environment - Cloud Integration Testing Area.,Software,Jack Sparrow,Jack Sparrow,Matrix,Service D,Medium,Medium,Medium,Closed,Medium,2025-09-16T02:15:38.000000,Tuesday,2025-09-16T07:15:38.000000,2025-09-17T03:15:38.000000,1
CHG-0000775,Firewall optimization for edge routing performance post DR testing.,Network,John Cena,John Cena,Matrix,Service C,High,Low,Low,Closed,Medium,2025-09-16T21:24:20.000000,Tuesday,2025-09-17T02:24:20.000000,2025-09-17T14:24:20.000000,0
CHG-0000776,"VUL-NET: Apply Cisco IOS Software Update for routers at PRA, SHA, and TOK sites.",Failure,Captain America,Captain America,Avengers,Service A,High,Low,Medium,Closed,Medium,2025-09-16T05:27:39.000000,Tuesday,2025-09-16T09:27:39.000000,2025-09-17T21:27:39.000000,4
CHG-0000777,Execute hardening measures for SQL server instances post security audit.,Failure,Jack Sparrow,Jack Sparrow,Matrix,Service E,Medium,High,High,New,Medium,2025-09-17T03:20:38.000000,Wednesday,,,0
CHG-0000778,"VUL-NET: Apply Cisco IOS Software Update for routers at PRA, SHA, and TOK sites.",Facilities,Doctor Strange,Doctor Strange,Avengers II,Service A,Low,High,Medium,Closed,Medium,2025-09-17T15:51:11.000000,Wednesday,2025-09-17T18:51:11.000000,2025-09-17T20:51:11.000000,4
CHG-0000779,Updating the IDRAC remote board Firmware and BIOS for secffme2.,Facilities,Hulk,Hulk,Avengers,Service C,Low,High,High,Closed,Critical,2025-09-18T15:51:05.000000,Thursday,2025-09-18T23:51:05.000000,2025-09-19T13:51:05.000000,2
CHG-0000780,Certificate update for Office 365 external access via Global Protect Gateways.,Failure,Captain Marvel,Captain Marvel,Avengers II,Service E,Medium,Low,Medium,In Progress,High,2025-09-18T17:32:04.000000,Thursday,2025-09-19T00:32:04.000000,,0
CHG-0000781,Install httpd-tools on edge proxy nodes.,Data,Batman,Batman,Matrix,Service A,Medium,Medium,Low,Closed,High,2025-09-18T20:15:45.000000,Thursday,2025-09-19T00:15:45.000000,2025-09-19T07:15:45.000000,2
CHG-0000782,Certificate adjustments for new virtual database pipelines.,Failure,Spiderman,Spiderman,Avengers II,Service D,High,Low,Low,Closed,Medium,2025-09-18T05:49:17.000000,Thursday,2025-09-18T12:49:17.000000,2025-09-19T09:49:17.000000,0
CHG-0000783,Updating the IDRAC remote board Firmware and BIOS for secffme2.,Access,Captain Marvel,Captain Marvel,Avengers II,Service C,Medium,Low,Low,Closed,Critical,2025-09-19T17:44:24.000000,Friday,2025-09-19T20:44:24.000000,2025-09-20T14:44:24.000000,0
CHG-0000784,Adjust Volume changes incompatible fixes mid-stage (handling-/handoff migration).,Facilities,Batman,Batman,Matrix,Service B,Medium,Low,Low,Closed,Medium,2025-09-20T19:12:15.000000,Saturday,2025-09-20T23:12:15.000000,2025-09-21T05:12:15.000000,1
CHG-0000785,Updating the IDRAC remote board Firmware and BIOS for sonklb31.,Data,Hulk,Hulk,Avengers,Service B,High,Medium,Medium,Closed,Medium,2025-09-21T08:38:53.000000,Sunday,2025-09-21T15:38:53.000000,2025-09-22T23:38:53.000000,0
CHG-0000786,TAPs installation in IMK productive connections for work order #REQ0157356.,Facilities,Thor,Thor,Avengers,Service B,Medium,Low,Low,Closed,Medium,2025-09-22T05:47:11.000000,Monday,2025-09-22T07:47:11.000000,2025-09-23T04:47:11.000000,4
CHG-0000787,"Server BIOS updates across remote virtual VM hosts (RESFFM01, SECFFM01).",Data,Captain America,Captain America,Avengers,Service D,Low,Medium,High,Closed,Medium,2025-09-23T19:40:18.000000,Tuesday,2025-09-23T22:40:18.000000,2025-09-24T04:40:18.000000,4
CHG-0000788,Firewall subnet allocation and access provisioning for KL office gateway.,Hardware,Doctor Strange,Doctor Strange,Avengers II,Service B,Medium,Medium,Low,Closed,Medium,2025-09-23T14:22:27.000000,Tuesday,2025-09-23T20:22:27.000000,2025-09-25T00:22:27.000000,1
CHG-0000789,Subnet migration alignment to cater towards hybrid env-discoveries (Prepare Step ongoing).,Facilities,Jack Sparrow,Jack Sparrow,Matrix,Service C,High,Low,Medium,Closed,Medium,2025-09-23T13:33:10.000000,Tuesday,2025-09-23T18:33:10.000000,2025-09-25T01:33:10.000000,5
CHG-0000790,Case 65943239: Upgrade Ontap version to 9.14.1P12.,Complaint,Doctor Strange,Doctor Strange,Avengers II,Service B,Low,High,High,On Hold,Critical,2025-09-24T03:09:42.000000,Wednesday,,,4
CHG-0000791,Switchport configuration for targeted hosts to enhance authentication mechanisms.,Software,Hulk,Hulk,Avengers,Service D,Low,Medium,Low,Closed,High,2025-09-24T16:31:41.000000,Wednesday,2025-09-24T18:31:41.000000,2025-09-25T00:31:41.000000,1
CHG-0000792,Updating the IDRAC remote board Firmware and BIOS for sonklb31.,Facilities,Shang Chi,Shang Chi,Avengers II,Service A,Low,Low,Medium,Closed,Low,2025-09-24T13:43:27.000000,Wednesday,2025-09-24T18:43:27.000000,2025-09-25T22:43:27.000000,2
CHG-0000793,Patch network appliances for compliance with wireless protocols.,Failure,Loki,Loki,Avengers,Service C,Low,Medium,Low,On Hold,High,2025-09-24T10:21:39.000000,Wednesday,,,4
CHG-0000794,Restart tkmweb database servers after container update failure response.,Complaint,Hulk,Hulk,Avengers,Service A,High,Medium,High,Closed,Medium,2025-09-25T14:49:22.000000,Thursday,2025-09-25T20:49:22.000000,2025-09-27T00:49:22.000000,4
CHG-0000795,ACI switchports configuration for work orders #REQ0155328 #REQ0147118 #REQ0152855.,Software,Iron Man,Iron Man,Avengers,Service C,Medium,Low,High,Closed,High,2025-09-26T11:13:42.000000,Friday,2025-09-26T13:13:42.000000,2025-09-27T19:13:42.000000,3
CHG-0000796,Restart tkmweb database servers after container update failure response.,Facilities,Neo,Neo,Matrix,Service A,High,Medium,Medium,In Progress,High,2025-09-26T08:03:13.000000,Friday,2025-09-26T13:03:13.000000,,2
CHG-0000797,Patch remote job runner script dependencies for IMK analytics platform.,Software,Doctor Strange,Doctor Strange,Avengers II,Service D,Medium,Low,High,On Hold,High,2025-09-26T09:54:25.000000,Friday,,,4
CHG-0000798,Execute systemctl daemon-reload on CSO VM (PROD).,Complaint,Iron Man,Iron Man,Avengers,Service D,Medium,Low,Medium,Closed,High,2025-09-26T20:53:01.000000,Friday,2025-09-26T22:53:01.000000,2025-09-28T04:53:01.000000,1
CHG-0000799,"Remote board SSL Cert renewal for ressgpe0 , ressgpe1 , secsgpe0 & secsgpe1.",Facilities,Shang Chi,Shang Chi,Avengers II,Service D,Low,High,Medium,Closed,Medium,2025-09-26T10:13:58.000000,Friday,2025-09-26T14:13:58.000000,2025-09-27T17:13:58.000000,4
CHG-0000800,Updating the IDRAC remote board Firmware and BIOS for timffm21.,Data,Thor,Thor,Avengers,Service D,Low,High,Medium,On Hold,Low,2025-09-27T23:17:38.000000,Saturday,,,4
CHG-0000801,Request for temporary access rights on Finance application Web UI.,Failure,Doctor Strange,Doctor Strange,Avengers II,Service E,Low,Medium,Medium,Closed,Medium,2025-09-27T19:00:52.000000,Saturday,2025-09-27T22:00:52.000000,2025-09-28T15:00:52.000000,2
CHG-0000802,Software patch implementation targeting RHEL8.1 compatibility issues.,Facilities,Batman,Batman,Matrix,Service E,Low,Low,Low,On Hold,Medium,2025-09-27T08:50:02.000000,Saturday,,,3
CHG-0000803,Firewall rule onboarding for external SaaS applications via Palo Alto setup.,Complaint,Iron Man,Iron Man,Avengers,Service C,Low,Low,Low,Closed,High,2025-09-27T04:59:45.000000,Saturday,2025-09-27T10:59:45.000000,2025-09-28T02:59:45.000000,4
CHG-0000804,ACI switchports configuration for work orders #REQ0155328 #REQ0147118 #REQ0152855.,Failure,Doctor Strange,Doctor Strange,Avengers II,Service B,Medium,Low,Low,On Hold,High,2025-09-28T10:00:06.000000,Sunday,,,3
CHG-0000805,Subnet migration alignment to cater towards hybrid env-discoveries (Prepare Step ongoing).,Access,Jack Sparrow,Jack Sparrow,Matrix,Service D,High,Medium,High,Closed,Low,2025-09-28T08:11:40.000000,Sunday,2025-09-28T14:11:40.000000,2025-09-29T01:11:40.000000,2
CHG-0000806,Patch remote job runner script dependencies for IMK analytics platform.,Access,Shang Chi,Shang Chi,Avengers II,Service D,Low,High,Low,Closed,Medium,2025-09-29T00:42:07.000000,Monday,2025-09-29T02:42:07.000000,2025-09-29T15:42:07.000000,4
CHG-0000807,Configuration changes for monitoring processors on Redis prototype servers.,Data,Thor,Thor,Avengers,Service B,High,High,Low,Closed,Medium,2025-09-29T14:32:13.000000,Monday,2025-09-29T21:32:13.000000,2025-09-30T01:32:13.000000,1
CHG-0000808,"Resize virtual storage for CoreTxx_PROD database (95,38% full).",Data,Thor,Thor,Avengers,Service C,High,Medium,Low,Closed,Low,2025-09-29T12:56:42.000000,Monday,2025-09-29T17:56:42.000000,2025-10-01T05:56:42.000000,1
CHG-0000809,Install httpd-tools on twgmmp01.zit.commerzbank.com.,Hardware,Loki,Loki,Avengers,Service D,Low,Low,Low,Closed,High,2025-09-29T04:54:48.000000,Monday,2025-09-29T11:54:48.000000,2025-09-30T05:54:48.000000,4
CHG-0000810,Grant access for backup recovery on production machine nodes in DR locations.,Facilities,Hulk,Hulk,Avengers,Service D,High,Medium,Medium,Closed,Medium,2025-09-29T12:09:29.000000,Monday,2025-09-29T17:09:29.000000,2025-09-30T08:09:29.000000,4
CHG-0000811,Firewall configuration changes for disaster recovery validation testing.,Access,John Cena,John Cena,Matrix,Service B,High,Low,Low,Closed,Medium,2025-09-30T18:30:06.000000,Tuesday,2025-09-30T21:30:06.000000,2025-10-01T15:30:06.000000,0
CHG-0000812,Update the IDRAC remote board Firmware and BIOS for secklb01.,Failure,Spiderman,Spiderman,Avengers II,Service D,Low,Medium,Low,Closed,High,2025-09-30T05:17:32.000000,Tuesday,2025-09-30T09:17:32.000000,2025-10-01T09:17:32.000000,1
CHG-0000813,Install Redis cluster monitoring tools in shard servers.,Failure,John Cena,John Cena,Matrix,Service A,Low,Low,Medium,Closed,Medium,2025-09-30T02:35:28.000000,Tuesday,2025-09-30T08:35:28.000000,2025-10-01T19:35:28.000000,1
CHG-0000814,Expand edge metrics transitioning through Palo FLEX Zeon tiers vs EU roots.,Software,Loki,Loki,Avengers,Service A,Medium,Medium,High,Closed,Critical,2025-09-30T10:19:34.000000,Tuesday,2025-09-30T16:19:34.000000,2025-10-01T12:19:34.000000,3
CHG-0000815,Update the IDRAC remote board Firmware and BIOS for secklb01.,Facilities,Spiderman,Spiderman,Avengers II,Service B,High,High,Medium,Closed,High,2025-09-30T12:28:54.000000,Tuesday,2025-09-30T16:28:54.000000,2025-10-01T08:28:54.000000,1
CHG-0000816,Increase VM capacity for ongoing AI processing workload.,Complaint,Spiderman,Spiderman,Avengers II,Service E,Medium,Low,High,Closed,Medium,2025-10-01T11:15:10.000000,Wednesday,2025-10-01T14:15:10.000000,2025-10-02T08:15:10.000000,5
CHG-0000817,VUL-NET: Critical Juniper network patch for external office gateways.,Facilities,Captain America,Captain America,Avengers,Service A,High,Low,Low,Closed,Low,2025-10-02T09:11:54.000000,Thursday,2025-10-02T16:11:54.000000,2025-10-03T13:11:54.000000,1
CHG-0000818,"Remote board SSL Cert renewal for ressgpe0 , ressgpe1 , secsgpe0 & secsgpe1.",Failure,Hulk,Hulk,Avengers,Service B,Medium,Medium,Medium,Closed,High,2025-10-03T11:25:17.000000,Friday,2025-10-03T13:25:17.000000,2025-10-04T11:25:17.000000,0
CHG-0000819,Install rsync on twgmmp01.,Facilities,Hulk,Hulk,Avengers,Service E,High,Medium,Medium,On Hold,High,2025-10-03T17:25:51.000000,Friday,,,4
CHG-0000820,Adjust Volume changes incompatible fixes mid-stage (handling-/handoff migration).,Failure,Doctor Strange,Doctor Strange,Avengers II,Service C,High,Low,Low,On Hold,Medium,2025-10-04T17:09:14.000000,Saturday,,,5
CHG-0000821,TAPs installation in IMK productive connections for work order #REQ0157356.,Hardware,John Cena,John Cena,Matrix,Service C,Medium,Medium,Medium,Closed,High,2025-10-04T19:40:40.000000,Saturday,2025-10-05T02:40:40.000000,2025-10-06T01:40:40.000000,4
CHG-0000822,Firewall rule onboarding for external SaaS applications via Palo Alto setup.,Facilities,Loki,Loki,Avengers,Service A,High,Low,Low,Closed,Low,2025-10-04T04:45:09.000000,Saturday,2025-10-04T06:45:09.000000,2025-10-05T05:45:09.000000,0
CHG-0000823,Updating the IDRAC remote board Firmware and BIOS for secffme2.,Failure,Captain Marvel,Captain Marvel,Avengers II,Service C,Medium,Medium,Medium,Closed,High,2025-10-04T10:40:14.000000,Saturday,2025-10-04T15:40:14.000000,2025-10-06T01:40:14.000000,2
CHG-0000824,Setup additional SAML authentication nodes in DMZ environment.,Access,Thor,Thor,Avengers,Service E,Low,High,Medium,Closed,Medium,2025-10-05T15:54:44.000000,Sunday,2025-10-05T17:54:44.000000,2025-10-05T19:54:44.000000,1
CHG-0000825,Enable ADFS custom user provisioning profile upload validation.,Data,Captain America,Captain America,Avengers,Service D,High,High,Low,Closed,Medium,2025-10-05T01:32:40.000000,Sunday,2025-10-05T05:32:40.000000,2025-10-05T21:32:40.000000,4
CHG-0000826,Increase VM capacity for ongoing AI processing workload.,Data,Captain Marvel,Captain Marvel,Avengers II,Service E,High,High,High,Closed,High,2025-10-05T18:04:05.000000,Sunday,2025-10-06T01:04:05.000000,2025-10-06T23:04:05.000000,0
CHG-0000827,Enable database backups at sv273046 for production environment.,Network,Captain Marvel,Captain Marvel,Avengers II,Service C,High,High,Medium,Closed,Medium,2025-10-06T14:40:23.000000,Monday,2025-10-06T16:40:23.000000,2025-10-07T04:40:23.000000,5
CHG-0000828,Certificate renewal Digital Banking on PROD environment 2026.,Software,Thor,Thor,Avengers,Service C,Medium,High,Low,Closed,High,2025-10-07T11:53:19.000000,Tuesday,2025-10-07T13:53:19.000000,2025-10-08T09:53:19.000000,2
CHG-0000829,Execution of systemctl daemon-reload to patch Prod-CSO VM resiliency.,Software,John Wick,John Wick,Matrix,Service A,Low,High,Low,Closed,Medium,2025-10-08T06:23:44.000000,Wednesday,2025-10-08T08:23:44.000000,2025-10-08T21:23:44.000000,4
CHG-0000830,Switchport configuration for targeted hosts to enhance authentication mechanisms.,Complaint,Iron Man,Iron Man,Avengers,Service B,High,Low,Medium,Closed,Critical,2025-10-08T02:23:02.000000,Wednesday,2025-10-08T04:23:02.000000,2025-10-08T23:23:02.000000,0
CHG-0000831,Execute systemctl daemon-reload on CSO VM (PROD).,Facilities,John Wick,John Wick,Matrix,Service E,High,Low,Medium,Closed,Medium,2025-10-08T11:08:56.000000,Wednesday,2025-10-08T14:08:56.000000,2025-10-08T22:08:56.000000,0
CHG-0000832,"VUL-NET: Apply Cisco IOS Software Update for routers at PRA, SHA, and TOK sites.",Complaint,John Cena,John Cena,Matrix,Service D,Medium,Low,Low,Closed,High,2025-10-08T01:42:12.000000,Wednesday,2025-10-08T05:42:12.000000,2025-10-09T10:42:12.000000,2
CHG-0000833,Restart tkmdbp01 of configuration change took longer than expected.,Facilities,Thor,Thor,Avengers,Service E,High,High,Low,Closed,High,2025-10-08T04:56:10.000000,Wednesday,2025-10-08T07:56:10.000000,2025-10-09T18:56:10.000000,2
CHG-0000834,Emergency fall-back routing enabled for Redis cluster 6 under high throughput.,Data,Captain Marvel,Captain Marvel,Avengers II,Service D,Low,Low,Medium,New,Critical,2025-10-09T19:03:28.000000,Thursday,,,4
CHG-0000835,Enable additional remote IPV6 routing for Japanese production systems.,Software,Shang Chi,Shang Chi,Avengers II,Service B,Medium,Low,Medium,Closed,High,2025-10-09T18:46:36.000000,Thursday,2025-10-09T22:46:36.000000,2025-10-10T06:46:36.000000,0
CHG-0000836,Reverse fallback isolation plan post-Palo Alto Prisma failure.,Facilities,Spiderman,Spiderman,Avengers II,Service D,Low,High,Low,Closed,High,2025-10-10T06:55:58.000000,Friday,2025-10-10T09:55:58.000000,2025-10-11T16:55:58.000000,5
CHG-0000837,Deploy ACL rules for high-priority Office 365 tenants across European zones.,Facilities,Doctor Strange,Doctor Strange,Avengers II,Service D,High,Low,Medium,Closed,Medium,2025-10-10T11:44:03.000000,Friday,2025-10-10T18:44:03.000000,2025-10-11T05:44:03.000000,4
CHG-0000838,Firewall rule onboarding for external SaaS applications via Palo Alto setup.,Data,Neo,Neo,Matrix,Service D,High,Low,High,Closed,Low,2025-10-11T06:09:38.000000,Saturday,2025-10-11T11:09:38.000000,2025-10-12T09:09:38.000000,2
CHG-0000839,Certificate renewal for cloud-hosted services 2026.,Data,Captain Marvel,Captain Marvel,Avengers II,Service B,High,High,Medium,Closed,Medium,2025-10-12T08:05:35.000000,Sunday,2025-10-12T13:05:35.000000,2025-10-13T02:05:35.000000,2
CHG-0000840,UC4 Agent Installation on gcetcami001.,Data,Batman,Batman,Matrix,Service E,High,Medium,Medium,Closed,Medium,2025-10-12T10:00:21.000000,Sunday,2025-10-12T13:00:21.000000,2025-10-13T23:00:21.000000,1
CHG-0000841,Case 65943239: Upgrade Ontap version to 9.14.1P12.,Facilities,Doctor Strange,Doctor Strange,Avengers II,Service C,Low,Low,Medium,Closed,Medium,2025-10-12T03:36:22.000000,Sunday,2025-10-12T07:36:22.000000,2025-10-12T10:36:22.000000,2
CHG-0000842,"Remote board SSL Cert renewal for ressgpe0 , ressgpe1 , secsgpe0 & secsgpe1.",Hardware,Captain Marvel,Captain Marvel,Avengers II,Service D,Low,Medium,Medium,On Hold,Medium,2025-10-12T16:17:39.000000,Sunday,,,1
CHG-0000843,"Remote board SSL Cert renewal for ressgpe0 , ressgpe1 , secsgpe0 & secsgpe1.",Data,Captain America,Captain America,Avengers,Service E,High,Medium,Low,Closed,Medium,2025-10-12T14:57:08.000000,Sunday,2025-10-12T20:57:08.000000,2025-10-14T04:57:08.000000,1
CHG-0000844,Restart tkmweb database servers after container update failure response.,Complaint,Captain America,Captain America,Avengers,Service C,High,Low,High,Closed,High,2025-10-13T03:06:31.000000,Monday,2025-10-13T11:06:31.000000,2025-10-14T03:06:31.000000,2
CHG-0000845,Request for temporary access rights on Finance application Web UI.,Complaint,Loki,Loki,Avengers,Service A,Low,Medium,Medium,Closed,High,2025-10-13T15:30:10.000000,Monday,2025-10-13T20:30:10.000000,2025-10-14T23:30:10.000000,5
CHG-0000846,Enable additional remote IPV6 routing for Japanese production systems.,Network,Iron Man,Iron Man,Avengers,Service B,Medium,Medium,High,Closed,Critical,2025-10-14T18:29:46.000000,Tuesday,2025-10-14T22:29:46.000000,2025-10-15T16:29:46.000000,0
CHG-0000847,Deploy ACL rules for high-priority Office 365 tenants across European zones.,Software,Spiderman,Spiderman,Avengers II,Service C,High,Medium,Medium,Closed,High,2025-10-15T19:17:31.000000,Wednesday,2025-10-15T21:17:31.000000,2025-10-16T02:17:31.000000,0
CHG-0000848,Install system monitoring scripts on AWS-hosted general-purpose non-prod servers.,Software,Loki,Loki,Avengers,Service B,High,Medium,Low,Closed,Medium,2025-10-15T19:46:44.000000,Wednesday,2025-10-16T02:46:44.000000,2025-10-17T00:46:44.000000,5
CHG-0000849,Install system monitoring scripts on AWS-hosted general-purpose non-prod servers.,Failure,Iron Man,Iron Man,Avengers,Service E,Low,High,Medium,New,Critical,2025-10-15T15:50:41.000000,Wednesday,,,3
CHG-0000850,Patch remote job runner script dependencies for IMK analytics platform.,Failure,Iron Man,Iron Man,Avengers,Service E,High,High,Medium,Closed,Medium,2025-10-16T06:57:32.000000,Thursday,2025-10-16T08:57:32.000000,2025-10-17T09:57:32.000000,0
CHG-0000851,Certificate renewal for Avatar PROD environment 2026 - (VAA-Threat Application).,Software,Loki,Loki,Avengers,Service D,High,Low,High,Closed,High,2025-10-16T13:20:59.000000,Thursday,2025-10-16T17:20:59.000000,2025-10-16T19:20:59.000000,0
CHG-0000852,Grant access for backup recovery on production machine nodes in DR locations.,Facilities,John Wick,John Wick,Matrix,Service B,High,Medium,High,Closed,Critical,2025-10-16T05:12:33.000000,Thursday,2025-10-16T13:12:33.000000,2025-10-18T00:12:33.000000,3
CHG-0000853,Execution of systemctl daemon-reload to patch Prod-CSO VM resiliency.,Software,John Wick,John Wick,Matrix,Service B,Medium,High,Low,Closed,High,2025-10-17T05:21:45.000000,Friday,2025-10-17T12:21:45.000000,2025-10-17T18:21:45.000000,1
CHG-0000854,Switchport configuration for targeted hosts to enhance authentication mechanisms.,Failure,Loki,Loki,Avengers,Service C,Medium,Medium,Low,Closed,High,2025-10-17T07:23:34.000000,Friday,2025-10-17T10:23:34.000000,2025-10-18T16:23:34.000000,1
CHG-0000855,Certificate renewal request for high-availability environment 2026.,Failure,Captain Marvel,Captain Marvel,Avengers II,Service D,Low,High,High,Closed,High,2025-10-17T01:52:08.000000,Friday,2025-10-17T03:52:08.000000,2025-10-17T22:52:08.000000,1
CHG-0000856,Certificate renewal for cloud-hosted services 2026.,Failure,Hulk,Hulk,Avengers,Service D,Medium,Low,Medium,Closed,Medium,2025-10-18T18:38:01.000000,Saturday,2025-10-18T20:38:01.000000,2025-10-19T13:38:01.000000,2
CHG-0000857,Database configuration check for performance improvements in PROD systems.,Complaint,Iron Man,Iron Man,Avengers,Service B,Low,Medium,High,Closed,Low,2025-10-18T06:30:20.000000,Saturday,2025-10-18T10:30:20.000000,2025-10-18T20:30:20.000000,5
CHG-0000858,Firewall rule onboarding for external SaaS applications via Palo Alto setup.,Failure,John Wick,John Wick,Matrix,Service A,Medium,Low,Medium,Closed,High,2025-10-18T23:53:54.000000,Saturday,2025-10-19T03:53:54.000000,2025-10-19T11:53:54.000000,5
CHG-0000859,UC4 Agent Installation on gcetcami001.,Hardware,Loki,Loki,Avengers,Service E,Low,Medium,Low,Closed,High,2025-10-18T12:22:14.000000,Saturday,2025-10-18T18:22:14.000000,2025-10-20T00:22:14.000000,0
CHG-0000860,Password reset request for disabled accounts in non-prod systems.,Software,Loki,Loki,Avengers,Service C,Medium,Medium,Medium,Closed,Low,2025-10-18T13:32:56.000000,Saturday,2025-10-18T19:32:56.000000,2025-10-20T04:32:56.000000,4
CHG-0000861,Execute systemctl daemon-reload on CSO VM (PROD).,Failure,Captain America,Captain America,Avengers,Service B,High,Low,Medium,Closed,Medium,2025-10-19T20:21:13.000000,Sunday,2025-10-19T22:21:13.000000,2025-10-21T09:21:13.000000,1
CHG-0000862,Switchport configuration for targeted hosts to enhance authentication mechanisms.,Facilities,Iron Man,Iron Man,Avengers,Service C,Low,Low,High,Closed,High,2025-10-19T10:49:13.000000,Sunday,2025-10-19T12:49:13.000000,2025-10-20T22:49:13.000000,2
CHG-0000863,Certificate renewal for Avatar PROD environment 2026 - (VAA-Threat Application).,Complaint,Batman,Batman,Matrix,Service A,Low,Medium,Low,Closed,High,2025-10-20T11:33:19.000000,Monday,2025-10-20T17:33:19.000000,2025-10-21T18:33:19.000000,3
CHG-0000864,"Server BIOS updates across remote virtual VM hosts (RESFFM01, SECFFM01).",Failure,Captain Marvel,Captain Marvel,Avengers II,Service C,High,Low,High,Closed,High,2025-10-20T16:00:19.000000,Monday,2025-10-20T23:00:19.000000,2025-10-21T23:00:19.000000,4
CHG-0000865,Expand edge metrics transitioning through Palo FLEX Zeon tiers vs EU roots.,Software,Doctor Strange,Doctor Strange,Avengers II,Service B,High,Medium,Medium,In Progress,Medium,2025-10-20T09:14:38.000000,Monday,2025-10-20T16:14:38.000000,,4
CHG-0000866,Reverse fallback isolation plan post-Palo Alto Prisma failure.,Network,Iron Man,Iron Man,Avengers,Service D,High,Low,Medium,Closed,Low,2025-10-20T04:59:39.000000,Monday,2025-10-20T07:59:39.000000,2025-10-21T00:59:39.000000,1
CHG-0000867,"VUL-NET: Apply Cisco IOS Software Update for routers at PRA, SHA, and TOK sites.",Software,Hulk,Hulk,Avengers,Service B,High,High,Low,Closed,Critical,2025-10-20T15:57:56.000000,Monday,2025-10-20T22:57:56.000000,2025-10-22T01:57:56.000000,0
CHG-0000868,Certificate renewal for Avatar PROD environment 2026 - (VAA-Threat Application).,Hardware,Jack Sparrow,Jack Sparrow,Matrix,Service B,Medium,High,Low,Closed,Medium,2025-10-21T03:54:00.000000,Tuesday,2025-10-21T07:54:00.000000,2025-10-22T00:54:00.000000,5
CHG-0000869,Grant access for backup recovery on production machine nodes in DR locations.,Data,Loki,Loki,Avengers,Service E,Medium,High,Low,Closed,Critical,2025-10-21T00:27:43.000000,Tuesday,2025-10-21T02:27:43.000000,2025-10-22T08:27:43.000000,5
CHG-0000870,Increase VM capacity for ongoing AI processing workload.,Failure,Doctor Strange,Doctor Strange,Avengers II,Service A,High,High,Medium,Closed,Medium,2025-10-22T03:33:04.000000,Wednesday,2025-10-22T08:33:04.000000,2025-10-23T07:33:04.000000,0
CHG-0000871,"VUL-NET: Cisco Wireless IOS-XE Software Update for WLC9800 | Jugoslavska, CZ (PRA06).",Hardware,Shang Chi,Shang Chi,Avengers II,Service B,High,High,Low,Closed,Medium,2025-10-22T19:19:01.000000,Wednesday,2025-10-23T00:19:01.000000,2025-10-24T03:19:01.000000,1
CHG-0000872,Update from RHEL8.9 to RHEL8.10 on database workloads (non-prod).,Failure,Thor,Thor,Avengers,Service B,Medium,High,Low,Closed,Medium,2025-10-23T16:50:40.000000,Thursday,2025-10-24T00:50:40.000000,2025-10-24T16:50:40.000000,3
CHG-0000873,Provision new storage array in EU data center for increased redundancy.,Complaint,Loki,Loki,Avengers,Service E,Low,Medium,High,Closed,High,2025-10-23T05:30:51.000000,Thursday,2025-10-23T11:30:51.000000,2025-10-23T22:30:51.000000,4
CHG-0000874,Complete SSL foundation checks for project-focused data endpoints.,Facilities,Iron Man,Iron Man,Avengers,Service B,Low,Low,High,In Progress,High,2025-10-23T17:31:38.000000,Thursday,2025-10-24T00:31:38.000000,,2
CHG-0000875,Execute systemctl daemon-reload on CSO VM (PROD).,Access,Shang Chi,Shang Chi,Avengers II,Service D,High,Medium,Medium,Closed,Medium,2025-10-24T05:22:11.000000,Friday,2025-10-24T12:22:11.000000,2025-10-24T21:22:11.000000,2
CHG-0000876,Replace legacy switches with modern devices in Market Data Environment.,Hardware,Iron Man,Iron Man,Avengers,Service B,High,High,Low,Closed,Medium,2025-10-24T21:05:53.000000,Friday,2025-10-25T02:05:53.000000,2025-10-25T19:05:53.000000,1
CHG-0000877,"Server BIOS updates across remote virtual VM hosts (RESFFM01, SECFFM01).",Facilities,Doctor Strange,Doctor Strange,Avengers II,Service C,Low,Low,Low,Closed,Medium,2025-10-24T06:25:23.000000,Friday,2025-10-24T14:25:23.000000,2025-10-25T11:25:23.000000,5
CHG-0000878,Switchport configuration for targeted hosts to enhance authentication mechanisms.,Software,Hulk,Hulk,Avengers,Service D,Low,High,Medium,Closed,High,2025-10-25T17:50:52.000000,Saturday,2025-10-25T21:50:52.000000,2025-10-27T09:50:52.000000,4
CHG-0000879,Firewall rule onboarding for external SaaS applications via Palo Alto setup.,Network,Shang Chi,Shang Chi,Avengers II,Service D,High,Medium,Medium,Closed,Low,2025-10-25T01:25:24.000000,Saturday,2025-10-25T06:25:24.000000,2025-10-26T15:25:24.000000,3
CHG-0000880,Request for temporary access rights on Finance application Web UI.,Network,Batman,Batman,Matrix,Service A,High,Medium,High,In Progress,Low,2025-10-25T21:24:26.000000,Saturday,2025-10-26T01:24:26.000000,,0
CHG-0000881,Reverse fallback isolation plan post-Palo Alto Prisma failure.,Facilities,Captain America,Captain America,Avengers,Service D,High,Medium,Medium,Closed,Low,2025-10-26T18:30:48.000000,Sunday,2025-10-26T22:30:48.000000,2025-10-27T17:30:48.000000,0
CHG-0000882,Enable ADFS custom user provisioning profile upload validation.,Facilities,Loki,Loki,Avengers,Service A,Low,High,Low,Closed,Low,2025-10-26T09:17:03.000000,Sunday,2025-10-26T14:17:03.000000,2025-10-27T06:17:03.000000,3
CHG-0000883,Subnet migration alignment to cater towards hybrid env-discoveries (Prepare Step ongoing).,Data,Jack Sparrow,Jack Sparrow,Matrix,Service E,Medium,Medium,High,Closed,High,2025-10-27T01:56:50.000000,Monday,2025-10-27T09:56:50.000000,2025-10-28T18:56:50.000000,5
CHG-0000884,Enable database backups at sv273046 for production environment.,Complaint,Spiderman,Spiderman,Avengers II,Service B,Low,High,Low,Closed,Medium,2025-10-28T16:49:57.000000,Tuesday,2025-10-28T18:49:57.000000,2025-10-29T03:49:57.000000,4
CHG-0000885,"Remote board SSL Cert renewal for ressgpe0 , ressgpe1 , secsgpe0 & secsgpe1.",Complaint,Shang Chi,Shang Chi,Avengers II,Service E,High,High,Low,Closed,Critical,2025-10-29T00:01:58.000000,Wednesday,2025-10-29T08:01:58.000000,2025-10-29T17:01:58.000000,0
CHG-0000886,Execute hardening measures for SQL server instances post security audit.,Failure,John Wick,John Wick,Matrix,Service A,Medium,High,Low,Closed,Medium,2025-10-29T09:19:13.000000,Wednesday,2025-10-29T13:19:13.000000,2025-10-30T10:19:13.000000,4
CHG-0000887,Execution of systemctl daemon-reload to patch Prod-CSO VM resiliency.,Complaint,Captain Marvel,Captain Marvel,Avengers II,Service C,Low,Low,High,On Hold,Medium,2025-10-30T02:17:27.000000,Thursday,,,3
CHG-0000888,"Resize virtual storage for CoreTxx_PROD database (95,38% full).",Complaint,Spiderman,Spiderman,Avengers II,Service A,High,High,High,Closed,Medium,2025-10-30T20:59:35.000000,Thursday,2025-10-31T04:59:35.000000,2025-11-01T00:59:35.000000,3
CHG-0000889,Install httpd-tools on edge proxy nodes.,Access,John Cena,John Cena,Matrix,Service E,Low,Low,Low,Closed,High,2025-10-30T00:59:44.000000,Thursday,2025-10-30T07:59:44.000000,2025-10-31T11:59:44.000000,3
CHG-0000890,Certificate update for Palo Alto gatekeeping subnet for KL relocation network.,Facilities,Iron Man,Iron Man,Avengers,Service C,Low,High,High,Closed,Medium,2025-10-30T21:31:09.000000,Thursday,2025-10-31T05:31:09.000000,2025-11-01T12:31:09.000000,4
CHG-0000891,Initiate scheduled SAN Storage Array node reboot to resolve high uptime issue.,Failure,John Cena,John Cena,Matrix,Service A,High,High,Medium,Closed,Medium,2025-10-30T06:20:03.000000,Thursday,2025-10-30T11:20:03.000000,2025-10-31T13:20:03.000000,5
CHG-0000892,Increase VM capacity for ongoing AI processing workload.,Hardware,Captain Marvel,Captain Marvel,Avengers II,Service E,High,Medium,Low,Closed,Medium,2025-10-31T09:52:41.000000,Friday,2025-10-31T17:52:41.000000,2025-10-31T23:52:41.000000,5
CHG-0000893,Update from RHEL8.9 to RHEL8.10 on database workloads (non-prod).,Facilities,Hulk,Hulk,Avengers,Service A,Medium,Medium,Low,Closed,Medium,2025-10-31T09:55:24.000000,Friday,2025-10-31T11:55:24.000000,2025-11-01T10:55:24.000000,1
CHG-0000894,Increase VM capacity for ongoing AI processing workload.,Complaint,Captain America,Captain America,Avengers,Service E,Low,Medium,Medium,Closed,Medium,2025-10-31T17:53:48.000000,Friday,2025-10-31T23:53:48.000000,2025-11-02T03:53:48.000000,4
CHG-0000895,Updating the IDRAC remote board Firmware and BIOS for timffm21.,Hardware,Iron Man,Iron Man,Avengers,Service B,High,Low,High,New,Medium,2025-11-01T01:19:28.000000,Saturday,,,2
CHG-0000896,Firewall optimization for edge routing performance post DR testing.,Failure,Hulk,Hulk,Avengers,Service D,High,Low,Low,Closed,High,2025-11-01T05:36:22.000000,Saturday,2025-11-01T12:36:22.000000,2025-11-02T09:36:22.000000,5
CHG-0000897,Database configuration check for performance improvements in PROD systems.,Facilities,John Wick,John Wick,Matrix,Service C,Low,Medium,Low,New,High,2025-11-01T06:04:34.000000,Saturday,,,1
CHG-0000898,Replace legacy switches with modern devices in Market Data Environment.,Complaint,Captain Marvel,Captain Marvel,Avengers II,Service B,Low,Low,Medium,Closed,Critical,2025-11-02T14:53:16.000000,Sunday,2025-11-02T19:53:16.000000,2025-11-03T05:53:16.000000,2
CHG-0000899,Provision new storage array in EU data center for increased redundancy.,Failure,Captain Marvel,Captain Marvel,Avengers II,Service D,Low,High,High,Closed,Low,2025-11-02T22:34:10.000000,Sunday,2025-11-03T02:34:10.000000,2025-11-04T09:34:10.000000,3
CHG-0000900,"Resize virtual storage for CoreTxx_PROD database (95,38% full).",Data,Captain Marvel,Captain Marvel,Avengers II,Service A,Low,Low,Low,Closed,Medium,2025-11-03T17:09:49.000000,Monday,2025-11-03T23:09:49.000000,2025-11-04T23:09:49.000000,1
CHG-0000901,Update from RHEL8.9 to RHEL8.10 on database workloads (non-prod).,Facilities,Spiderman,Spiderman,Avengers II,Service A,Medium,Low,High,Closed,Medium,2025-11-03T18:59:26.000000,Monday,2025-11-03T22:59:26.000000,2025-11-04T09:59:26.000000,0
CHG-0000902,Enable database backups at sv273046 for production environment.,Access,Hulk,Hulk,Avengers,Service A,High,High,Medium,Closed,Medium,2025-11-04T07:15:24.000000,Tuesday,2025-11-04T15:15:24.000000,2025-11-06T00:15:24.000000,1
CHG-0000903,Patch network appliances for compliance with wireless protocols.,Access,Spiderman,Spiderman,Avengers II,Service B,Medium,High,Medium,Closed,Medium,2025-11-04T10:34:21.000000,Tuesday,2025-11-04T18:34:21.000000,2025-11-05T05:34:21.000000,5
CHG-0000904,VUL-NET: Critical Juniper network patch for external office gateways.,Network,Thor,Thor,Avengers,Service B,Low,Medium,High,Closed,Critical,2025-11-05T17:52:32.000000,Wednesday,2025-11-06T01:52:32.000000,2025-11-06T11:52:32.000000,2
CHG-0000905,Patch network appliances for compliance with wireless protocols.,Access,Spiderman,Spiderman,Avengers II,Service E,High,High,Low,Closed,Critical,2025-11-05T18:57:04.000000,Wednesday,2025-11-06T01:57:04.000000,2025-11-06T19:57:04.000000,5
CHG-0000906,Install httpd-tools on edge proxy nodes.,Access,Spiderman,Spiderman,Avengers II,Service A,High,Low,High,New,Medium,2025-11-05T03:15:53.000000,Wednesday,,,2
CHG-0000907,Execute hardening measures for SQL server instances post security audit.,Data,Captain America,Captain America,Avengers,Service B,Low,Medium,High,Closed,Medium,2025-11-05T08:27:32.000000,Wednesday,2025-11-05T11:27:32.000000,2025-11-05T16:27:32.000000,3
CHG-0000908,Execution of systemctl daemon-reload to patch Prod-CSO VM resiliency.,Complaint,Loki,Loki,Avengers,Service B,High,High,Medium,Closed,High,2025-11-06T23:04:26.000000,Thursday,2025-11-07T07:04:26.000000,2025-11-08T10:04:26.000000,4
CHG-0000909,TAPs installation in IMK productive connections for work order #REQ0157356.,Access,Captain Marvel,Captain Marvel,Avengers II,Service B,High,Medium,High,Closed,Medium,2025-11-06T22:02:22.000000,Thursday,2025-11-07T04:02:22.000000,2025-11-08T12:02:22.000000,4
CHG-0000910,"VUL-NET: Apply Cisco IOS Software Update for routers at PRA, SHA, and TOK sites.",Facilities,Captain America,Captain America,Avengers,Service E,Low,High,Low,Closed,Medium,2025-11-06T23:52:38.000000,Thursday,2025-11-07T06:52:38.000000,2025-11-07T14:52:38.000000,4
CHG-0000911,Enable ADFS custom user provisioning profile upload validation.,Failure,John Wick,John Wick,Matrix,Service C,High,Medium,High,Closed,Low,2025-11-06T04:54:29.000000,Thursday,2025-11-06T12:54:29.000000,2025-11-06T20:54:29.000000,0
CHG-0000912,Execution of systemctl daemon-reload to patch Prod-CSO VM resiliency.,Facilities,Shang Chi,Shang Chi,Avengers II,Service B,Medium,Low,Low,Closed,Medium,2025-11-07T04:44:41.000000,Friday,2025-11-07T06:44:41.000000,2025-11-08T17:44:41.000000,3
CHG-0000913,Initiate scheduled SAN Storage Array node reboot to resolve high uptime issue.,Hardware,Loki,Loki,Avengers,Service E,High,Medium,High,Closed,Medium,2025-11-07T12:22:49.000000,Friday,2025-11-07T18:22:49.000000,2025-11-08T14:22:49.000000,3
CHG-0000914,Remote board SSL Cert renewal for anysgp15 & anysgp14.,Failure,John Cena,John Cena,Matrix,Service C,Low,Low,Medium,Closed,High,2025-11-07T14:53:56.000000,Friday,2025-11-07T20:53:56.000000,2025-11-09T08:53:56.000000,3
CHG-0000915,Restart tkmweb database servers after container update failure response.,Access,Iron Man,Iron Man,Avengers,Service C,Medium,Medium,Low,Closed,Medium,2025-11-07T15:30:13.000000,Friday,2025-11-07T17:30:13.000000,2025-11-09T02:30:13.000000,1
CHG-0000916,Install Redis cluster monitoring tools in shard servers.,Complaint,Batman,Batman,Matrix,Service D,Low,High,Medium,Closed,High,2025-11-08T08:18:34.000000,Saturday,2025-11-08T14:18:34.000000,2025-11-09T23:18:34.000000,0
CHG-0000917,Complete SSL foundation checks for project-focused data endpoints.,Hardware,Thor,Thor,Avengers,Service D,Low,High,High,Closed,Medium,2025-11-09T05:33:03.000000,Sunday,2025-11-09T07:33:03.000000,2025-11-09T22:33:03.000000,2
CHG-0000918,Certificate renewal request for high-availability environment 2026.,Software,Doctor Strange,Doctor Strange,Avengers II,Service A,High,Medium,Low,Closed,High,2025-11-09T06:51:41.000000,Sunday,2025-11-09T10:51:41.000000,2025-11-10T10:51:41.000000,5
CHG-0000919,Expand edge metrics transitioning through Palo FLEX Zeon tiers vs EU roots.,Data,Hulk,Hulk,Avengers,Service C,High,Low,High,Closed,High,2025-11-09T15:05:51.000000,Sunday,2025-11-09T22:05:51.000000,2025-11-10T00:05:51.000000,5
CHG-0000920,Deploy ACL rules for high-priority Office 365 tenants across European zones.,Facilities,Captain America,Captain America,Avengers,Service A,Low,High,Medium,Closed,Medium,2025-11-10T06:33:10.000000,Monday,2025-11-10T09:33:10.000000,2025-11-11T18:33:10.000000,0
CHG-0000921,Restart tkmdbp01 of configuration change took longer than expected.,Data,Loki,Loki,Avengers,Service C,Medium,Low,Low,Closed,High,2025-11-10T01:35:40.000000,Monday,2025-11-10T07:35:40.000000,2025-11-10T19:35:40.000000,1
CHG-0000922,Software patch implementation targeting RHEL8.1 compatibility issues.,Access,Thor,Thor,Avengers,Service D,High,High,High,Closed,Medium,2025-11-10T09:51:25.000000,Monday,2025-11-10T14:51:25.000000,2025-11-10T16:51:25.000000,4
CHG-0000923,"Resize virtual storage for CoreTxx_PROD database (95,38% full).",Hardware,Captain America,Captain America,Avengers,Service D,Low,Medium,High,Closed,Medium,2025-11-10T23:05:45.000000,Monday,2025-11-11T02:05:45.000000,2025-11-12T02:05:45.000000,4
CHG-0000924,Execute hardening measures for SQL server instances post security audit.,Failure,Doctor Strange,Doctor Strange,Avengers II,Service E,Low,Low,Low,Closed,High,2025-11-11T01:52:20.000000,Tuesday,2025-11-11T06:52:20.000000,2025-11-12T05:52:20.000000,1
CHG-0000925,Provision new storage array in EU data center for increased redundancy.,Failure,Shang Chi,Shang Chi,Avengers II,Service B,Low,High,Low,Closed,Medium,2025-11-11T23:14:17.000000,Tuesday,2025-11-12T04:14:17.000000,2025-11-12T09:14:17.000000,4
CHG-0000926,Complete SSL foundation checks for project-focused data endpoints.,Network,Spiderman,Spiderman,Avengers II,Service A,Medium,Low,Medium,In Progress,Low,2025-11-11T17:10:06.000000,Tuesday,2025-11-12T00:10:06.000000,,0
CHG-0000927,New IP subnet & access point testing for KL relocation project.,Data,Doctor Strange,Doctor Strange,Avengers II,Service D,Low,High,Low,Closed,Medium,2025-11-11T14:43:17.000000,Tuesday,2025-11-11T20:43:17.000000,2025-11-12T11:43:17.000000,2
CHG-0000928,Update IDRAC remote board Firmware and BIOS for forffm71.,Hardware,Iron Man,Iron Man,Avengers,Service A,High,Medium,Medium,Closed,High,2025-11-12T16:20:56.000000,Wednesday,2025-11-12T20:20:56.000000,2025-11-13T17:20:56.000000,0
CHG-0000929,Password reset request for disabled accounts in non-prod systems.,Access,Neo,Neo,Matrix,Service A,High,Low,High,Closed,Low,2025-11-13T21:35:17.000000,Thursday,2025-11-14T02:35:17.000000,2025-11-15T09:35:17.000000,3
CHG-0000930,Install rsync on twgmmp01.,Network,Captain Marvel,Captain Marvel,Avengers II,Service D,High,Low,High,Closed,Critical,2025-11-13T18:04:01.000000,Thursday,2025-11-13T22:04:01.000000,2025-11-14T21:04:01.000000,2
CHG-0000931,Switchport configuration for targeted hosts to enhance authentication mechanisms.,Failure,Shang Chi,Shang Chi,Avengers II,Service A,Medium,Low,Low,Closed,High,2025-11-13T21:20:12.000000,Thursday,2025-11-14T05:20:12.000000,2025-11-14T09:20:12.000000,2
CHG-0000932,Firewall subnet allocation and access provisioning for KL office gateway.,Facilities,Captain Marvel,Captain Marvel,Avengers II,Service A,High,High,High,Closed,Medium,2025-11-13T09:56:26.000000,Thursday,2025-11-13T11:56:26.000000,2025-11-14T18:56:26.000000,5
CHG-0000933,Request for temporary access rights on Finance application Web UI.,Network,Hulk,Hulk,Avengers,Service A,Low,High,Medium,Closed,High,2025-11-13T11:13:30.000000,Thursday,2025-11-13T19:13:30.000000,2025-11-15T07:13:30.000000,2
CHG-0000934,Replace legacy switches with modern devices in Market Data Environment.,Network,Captain America,Captain America,Avengers,Service D,High,Medium,Medium,Closed,Medium,2025-11-14T21:18:12.000000,Friday,2025-11-15T03:18:12.000000,2025-11-16T04:18:12.000000,5
CHG-0000935,TAPs installation in IMK productive connections for work order #REQ0157356.,Access,Loki,Loki,Avengers,Service B,Medium,Low,High,Closed,Medium,2025-11-14T09:19:48.000000,Friday,2025-11-14T15:19:48.000000,2025-11-15T12:19:48.000000,0
CHG-0000936,Certificate renewal for cloud-hosted services 2026.,Failure,Iron Man,Iron Man,Avengers,Service A,Low,Medium,Low,Closed,Medium,2025-11-14T02:56:13.000000,Friday,2025-11-14T09:56:13.000000,2025-11-14T20:56:13.000000,0
CHG-0000937,Enable ADFS custom user provisioning profile upload validation.,Complaint,Iron Man,Iron Man,Avengers,Service E,Medium,Low,High,Closed,High,2025-11-15T04:11:59.000000,Saturday,2025-11-15T11:11:59.000000,2025-11-16T22:11:59.000000,3
CHG-0000938,Replace legacy switches with modern devices in Market Data Environment.,Access,Doctor Strange,Doctor Strange,Avengers II,Service E,High,Medium,Low,Closed,Critical,2025-11-15T04:08:45.000000,Saturday,2025-11-15T07:08:45.000000,2025-11-15T22:08:45.000000,3
CHG-0000939,Certificate update for Palo Alto gatekeeping subnet for KL relocation network.,Complaint,Captain America,Captain America,Avengers,Service D,Low,Medium,High,Closed,Low,2025-11-16T20:58:35.000000,Sunday,2025-11-17T04:58:35.000000,2025-11-17T19:58:35.000000,2
CHG-0000940,Password reset request for disabled accounts in non-prod systems.,Hardware,Jack Sparrow,Jack Sparrow,Matrix,Service B,High,High,Low,Closed,High,2025-11-16T00:03:03.000000,Sunday,2025-11-16T03:03:03.000000,2025-11-16T11:03:03.000000,5
CHG-0000941,Firewall rule onboarding for external SaaS applications via Palo Alto setup.,Data,Doctor Strange,Doctor Strange,Avengers II,Service C,Low,Medium,Low,Closed,Low,2025-11-16T17:43:14.000000,Sunday,2025-11-17T00:43:14.000000,2025-11-17T11:43:14.000000,5
CHG-0000942,Certificate renewal for cloud-hosted services 2026.,Facilities,Shang Chi,Shang Chi,Avengers II,Service E,Medium,Medium,Medium,Closed,Critical,2025-11-16T12:06:52.000000,Sunday,2025-11-16T16:06:52.000000,2025-11-17T03:06:52.000000,0
CHG-0000943,Online Banking external CB-APP onboarding on Radware On-prem environment.,Data,Thor,Thor,Avengers,Service E,High,Low,Low,Closed,High,2025-11-16T19:19:22.000000,Sunday,2025-11-17T02:19:22.000000,2025-11-18T14:19:22.000000,3
CHG-0000944,"Remote board SSL Cert renewal for ressgpe0 , ressgpe1 , secsgpe0 & secsgpe1.",Failure,Jack Sparrow,Jack Sparrow,Matrix,Service D,Low,Medium,Medium,Closed,Low,2025-11-17T13:39:21.000000,Monday,2025-11-17T18:39:21.000000,2025-11-18T12:39:21.000000,0
CHG-0000945,Update IDRAC remote board Firmware and BIOS for forffm71.,Facilities,Iron Man,Iron Man,Avengers,Service E,Medium,High,Medium,Closed,Low,2025-11-17T14:02:26.000000,Monday,2025-11-17T20:02:26.000000,2025-11-18T14:02:26.000000,2
CHG-0000946,Update from RHEL8.9 to RHEL8.10 on database workloads (non-prod).,Complaint,Spiderman,Spiderman,Avengers II,Service D,High,Low,High,Closed,Critical,2025-11-17T09:34:52.000000,Monday,2025-11-17T12:34:52.000000,2025-11-17T14:34:52.000000,3
CHG-0000947,Case 65943239: Upgrade Ontap version to 9.14.1P12.,Data,Spiderman,Spiderman,Avengers II,Service C,Low,High,Low,Closed,Low,2025-11-18T15:21:59.000000,Tuesday,2025-11-18T21:21:59.000000,2025-11-19T09:21:59.000000,5
CHG-0000948,SSL certificate renewal for SWS corporate web hosting final access gateways.,Complaint,Shang Chi,Shang Chi,Avengers II,Service C,High,Low,Medium,Closed,High,2025-11-18T09:43:51.000000,Tuesday,2025-11-18T15:43:51.000000,2025-11-19T18:43:51.000000,4
CHG-0000949,"VUL-NET: Apply Cisco IOS Software Update for routers at PRA, SHA, and TOK sites.",Data,Batman,Batman,Matrix,Service D,Medium,High,High,Closed,Medium,2025-11-18T01:01:38.000000,Tuesday,2025-11-18T08:01:38.000000,2025-11-18T20:01:38.000000,1
CHG-0000950,Enable additional remote IPV6 routing for Japanese production systems.,Failure,Iron Man,Iron Man,Avengers,Service C,Low,High,Low,Closed,Medium,2025-11-18T22:22:39.000000,Tuesday,2025-11-19T01:22:39.000000,2025-11-19T03:22:39.000000,4
CHG-0000951,Updating the IDRAC remote board Firmware and BIOS for timffm21.,Complaint,Jack Sparrow,Jack Sparrow,Matrix,Service A,Medium,Medium,Medium,Closed,Medium,2025-11-18T10:13:54.000000,Tuesday,2025-11-18T15:13:54.000000,2025-11-18T23:13:54.000000,5
CHG-0000952,Deploy ACL rules for high-priority Office 365 tenants across European zones.,Access,Shang Chi,Shang Chi,Avengers II,Service E,High,Low,Medium,In Progress,Medium,2025-11-19T02:53:19.000000,Wednesday,2025-11-19T10:53:19.000000,,3
CHG-0000953,Complete SSL foundation checks for project-focused data endpoints.,Data,Jack Sparrow,Jack Sparrow,Matrix,Service E,Low,Low,Low,Closed,Medium,2025-11-20T22:48:11.000000,Thursday,2025-11-21T03:48:11.000000,2025-11-22T07:48:11.000000,2
CHG-0000954,Certificate renewal for Avatar development environment - Cloud Integration Testing Area.,Access,Captain America,Captain America,Avengers,Service A,Medium,High,High,Closed,High,2025-11-20T18:04:15.000000,Thursday,2025-11-20T23:04:15.000000,2025-11-22T07:04:15.000000,0
CHG-0000955,Patch network appliances for compliance with wireless protocols.,Failure,Spiderman,Spiderman,Avengers II,Service B,Medium,Low,Medium,Closed,Medium,2025-11-20T15:59:55.000000,Thursday,2025-11-20T17:59:55.000000,2025-11-21T22:59:55.000000,5
CHG-0000956,VUL-NET: Critical Juniper network patch for external office gateways.,Complaint,Loki,Loki,Avengers,Service B,High,High,Low,Closed,Low,2025-11-20T00:21:47.000000,Thursday,2025-11-20T08:21:47.000000,2025-11-20T19:21:47.000000,4
CHG-0000957,Grant access to crontab for ta2twga on twgmmp01.zit.commerzbank.com.,Access,Jack Sparrow,Jack Sparrow,Matrix,Service D,Medium,Medium,High,Closed,Medium,2025-11-20T13:34:37.000000,Thursday,2025-11-20T16:34:37.000000,2025-11-21T14:34:37.000000,3
CHG-0000958,Restart tkmweb database servers after container update failure response.,Facilities,John Cena,John Cena,Matrix,Service E,Medium,High,High,Closed,Critical,2025-11-21T07:18:02.000000,Friday,2025-11-21T13:18:02.000000,2025-11-22T20:18:02.000000,3
CHG-0000959,Replace legacy switches with modern devices in Market Data Environment.,Hardware,Thor,Thor,Avengers,Service E,Low,Low,Medium,Closed,Medium,2025-11-22T02:52:55.000000,Saturday,2025-11-22T09:52:55.000000,2025-11-23T02:52:55.000000,4
CHG-0000960,Grant access for backup recovery on production machine nodes in DR locations.,Access,Captain America,Captain America,Avengers,Service B,High,Low,High,Closed,Medium,2025-11-22T19:30:43.000000,Saturday,2025-11-23T00:30:43.000000,2025-11-23T23:30:43.000000,1
CHG-0000961,Install httpd-tools on edge proxy nodes.,Software,Captain Marvel,Captain Marvel,Avengers II,Service B,High,High,Low,Closed,Low,2025-11-22T11:01:45.000000,Saturday,2025-11-22T19:01:45.000000,2025-11-24T02:01:45.000000,0
CHG-0000962,Restart tkmweb database servers after container update failure response.,Complaint,Shang Chi,Shang Chi,Avengers II,Service C,Low,Low,High,Closed,Low,2025-11-22T04:13:47.000000,Saturday,2025-11-22T12:13:47.000000,2025-11-23T22:13:47.000000,0
CHG-0000963,Patch remote job runner script dependencies for IMK analytics platform.,Access,John Wick,John Wick,Matrix,Service E,Medium,Medium,Medium,New,Low,2025-11-23T20:03:50.000000,Sunday,,,2
CHG-0000964,SSL certificate renewal for SWS corporate web hosting final access gateways.,Complaint,Spiderman,Spiderman,Avengers II,Service A,High,Medium,High,On Hold,Medium,2025-11-24T18:16:21.000000,Monday,,,1
CHG-0000965,Subnet migration alignment to cater towards hybrid env-discoveries (Prepare Step ongoing).,Access,John Cena,John Cena,Matrix,Service E,Medium,High,Medium,New,High,2025-11-25T06:35:17.000000,Tuesday,,,2
CHG-0000966,Restart tkmdbp01 of configuration change took longer than expected.,Complaint,John Cena,John Cena,Matrix,Service E,Low,Medium,High,In Progress,Medium,2025-11-25T08:56:42.000000,Tuesday,2025-11-25T12:56:42.000000,,2
CHG-0000967,Database configuration check for performance improvements in PROD systems.,Complaint,Iron Man,Iron Man,Avengers,Service B,High,Low,High,Closed,Medium,2025-11-25T20:51:39.000000,Tuesday,2025-11-26T00:51:39.000000,2025-11-27T00:51:39.000000,2
CHG-0000968,Switchport configuration for targeted hosts to enhance authentication mechanisms.,Facilities,Batman,Batman,Matrix,Service D,Low,High,High,Closed,Medium,2025-11-25T19:00:30.000000,Tuesday,2025-11-26T02:00:30.000000,2025-11-27T07:00:30.000000,0
CHG-0000969,Enable database backups at sv273046 for production environment.,Complaint,Spiderman,Spiderman,Avengers II,Service D,High,Medium,Low,Closed,High,2025-11-26T01:37:15.000000,Wednesday,2025-11-26T05:37:15.000000,2025-11-27T09:37:15.000000,2
CHG-0000970,Certificate adjustments for new virtual database pipelines.,Access,Iron Man,Iron Man,Avengers,Service C,Medium,High,High,Closed,Medium,2025-11-26T20:39:30.000000,Wednesday,2025-11-27T03:39:30.000000,2025-11-27T10:39:30.000000,0
CHG-0000971,Install httpd-tools on edge proxy nodes.,Data,Thor,Thor,Avengers,Service D,Medium,Low,Low,Closed,High,2025-11-27T07:20:02.000000,Thursday,2025-11-27T10:20:02.000000,2025-11-27T15:20:02.000000,1
CHG-0000972,Database configuration check for performance improvements in PROD systems.,Facilities,Loki,Loki,Avengers,Service A,Medium,Low,High,Closed,High,2025-11-28T23:09:29.000000,Friday,2025-11-29T02:09:29.000000,2025-11-29T23:09:29.000000,4
CHG-0000973,Reverse fallback isolation plan post-Palo Alto Prisma failure.,Complaint,Thor,Thor,Avengers,Service D,Medium,Low,High,Closed,Medium,2025-11-28T05:15:29.000000,Friday,2025-11-28T11:15:29.000000,2025-11-28T15:15:29.000000,0
CHG-0000974,Firewall rule onboarding for external SaaS applications via Palo Alto setup.,Network,Jack Sparrow,Jack Sparrow,Matrix,Service A,Medium,Low,Low,Closed,High,2025-11-28T22:06:31.000000,Friday,2025-11-29T04:06:31.000000,2025-11-29T10:06:31.000000,4
CHG-0000975,New IP subnet & access point testing for KL relocation project.,Facilities,Shang Chi,Shang Chi,Avengers II,Service A,Medium,Low,High,Closed,High,2025-11-28T10:08:05.000000,Friday,2025-11-28T15:08:05.000000,2025-11-29T06:08:05.000000,4
CHG-0000976,Certificate renewal for cloud-hosted services 2026.,Access,Captain America,Captain America,Avengers,Service E,Low,Low,Low,Closed,Low,2025-11-29T04:41:59.000000,Saturday,2025-11-29T12:41:59.000000,2025-11-30T03:41:59.000000,4
CHG-0000977,Case 65943239: Upgrade Ontap version to 9.14.1P12.,Failure,Hulk,Hulk,Avengers,Service D,Low,Medium,High,Closed,Medium,2025-11-29T15:51:38.000000,Saturday,2025-11-29T21:51:38.000000,2025-11-30T20:51:38.000000,0
CHG-0000978,Increase VM capacity for ongoing AI processing workload.,Facilities,Spiderman,Spiderman,Avengers II,Service E,Medium,High,Medium,Closed,Low,2025-11-29T13:59:44.000000,Saturday,2025-11-29T16:59:44.000000,2025-11-30T23:59:44.000000,1
CHG-0000979,VUL-NET: Critical Juniper network patch for external office gateways.,Software,Doctor Strange,Doctor Strange,Avengers II,Service E,Low,High,Low,Closed,High,2025-11-29T00:39:55.000000,Saturday,2025-11-29T03:39:55.000000,2025-11-30T13:39:55.000000,3
CHG-0000980,"Remote board SSL Cert renewal for ressgpe0 , ressgpe1 , secsgpe0 & secsgpe1.",Data,Captain Marvel,Captain Marvel,Avengers II,Service B,Low,Low,Medium,Closed,Medium,2025-11-29T10:57:40.000000,Saturday,2025-11-29T18:57:40.000000,2025-11-30T18:57:40.000000,5
CHG-0000981,Software patch implementation targeting RHEL8.1 compatibility issues.,Access,Captain America,Captain America,Avengers,Service E,Low,Low,Low,Closed,Critical,2025-11-30T23:23:38.000000,Sunday,2025-12-01T06:23:38.000000,2025-12-01T13:23:38.000000,3
CHG-0000982,Certificate renewal for Avatar development environment - Cloud Integration Testing Area.,Network,Thor,Thor,Avengers,Service B,Low,High,High,Closed,Medium,2025-11-30T10:05:31.000000,Sunday,2025-11-30T16:05:31.000000,2025-12-02T04:05:31.000000,1
CHG-0000983,Firewall configuration changes for disaster recovery validation testing.,Complaint,Neo,Neo,Matrix,Service B,High,Low,Medium,Closed,Medium,2025-11-30T21:13:02.000000,Sunday,2025-12-01T03:13:02.000000,2025-12-01T15:13:02.000000,5
CHG-0000984,Password reset request for disabled accounts in non-prod systems.,Software,Captain Marvel,Captain Marvel,Avengers II,Service C,Low,Low,High,Closed,Low,2025-11-30T10:56:05.000000,Sunday,2025-11-30T18:56:05.000000,2025-12-02T00:56:05.000000,5
CHG-0000985,"VUL-NET: Cisco Wireless IOS-XE Software Update for WLC9800 | Jugoslavska, CZ (PRA06).",Data,Loki,Loki,Avengers,Service C,High,High,High,Closed,Medium,2025-12-01T03:56:50.000000,Monday,2025-12-01T09:56:50.000000,2025-12-02T01:56:50.000000,2
CHG-0000986,"Resize virtual storage for CoreTxx_PROD database (95,38% full).",Complaint,Neo,Neo,Matrix,Service C,High,Low,Medium,Closed,Medium,2025-12-01T20:43:17.000000,Monday,2025-12-02T04:43:17.000000,2025-12-03T03:43:17.000000,4
CHG-0000987,Update the IDRAC remote board Firmware and BIOS for secklb01.,Network,Captain Marvel,Captain Marvel,Avengers II,Service E,High,Medium,High,Closed,Critical,2025-12-01T07:48:11.000000,Monday,2025-12-01T09:48:11.000000,2025-12-01T22:48:11.000000,5
CHG-0000988,Enable additional remote IPV6 routing for Japanese production systems.,Facilities,Iron Man,Iron Man,Avengers,Service C,Low,Medium,High,Closed,Medium,2025-12-01T22:25:42.000000,Monday,2025-12-02T03:25:42.000000,2025-12-02T11:25:42.000000,2
CHG-0000989,"VUL-NET: Apply Cisco IOS Software Update for routers at PRA, SHA, and TOK sites.",Software,Captain America,Captain America,Avengers,Service D,Low,High,Low,Closed,Medium,2025-12-02T00:17:37.000000,Tuesday,2025-12-02T07:17:37.000000,2025-12-03T11:17:37.000000,0
CHG-0000990,Update IDRAC board for core cluster PROD servers.,Failure,Iron Man,Iron Man,Avengers,Service D,High,Medium,Medium,On Hold,Medium,2025-12-02T06:14:48.000000,Tuesday,,,0
CHG-0000991,Initiate scheduled SAN Storage Array node reboot to resolve high uptime issue.,Facilities,Captain Marvel,Captain Marvel,Avengers II,Service C,Medium,High,Medium,Closed,Medium,2025-12-02T16:52:13.000000,Tuesday,2025-12-02T19:52:13.000000,2025-12-03T12:52:13.000000,5
CHG-0000992,Setup additional SAML authentication nodes in DMZ environment.,Complaint,Neo,Neo,Matrix,Service B,Medium,Low,Medium,Closed,Critical,2025-12-03T10:33:51.000000,Wednesday,2025-12-03T17:33:51.000000,2025-12-04T04:33:51.000000,3
CHG-0000993,Updating the IDRAC remote board Firmware and BIOS for secffme2.,Access,Captain America,Captain America,Avengers,Service B,High,Low,Medium,Closed,Medium,2025-12-03T21:38:36.000000,Wednesday,2025-12-04T05:38:36.000000,2025-12-04T20:38:36.000000,1
CHG-0000994,Firewall configuration changes for disaster recovery validation testing.,Complaint,Hulk,Hulk,Avengers,Service C,Medium,Low,Low,New,High,2025-12-03T15:36:45.000000,Wednesday,,,2
CHG-0000995,Online Banking external CB-APP onboarding on Radware On-prem environment.,Data,Doctor Strange,Doctor Strange,Avengers II,Service E,Low,Low,Low,Closed,High,2025-12-03T23:43:44.000000,Wednesday,2025-12-04T05:43:44.000000,2025-12-04T11:43:44.000000,3
CHG-0000996,Firewall optimization for edge routing performance post DR testing.,Data,John Wick,John Wick,Matrix,Service E,Low,High,High,Closed,High,2025-12-04T23:58:36.000000,Thursday,2025-12-05T05:58:36.000000,2025-12-06T11:58:36.000000,3
CHG-0000997,"Resize virtual storage for CoreTxx_PROD database (95,38% full).",Hardware,Thor,Thor,Avengers,Service B,Low,Medium,High,In Progress,Medium,2025-12-04T03:32:15.000000,Thursday,2025-12-04T07:32:15.000000,,2
CHG-0000998,Expand edge metrics transitioning through Palo FLEX Zeon tiers vs EU roots.,Complaint,Loki,Loki,Avengers,Service C,Medium,Low,High,Closed,Low,2025-12-04T04:23:42.000000,Thursday,2025-12-04T07:23:42.000000,2025-12-04T09:23:42.000000,4
CHG-0000999,Replace legacy switches with modern devices in Market Data Environment.,Hardware,Thor,Thor,Avengers,Service D,High,Low,High,Closed,High,2025-12-05T04:53:43.000000,Friday,2025-12-05T07:53:43.000000,2025-12-06T19:53:43.000000,0
CHG-0001000,Expand edge metrics transitioning through Palo FLEX Zeon tiers vs EU roots.,Data,Hulk,Hulk,Avengers,Service A,Low,Medium,Low,Closed,Low,2025-12-05T04:32:28.000000,Friday,2025-12-05T11:32:28.000000,2025-12-05T13:32:28.000000,0
CHG-0001001,Execution of systemctl daemon-reload to patch Prod-CSO VM resiliency.,Hardware,John Wick,John Wick,Matrix,Service D,Low,High,Medium,Closed,Low,2025-12-05T07:07:04.000000,Friday,2025-12-05T09:07:04.000000,2025-12-06T15:07:04.000000,3
CHG-0001002,Certificate renewal for cloud-hosted services 2026.,Network,Hulk,Hulk,Avengers,Service A,Low,Medium,Medium,Closed,High,2025-12-05T15:11:05.000000,Friday,2025-12-05T17:11:05.000000,2025-12-05T22:11:05.000000,3
CHG-0001003,Password reset request for disabled accounts in non-prod systems.,Network,Loki,Loki,Avengers,Service B,High,Medium,Low,Closed,Medium,2025-12-05T06:51:52.000000,Friday,2025-12-05T12:51:52.000000,2025-12-06T12:51:52.000000,4
CHG-0001004,Remote board SSL Cert renewal for anysgp15 & anysgp14.,Access,John Cena,John Cena,Matrix,Service C,Low,Medium,Low,Closed,Critical,2025-12-06T23:53:40.000000,Saturday,2025-12-07T02:53:40.000000,2025-12-07T06:53:40.000000,0
CHG-0001005,Certificate renewal Digital Banking on PROD environment 2026.,Data,Iron Man,Iron Man,Avengers,Service E,High,Low,High,Closed,High,2025-12-06T07:30:12.000000,Saturday,2025-12-06T09:30:12.000000,2025-12-07T14:30:12.000000,3
CHG-0001006,Subnet migration alignment to cater towards hybrid env-discoveries (Prepare Step ongoing).,Hardware,Shang Chi,Shang Chi,Avengers II,Service D,Low,High,Low,Closed,Medium,2025-12-06T15:11:53.000000,Saturday,2025-12-06T17:11:53.000000,2025-12-07T12:11:53.000000,3
CHG-0001007,Grant access for backup recovery on production machine nodes in DR locations.,Hardware,Iron Man,Iron Man,Avengers,Service A,Low,Low,Low,Closed,Critical,2025-12-06T23:05:21.000000,Saturday,2025-12-07T05:05:21.000000,2025-12-08T08:05:21.000000,2
CHG-0001008,Firewall rule onboarding for external SaaS applications via Palo Alto setup.,Complaint,Thor,Thor,Avengers,Service D,Medium,High,Medium,Closed,High,2025-12-07T23:43:02.000000,Sunday,2025-12-08T04:43:02.000000,2025-12-08T12:43:02.000000,3
CHG-0001009,Remote board SSL Cert renewal for anysgp15 & anysgp14.,Hardware,Doctor Strange,Doctor Strange,Avengers II,Service B,Low,Medium,Medium,Closed,High,2025-12-07T06:30:51.000000,Sunday,2025-12-07T10:30:51.000000,2025-12-08T16:30:51.000000,0
CHG-0001010,Database configuration check for performance improvements in PROD systems.,Failure,John Cena,John Cena,Matrix,Service A,Low,Low,High,Closed,Medium,2025-12-08T15:47:49.000000,Monday,2025-12-08T23:47:49.000000,2025-12-09T08:47:49.000000,1
CHG-0001011,Firewall configuration changes for disaster recovery validation testing.,Failure,John Cena,John Cena,Matrix,Service B,High,Low,Low,Closed,Low,2025-12-09T04:16:53.000000,Tuesday,2025-12-09T11:16:53.000000,2025-12-09T21:16:53.000000,3
CHG-0001012,Reverse fallback isolation plan post-Palo Alto Prisma failure.,Hardware,Hulk,Hulk,Avengers,Service D,Low,Low,Medium,On Hold,Medium,2025-12-09T09:25:37.000000,Tuesday,,,1
CHG-0001013,Remote board SSL Cert renewal for anysgp15 & anysgp14.,Complaint,John Wick,John Wick,Matrix,Service C,High,High,Low,Closed,Medium,2025-12-09T23:48:23.000000,Tuesday,2025-12-10T01:48:23.000000,2025-12-11T09:48:23.000000,5
CHG-0001014,Firewall configuration changes for disaster recovery validation testing.,Network,Captain America,Captain America,Avengers,Service E,Low,Medium,Low,Closed,Critical,2025-12-10T21:11:51.000000,Wednesday,2025-12-11T00:11:51.000000,2025-12-11T03:11:51.000000,2
CHG-0001015,Deploy ACL rules for high-priority Office 365 tenants across European zones.,Access,Captain Marvel,Captain Marvel,Avengers II,Service A,High,High,Low,Closed,High,2025-12-10T22:16:16.000000,Wednesday,2025-12-11T04:16:16.000000,2025-12-12T07:16:16.000000,2
CHG-0001016,Expand edge metrics transitioning through Palo FLEX Zeon tiers vs EU roots.,Facilities,Captain Marvel,Captain Marvel,Avengers II,Service C,Low,Low,High,Closed,Critical,2025-12-10T22:44:14.000000,Wednesday,2025-12-11T06:44:14.000000,2025-12-12T18:44:14.000000,4
CHG-0001017,UC4 Agent Installation on gcetcami001.,Access,Spiderman,Spiderman,Avengers II,Service C,Low,Low,Medium,Closed,Medium,2025-12-10T23:56:31.000000,Wednesday,2025-12-11T07:56:31.000000,2025-12-11T15:56:31.000000,4
CHG-0001018,Install system monitoring scripts on AWS-hosted general-purpose non-prod servers.,Hardware,John Wick,John Wick,Matrix,Service C,Medium,Medium,Low,Closed,Low,2025-12-11T17:40:51.000000,Thursday,2025-12-11T22:40:51.000000,2025-12-13T10:40:51.000000,1
CHG-0001019,Patch network appliances for compliance with wireless protocols.,Failure,Hulk,Hulk,Avengers,Service A,High,High,Low,New,Medium,2025-12-11T15:32:47.000000,Thursday,,,1
CHG-0001020,VUL-NET: Critical Juniper network patch for external office gateways.,Network,Hulk,Hulk,Avengers,Service E,Low,Low,Low,Closed,Medium,2025-12-11T15:35:37.000000,Thursday,2025-12-11T20:35:37.000000,2025-12-12T15:35:37.000000,0
CHG-0001021,Subnet migration alignment to cater towards hybrid env-discoveries (Prepare Step ongoing).,Complaint,Captain Marvel,Captain Marvel,Avengers II,Service A,Medium,Low,Medium,Closed,High,2025-12-11T14:20:59.000000,Thursday,2025-12-11T20:20:59.000000,2025-12-12T01:20:59.000000,2
CHG-0001022,Certificate adjustments for new virtual database pipelines.,Network,Doctor Strange,Doctor Strange,Avengers II,Service E,Low,Low,Medium,On Hold,Medium,2025-12-12T16:16:38.000000,Friday,,,5
CHG-0001023,Certificate renewal Digital Banking on PROD environment 2026.,Software,Batman,Batman,Matrix,Service B,Low,High,High,Closed,Medium,2025-12-12T09:41:10.000000,Friday,2025-12-12T16:41:10.000000,2025-12-13T15:41:10.000000,4
CHG-0001024,Update from RHEL8.9 to RHEL8.10 on database workloads (non-prod).,Data,Hulk,Hulk,Avengers,Service A,Medium,Low,Medium,Closed,Medium,2025-12-12T01:16:36.000000,Friday,2025-12-12T05:16:36.000000,2025-12-13T01:16:36.000000,5
CHG-0001025,Updating the IDRAC remote board Firmware and BIOS for timffm21.,Hardware,Hulk,Hulk,Avengers,Service A,Low,High,Medium,Closed,Critical,2025-12-12T09:05:34.000000,Friday,2025-12-12T16:05:34.000000,2025-12-12T21:05:34.000000,1
CHG-0001026,Enable additional remote IPV6 routing for Japanese production systems.,Network,Thor,Thor,Avengers,Service C,High,High,High,Closed,Medium,2025-12-12T13:54:25.000000,Friday,2025-12-12T21:54:25.000000,2025-12-13T13:54:25.000000,0
CHG-0001027,Grant access for backup recovery on production machine nodes in DR locations.,Failure,Captain Marvel,Captain Marvel,Avengers II,Service D,High,Low,Medium,Closed,Medium,2025-12-13T12:07:54.000000,Saturday,2025-12-13T18:07:54.000000,2025-12-14T20:07:54.000000,1
CHG-0001028,Certificate renewal Digital Banking on PROD environment 2026.,Network,Shang Chi,Shang Chi,Avengers II,Service C,Medium,Medium,High,Closed,High,2025-12-14T00:21:32.000000,Sunday,2025-12-14T04:21:32.000000,2025-12-15T15:21:32.000000,0
CHG-0001029,Certificate renewal for cloud-hosted services 2026.,Software,Loki,Loki,Avengers,Service D,Low,Low,Low,Closed,Medium,2025-12-14T22:58:20.000000,Sunday,2025-12-15T05:58:20.000000,2025-12-16T16:58:20.000000,0
CHG-0001030,Execution of systemctl daemon-reload to patch Prod-CSO VM resiliency.,Access,Jack Sparrow,Jack Sparrow,Matrix,Service E,High,Low,Low,Closed,Medium,2025-12-15T19:58:00.000000,Monday,2025-12-15T21:58:00.000000,2025-12-16T03:58:00.000000,2
CHG-0001031,"Remote board SSL Cert renewal for ressgpe0 , ressgpe1 , secsgpe0 & secsgpe1.",Failure,Captain America,Captain America,Avengers,Service B,Medium,Medium,Low,Closed,Medium,2025-12-15T01:05:05.000000,Monday,2025-12-15T03:05:05.000000,2025-12-16T10:05:05.000000,2
CHG-0001032,Certificate update for Palo Alto gatekeeping subnet for KL relocation network.,Facilities,Spiderman,Spiderman,Avengers II,Service C,Low,High,High,Closed,High,2025-12-16T04:33:08.000000,Tuesday,2025-12-16T06:33:08.000000,2025-12-17T12:33:08.000000,1
CHG-0001033,Execute hardening measures for SQL server instances post security audit.,Network,Shang Chi,Shang Chi,Avengers II,Service B,High,Medium,High,Closed,High,2025-12-16T19:32:35.000000,Tuesday,2025-12-16T22:32:35.000000,2025-12-17T18:32:35.000000,3
CHG-0001034,Complete SSL foundation checks for project-focused data endpoints.,Facilities,Doctor Strange,Doctor Strange,Avengers II,Service C,High,Medium,Medium,Closed,Medium,2025-12-16T19:12:56.000000,Tuesday,2025-12-17T00:12:56.000000,2025-12-18T02:12:56.000000,4
CHG-0001035,Restart tkmdbp01 of configuration change took longer than expected.,Failure,John Wick,John Wick,Matrix,Service B,Medium,Low,High,Closed,Low,2025-12-17T20:01:03.000000,Wednesday,2025-12-17T22:01:03.000000,2025-12-19T04:01:03.000000,5
CHG-0001036,Firewall optimization for edge routing performance post DR testing.,Network,Spiderman,Spiderman,Avengers II,Service D,High,Medium,Low,Closed,Medium,2025-12-18T22:00:09.000000,Thursday,2025-12-19T02:00:09.000000,2025-12-19T10:00:09.000000,3
CHG-0001037,"VUL-NET: Cisco Wireless IOS-XE Software Update for WLC9800 | Jugoslavska, CZ (PRA06).",Access,Shang Chi,Shang Chi,Avengers II,Service A,High,Medium,Medium,Closed,Medium,2025-12-18T01:06:23.000000,Thursday,2025-12-18T04:06:23.000000,2025-12-18T22:06:23.000000,4
CHG-0001038,Enable additional remote IPV6 routing for Japanese production systems.,Failure,Iron Man,Iron Man,Avengers,Service A,Low,High,Low,Closed,Medium,2025-12-18T07:38:38.000000,Thursday,2025-12-18T14:38:38.000000,2025-12-19T18:38:38.000000,0
CHG-0001039,Replace legacy switches with modern devices in Market Data Environment.,Hardware,John Wick,John Wick,Matrix,Service E,Medium,Medium,Low,Closed,Medium,2025-12-19T22:31:26.000000,Friday,2025-12-20T06:31:26.000000,2025-12-20T15:31:26.000000,3
CHG-0001040,Updating the IDRAC remote board Firmware and BIOS for secffme2.,Complaint,Hulk,Hulk,Avengers,Service E,Low,High,Medium,Closed,High,2025-12-19T23:05:27.000000,Friday,2025-12-20T07:05:27.000000,2025-12-20T16:05:27.000000,5
CHG-0001041,Enable additional remote IPV6 routing for Japanese production systems.,Facilities,Hulk,Hulk,Avengers,Service E,Medium,Medium,Low,Closed,Medium,2025-12-19T03:42:32.000000,Friday,2025-12-19T06:42:32.000000,2025-12-20T04:42:32.000000,4
CHG-0001042,Subnet migration alignment to cater towards hybrid env-discoveries (Prepare Step ongoing).,Software,Captain America,Captain America,Avengers,Service D,High,High,Medium,Closed,High,2025-12-20T22:11:15.000000,Saturday,2025-12-21T02:11:15.000000,2025-12-22T00:11:15.000000,0
CHG-0001043,Enable database backups at sv273046 for production environment.,Facilities,Iron Man,Iron Man,Avengers,Service E,Low,Low,High,Closed,Medium,2025-12-20T09:00:10.000000,Saturday,2025-12-20T17:00:10.000000,2025-12-22T01:00:10.000000,0
CHG-0001044,Execute systemctl daemon-reload on CSO VM (PROD).,Access,Jack Sparrow,Jack Sparrow,Matrix,Service C,High,Medium,Low,Closed,Medium,2025-12-20T23:53:39.000000,Saturday,2025-12-21T04:53:39.000000,2025-12-21T18:53:39.000000,0
CHG-0001045,Patch remote job runner script dependencies for IMK analytics platform.,Network,Captain Marvel,Captain Marvel,Avengers II,Service B,Medium,Low,Medium,Closed,High,2025-12-21T12:23:57.000000,Sunday,2025-12-21T18:23:57.000000,2025-12-22T23:23:57.000000,0
CHG-0001046,Updating the IDRAC remote board Firmware and BIOS for secffme2.,Facilities,Shang Chi,Shang Chi,Avengers II,Service E,Medium,Medium,Medium,Closed,Medium,2025-12-22T13:32:00.000000,Monday,2025-12-22T16:32:00.000000,2025-12-22T19:32:00.000000,3
CHG-0001047,Certificate renewal for Avatar development environment - Cloud Integration Testing Area.,Network,John Cena,John Cena,Matrix,Service D,Medium,Medium,Medium,Closed,Medium,2025-12-23T22:52:35.000000,Tuesday,2025-12-24T03:52:35.000000,2025-12-24T21:52:35.000000,2
CHG-0001048,Firewall configuration changes for disaster recovery validation testing.,Access,Hulk,Hulk,Avengers,Service E,Medium,Low,Medium,On Hold,High,2025-12-24T06:22:20.000000,Wednesday,,,0
CHG-0001049,Enable database backups at sv273046 for production environment.,Complaint,Doctor Strange,Doctor Strange,Avengers II,Service A,Low,Medium,Medium,Closed,High,2025-12-24T06:15:31.000000,Wednesday,2025-12-24T12:15:31.000000,2025-12-25T22:15:31.000000,5
CHG-0001050,Updating the IDRAC remote board Firmware and BIOS for timffm21.,Facilities,Jack Sparrow,Jack Sparrow,Matrix,Service B,Medium,Low,Low,On Hold,High,2025-12-24T06:46:21.000000,Wednesday,,,2
CHG-0001051,Firewall configuration changes for disaster recovery validation testing.,Complaint,Shang Chi,Shang Chi,Avengers II,Service B,Low,Low,High,In Progress,Medium,2025-12-25T06:18:20.000000,Thursday,2025-12-25T09:18:20.000000,,3
CHG-0001052,Firewall rule onboarding for external SaaS applications via Palo Alto setup.,Access,John Wick,John Wick,Matrix,Service A,Medium,Low,Low,Closed,Critical,2025-12-25T07:41:42.000000,Thursday,2025-12-25T11:41:42.000000,2025-12-26T01:41:42.000000,5
CHG-0001053,Update the IDRAC remote board Firmware and BIOS for secklb01.,Access,John Cena,John Cena,Matrix,Service B,Low,Low,High,Closed,Critical,2025-12-26T16:14:56.000000,Friday,2025-12-26T23:14:56.000000,2025-12-27T03:14:56.000000,2
CHG-0001054,"VUL-NET: Apply Cisco IOS Software Update for routers at PRA, SHA, and TOK sites.",Access,John Wick,John Wick,Matrix,Service C,High,Low,High,Closed,Medium,2025-12-27T14:19:33.000000,Saturday,2025-12-27T18:19:33.000000,2025-12-27T22:19:33.000000,0
CHG-0001055,Request for temporary access rights on Finance application Web UI.,Network,John Cena,John Cena,Matrix,Service A,Medium,Medium,Low,Closed,High,2025-12-28T15:11:35.000000,Sunday,2025-12-28T22:11:35.000000,2025-12-29T03:11:35.000000,0
CHG-0001056,Certificate adjustments for new virtual database pipelines.,Complaint,Thor,Thor,Avengers,Service D,High,Low,Low,Closed,Medium,2025-12-28T11:01:27.000000,Sunday,2025-12-28T19:01:27.000000,2025-12-29T21:01:27.000000,3
CHG-0001057,New IP subnet & access point testing for KL relocation project.,Software,John Wick,John Wick,Matrix,Service D,High,Low,Low,Closed,Medium,2025-12-29T09:03:38.000000,Monday,2025-12-29T11:03:38.000000,2025-12-30T22:03:38.000000,5
CHG-0001058,Initiate scheduled SAN Storage Array node reboot to resolve high uptime issue.,Hardware,Neo,Neo,Matrix,Service E,Low,Medium,Low,Closed,Low,2025-12-29T22:55:17.000000,Monday,2025-12-30T02:55:17.000000,2025-12-31T12:55:17.000000,3
CHG-0001059,Certificate adjustments for new virtual database pipelines.,Facilities,Shang Chi,Shang Chi,Avengers II,Service A,Low,High,High,Closed,Critical,2025-12-30T05:33:39.000000,Tuesday,2025-12-30T11:33:39.000000,2025-12-30T23:33:39.000000,5
CHG-0001060,SSL certificate renewal for SWS corporate web hosting final access gateways.,Hardware,Iron Man,Iron Man,Avengers,Service A,Low,Medium,Medium,Closed,High,2025-12-30T17:01:20.000000,Tuesday,2025-12-31T00:01:20.000000,2026-01-01T02:01:20.000000,4
CHG-0001061,ACI switchports configuration for work orders #REQ0155328 #REQ0147118 #REQ0152855.,Access,Jack Sparrow,Jack Sparrow,Matrix,Service D,Low,Medium,Medium,On Hold,Medium,2025-12-31T17:27:09.000000,Wednesday,,,1
CHG-0001062,Grant access for backup recovery on production machine nodes in DR locations.,Failure,Spiderman,Spiderman,Avengers II,Service C,High,Low,Medium,Closed,High,2025-12-31T22:16:29.000000,Wednesday,2026-01-01T05:16:29.000000,2026-01-02T16:16:29.000000,5
CHG-0001063,Execute hardening measures for SQL server instances post security audit.,Complaint,Captain Marvel,Captain Marvel,Avengers II,Service D,Low,Low,High,Closed,Medium,2025-12-31T02:43:58.000000,Wednesday,2025-12-31T06:43:58.000000,2025-12-31T08:43:58.000000,1
