customer_id,days_since_login,features_used,usage_trend,support_tickets,contract_days_left,monthly_revenue,tenure_days,price_increase,churned,days_to_churn
CUST_0000,7.0,19,0.402,1,281,374.76,490,0,0,490
CUST_0001,45.2,8,0.854,1,34,262.41,878,0,1,71
CUST_0002,19.8,7,-0.249,1,75,265.52,1191,0,1,16
CUST_0003,13.7,16,-0.517,3,71,225.24,1504,1,1,78
CUST_0004,2.5,19,0.11,3,248,307.93,1377,0,0,1377
CUST_0005,2.5,6,0.592,3,56,703.76,502,0,0,502
CUST_0006,0.9,11,-0.992,4,356,428.92,1794,0,0,1794
CUST_0007,30.2,5,0.263,1,304,230.18,1667,0,0,1667
CUST_0008,13.8,16,0.193,1,9,338.4,1530,0,0,1530
CUST_0009,18.5,7,-0.364,2,212,129.37,222,0,0,222
CUST_0010,0.3,5,-0.097,0,360,728.03,336,0,0,336
CUST_0011,52.6,11,-0.506,3,236,356.15,1595,0,1,18
CUST_0012,26.8,15,0.58,2,233,785.29,788,0,0,788
CUST_0013,3.6,3,0.269,0,222,310.65,935,0,0,935
CUST_0014,3.0,5,0.065,2,103,677.27,250,0,0,250
CUST_0015,3.0,5,-0.215,1,326,242.29,201,0,0,201
CUST_0016,5.4,9,-0.417,2,97,107.11,1213,0,1,61
CUST_0017,11.2,15,0.645,2,225,73.8,201,0,0,201
CUST_0018,8.5,3,-0.097,1,221,504.63,1116,0,0,1116
CUST_0019,5.2,6,0.003,1,323,283.68,1626,0,0,1626
CUST_0020,14.2,17,0.042,0,333,382.64,1118,0,0,1118
CUST_0021,2.3,8,-0.103,3,279,663.99,1222,0,0,1222
CUST_0022,5.2,11,-0.488,0,42,236.08,110,0,0,110
CUST_0023,6.8,6,-0.759,2,350,281.49,788,0,0,788
CUST_0024,9.1,8,-0.803,0,347,684.0,1321,0,0,1321
CUST_0025,23.1,10,0.515,3,152,419.57,1433,0,1,35
CUST_0026,3.3,3,-0.553,2,338,670.75,1823,0,1,31
CUST_0027,10.8,14,-0.889,1,289,330.86,102,0,0,102
CUST_0028,13.5,14,0.595,1,223,348.78,361,1,0,361
CUST_0029,0.7,10,-0.692,0,118,175.35,1241,0,0,1241
CUST_0030,14.0,12,0.25,0,213,737.26,1078,0,0,1078
CUST_0031,2.8,6,-0.323,3,52,722.59,257,0,0,257
CUST_0032,1.0,12,-0.747,3,219,788.16,1171,0,0,1171
CUST_0033,44.6,14,-0.171,1,242,351.84,1498,0,1,36
CUST_0034,50.6,2,-0.97,0,52,663.96,1161,0,1,51
CUST_0035,24.8,9,0.682,0,116,361.22,271,0,0,271
CUST_0036,5.4,10,0.027,1,330,390.72,1664,0,0,1664
CUST_0037,1.5,17,-0.722,2,41,672.5,1587,0,0,1587
CUST_0038,17.3,17,-0.526,1,246,183.03,1534,0,0,1534
CUST_0039,8.7,3,-0.104,1,290,215.23,532,0,0,532
CUST_0040,2.0,19,-0.622,4,247,286.05,1551,1,0,1551
CUST_0041,10.3,1,-0.463,3,100,641.13,1109,0,1,45
CUST_0042,0.5,12,0.069,1,86,329.49,1202,0,0,1202
CUST_0043,36.0,7,0.665,3,352,318.63,1364,0,1,14
CUST_0044,4.5,4,-0.196,3,83,799.11,581,0,1,28
CUST_0045,16.3,10,0.434,2,260,337.85,1715,0,0,1715
CUST_0046,5.6,13,0.753,2,220,235.83,953,1,0,953
CUST_0047,11.0,2,-0.567,3,153,517.41,150,0,1,38
CUST_0048,11.9,10,0.614,4,50,651.41,55,0,1,25
CUST_0049,3.1,4,0.515,2,37,102.21,1165,1,1,72
CUST_0050,52.4,18,-0.286,5,258,514.17,540,1,1,48
CUST_0051,22.4,5,0.979,3,186,76.8,910,1,1,19
CUST_0052,42.1,19,-0.475,1,12,444.75,52,0,1,2
CUST_0053,33.8,2,-0.49,0,222,242.74,1734,0,1,6
CUST_0054,13.7,12,0.545,1,86,279.98,1317,1,0,1317
CUST_0055,38.2,17,-0.131,2,258,400.32,145,1,1,61
CUST_0056,1.4,10,-0.338,0,180,745.33,509,0,0,509
CUST_0057,3.3,2,-0.643,4,310,583.0,336,0,0,336
CUST_0058,0.7,6,0.531,1,172,752.63,260,0,0,260
CUST_0059,5.9,8,0.573,4,321,544.98,730,0,0,730
CUST_0060,7.4,19,0.133,0,194,55.33,521,0,0,521
CUST_0061,4.7,11,0.915,2,339,249.19,798,0,0,798
CUST_0062,26.5,12,-0.364,2,244,729.33,1173,0,1,9
CUST_0063,6.6,9,-0.561,0,328,532.58,315,0,0,315
CUST_0064,4.9,2,0.355,2,195,786.24,1017,0,0,1017
CUST_0065,11.7,8,0.517,1,61,166.97,1460,0,0,1460
CUST_0066,2.3,11,-0.55,3,24,272.56,1411,1,1,16
CUST_0067,24.3,4,-0.847,3,51,321.78,919,0,1,16
CUST_0068,1.2,10,0.621,1,49,294.92,1205,0,0,1205
CUST_0069,65.0,16,0.953,0,294,238.99,627,0,1,89
CUST_0070,22.2,8,0.289,2,51,382.6,1378,0,1,11
CUST_0071,3.3,4,-0.444,1,331,531.72,886,1,0,886
CUST_0072,0.1,10,0.993,2,39,283.44,868,0,0,868
CUST_0073,25.3,12,0.787,1,231,109.77,1299,0,0,1299
CUST_0074,18.4,14,0.027,0,59,581.4,947,0,0,947
CUST_0075,19.6,16,0.651,0,215,394.26,1368,0,0,1368
CUST_0076,22.1,18,0.632,2,339,467.36,969,1,0,969
CUST_0077,1.2,12,0.87,0,196,391.55,834,0,0,834
CUST_0078,6.7,18,0.682,2,275,717.77,191,0,0,191
CUST_0079,1.8,7,0.287,1,340,469.06,641,0,0,641
CUST_0080,29.8,7,0.219,3,1,742.46,1422,1,1,25
CUST_0081,14.6,9,-0.065,1,105,432.93,1238,0,0,1238
CUST_0082,6.0,1,0.253,1,215,269.44,982,0,0,982
CUST_0083,1.0,6,0.59,0,264,316.58,305,0,0,305
CUST_0084,5.6,6,0.938,1,166,441.6,1026,1,0,1026
CUST_0085,5.9,12,-0.065,0,246,447.49,558,0,0,558
CUST_0086,19.6,12,0.147,1,209,565.5,1489,0,0,1489
CUST_0087,15.2,10,-0.11,1,57,218.37,1313,0,0,1313
CUST_0088,32.7,6,0.337,1,42,544.13,988,0,1,30
CUST_0089,9.6,17,0.26,0,137,633.94,1298,0,0,1298
CUST_0090,1.9,19,-0.964,1,108,557.44,1391,0,0,1391
CUST_0091,18.7,18,0.082,3,47,411.37,79,0,1,18
CUST_0092,21.5,6,-0.823,2,125,793.76,1325,0,1,57
CUST_0093,12.4,19,-0.947,3,213,353.61,1288,1,0,1288
CUST_0094,22.1,10,0.582,0,127,129.94,613,0,0,613
CUST_0095,10.2,8,-0.483,2,197,666.13,1609,0,0,1609
CUST_0096,11.1,6,-0.319,2,201,209.15,943,0,0,943
CUST_0097,8.4,7,-0.872,2,191,584.96,1359,0,1,53
CUST_0098,0.4,1,-0.641,2,106,184.23,506,0,0,506
CUST_0099,1.7,18,0.531,6,193,62.66,517,0,1,39
CUST_0100,0.5,12,-0.013,2,326,169.85,109,0,0,109
CUST_0101,15.2,16,0.761,2,237,332.74,1339,0,0,1339
CUST_0102,5.7,10,-0.206,0,131,129.96,590,1,0,590
CUST_0103,10.7,10,-0.463,1,356,198.26,1151,0,0,1151
CUST_0104,35.7,14,-0.305,2,82,623.47,1531,1,1,25
CUST_0105,4.3,10,0.426,1,283,627.41,435,1,0,435
CUST_0106,7.9,10,0.11,4,221,663.12,566,0,0,566
CUST_0107,21.1,11,0.808,1,105,680.87,1779,0,0,1779
CUST_0108,3.9,2,0.204,1,293,365.33,1621,0,0,1621
CUST_0109,1.2,8,-0.014,1,65,700.66,284,1,1,37
CUST_0110,5.1,7,0.572,1,194,444.45,989,0,0,989
CUST_0111,2.6,8,0.895,4,187,402.95,1721,0,0,1721
CUST_0112,39.8,1,-0.288,0,46,588.9,516,0,1,59
CUST_0113,24.8,2,-0.5,0,361,210.36,1726,0,0,1726
CUST_0114,15.1,18,0.232,1,358,642.12,1247,0,0,1247
CUST_0115,30.8,15,-0.002,2,24,372.1,545,0,1,46
CUST_0116,24.4,1,0.978,3,65,145.47,493,0,1,36
CUST_0117,3.1,5,-0.075,0,334,139.48,809,1,0,809
CUST_0118,33.5,2,-0.851,2,66,173.68,1557,0,1,56
CUST_0119,11.6,3,0.955,0,196,717.93,65,0,0,65
CUST_0120,24.7,19,0.687,2,245,793.2,45,0,0,45
CUST_0121,34.0,18,-0.643,2,295,317.73,948,1,1,82
CUST_0122,5.7,18,0.809,1,99,269.11,678,0,0,678
CUST_0123,1.7,14,-0.319,2,177,214.08,1643,0,0,1643
CUST_0124,3.9,8,-0.246,2,114,667.86,852,0,0,852
CUST_0125,8.4,12,0.813,0,167,206.91,102,0,0,102
CUST_0126,25.6,10,0.06,3,118,743.07,1373,0,1,88
CUST_0127,29.6,17,-0.724,1,164,550.51,1298,0,0,1298
CUST_0128,0.1,11,-0.262,2,218,722.85,769,0,0,769
CUST_0129,10.7,2,0.444,1,196,465.51,1248,0,0,1248
CUST_0130,8.1,4,-0.652,2,317,568.01,787,0,0,787
CUST_0131,3.8,1,0.18,2,236,514.59,935,0,0,935
CUST_0132,1.9,15,0.391,5,168,673.4,1048,1,0,1048
CUST_0133,6.2,13,-0.312,2,75,676.9,1142,0,0,1142
CUST_0134,42.9,8,0.388,1,286,492.34,827,0,1,21
CUST_0135,5.9,4,0.768,3,32,524.38,1192,0,1,21
CUST_0136,11.0,10,-0.056,0,298,741.41,1616,0,0,1616
CUST_0137,18.2,19,-0.234,2,348,747.4,1712,0,0,1712
CUST_0138,6.8,18,-0.498,1,229,548.19,1807,0,0,1807
CUST_0139,53.5,5,0.208,3,194,55.82,1450,0,1,59
CUST_0140,49.2,19,0.76,1,293,128.31,982,1,1,30
CUST_0141,4.4,16,-0.351,0,296,693.46,513,1,0,513
CUST_0142,10.3,1,-0.208,0,277,113.54,416,0,0,416
CUST_0143,5.4,12,-0.187,0,229,210.14,1421,0,0,1421
CUST_0144,5.0,2,0.122,0,95,222.91,487,0,0,487
CUST_0145,0.6,8,-0.543,0,170,500.18,451,0,0,451
CUST_0146,14.1,18,0.644,0,316,482.47,261,0,0,261
CUST_0147,10.5,16,-0.409,3,329,267.06,568,0,0,568
CUST_0148,0.8,5,0.411,2,31,205.71,1397,1,1,74
CUST_0149,4.9,13,0.026,5,44,623.4,749,0,1,14
CUST_0150,35.8,19,0.172,0,71,751.59,1191,0,0,1191
CUST_0151,4.1,3,-0.641,0,19,89.6,1427,0,1,68
CUST_0152,2.3,8,0.47,1,238,149.89,1490,0,0,1490
CUST_0153,10.1,12,-0.623,0,198,531.62,184,0,0,184
CUST_0154,63.7,2,-0.773,2,64,653.33,548,1,1,84
CUST_0155,4.2,11,0.093,1,187,643.39,1168,0,0,1168
CUST_0156,16.7,12,0.419,1,88,589.76,1145,0,0,1145
CUST_0157,21.5,18,-0.9,3,200,715.57,1399,0,0,1399
CUST_0158,4.1,13,-0.861,2,22,213.01,1647,0,0,1647
CUST_0159,19.5,5,0.605,1,295,130.47,1578,0,0,1578
CUST_0160,6.9,12,0.618,1,129,511.52,613,0,0,613
CUST_0161,15.0,2,-0.509,2,153,666.71,1144,0,1,40
CUST_0162,15.1,5,0.23,1,77,486.53,729,0,1,43
CUST_0163,11.5,7,-0.114,1,189,772.25,1451,0,0,1451
CUST_0164,1.4,12,0.265,0,299,646.67,134,0,0,134
CUST_0165,27.1,16,0.726,1,153,575.59,841,0,0,841
CUST_0166,5.8,8,-0.84,1,112,95.19,995,0,0,995
CUST_0167,3.1,9,0.556,0,338,130.81,625,0,0,625
CUST_0168,0.6,15,-0.014,2,116,638.63,1043,0,0,1043
CUST_0169,13.4,5,0.128,1,4,198.68,569,0,1,22
CUST_0170,17.0,13,0.308,2,325,71.63,1332,1,0,1332
CUST_0171,0.3,5,0.845,1,34,733.07,41,0,0,41
CUST_0172,10.8,11,-0.887,1,271,718.1,1360,0,0,1360
CUST_0173,3.9,10,-0.941,4,158,213.86,393,0,0,393
CUST_0174,15.5,13,-0.643,1,209,635.15,691,0,0,691
CUST_0175,2.9,9,0.973,1,13,85.98,1371,0,0,1371
CUST_0176,17.6,14,0.43,3,24,263.79,567,1,1,70
CUST_0177,7.3,18,0.229,0,334,517.75,1267,0,0,1267
CUST_0178,41.4,15,-0.906,2,217,622.38,343,1,1,81
CUST_0179,2.2,10,0.758,2,253,57.8,1508,1,0,1508
CUST_0180,6.3,7,0.626,1,202,294.66,1452,1,0,1452
CUST_0181,1.8,8,0.33,0,100,210.76,1805,0,0,1805
CUST_0182,38.8,3,-0.322,0,360,799.09,1275,0,1,74
CUST_0183,31.5,15,-0.859,2,228,553.24,609,0,1,8
CUST_0184,4.5,16,0.16,1,198,354.25,291,0,0,291
CUST_0185,16.2,4,0.439,1,177,106.74,525,0,0,525
CUST_0186,25.5,6,-0.812,1,275,499.0,652,1,1,31
CUST_0187,12.2,1,0.268,2,311,531.28,159,1,0,159
CUST_0188,11.3,4,-0.427,1,129,662.3,1212,0,1,62
CUST_0189,4.2,11,0.528,1,278,266.43,821,0,0,821
CUST_0190,1.5,12,0.079,2,287,786.07,1344,0,0,1344
CUST_0191,34.1,5,-0.742,0,140,379.6,1596,0,1,82
CUST_0192,34.6,16,0.053,3,12,271.96,118,0,1,52
CUST_0193,15.0,13,-0.209,3,216,311.34,997,0,0,997
CUST_0194,6.2,13,-0.639,1,185,439.69,1385,0,0,1385
CUST_0195,6.4,17,0.683,0,26,752.53,659,1,0,659
CUST_0196,19.4,7,-0.978,1,217,601.37,535,0,0,535
CUST_0197,34.1,8,-0.376,2,13,482.83,1183,0,1,30
CUST_0198,32.7,13,-0.975,2,141,172.11,236,0,1,75
CUST_0199,22.7,16,-0.808,1,324,162.01,1413,1,1,48
CUST_0200,15.4,4,-0.406,4,323,426.65,1112,1,1,39
CUST_0201,1.3,8,-0.891,3,54,596.53,1149,0,0,1149
CUST_0202,2.6,16,0.193,4,190,613.26,1299,1,1,16
CUST_0203,34.3,10,-0.826,2,284,219.44,1512,0,1,32
CUST_0204,14.0,12,0.403,1,88,125.07,1198,1,1,29
CUST_0205,0.1,12,-0.895,0,44,338.35,1363,0,1,52
CUST_0206,1.6,5,-0.881,2,131,738.63,1690,0,0,1690
CUST_0207,16.3,16,-0.389,2,65,459.03,563,1,1,75
CUST_0208,0.1,1,0.793,2,278,290.07,1434,0,0,1434
CUST_0209,2.6,9,0.283,0,323,292.73,1406,1,0,1406
CUST_0210,11.9,12,0.54,0,147,149.07,913,0,0,913
CUST_0211,17.7,5,-0.717,1,144,404.92,980,0,1,48
CUST_0212,15.8,3,0.668,2,5,643.52,314,0,0,314
CUST_0213,3.8,5,-0.984,6,81,776.42,748,0,1,71
CUST_0214,18.7,2,-0.574,2,122,426.2,531,1,1,14
CUST_0215,4.1,14,0.232,0,166,175.41,287,0,0,287
CUST_0216,5.9,2,-0.25,0,236,562.21,839,1,0,839
CUST_0217,20.6,13,0.968,3,104,617.59,81,0,0,81
CUST_0218,15.7,7,-0.939,1,289,103.77,579,0,0,579
CUST_0219,28.4,10,0.997,2,237,687.6,694,0,0,694
CUST_0220,16.1,13,0.247,2,309,671.99,1269,0,0,1269
CUST_0221,12.6,16,0.117,1,81,404.41,1499,0,0,1499
CUST_0222,1.5,14,-0.881,2,93,470.32,1276,0,0,1276
CUST_0223,6.9,11,-0.453,8,320,585.06,684,1,1,44
CUST_0224,4.6,10,0.849,1,342,557.56,995,0,0,995
CUST_0225,4.2,6,-0.292,3,284,62.4,1158,0,0,1158
CUST_0226,54.2,4,0.323,1,296,141.83,551,1,1,18
CUST_0227,7.5,1,0.999,2,360,171.94,998,0,0,998
CUST_0228,33.4,7,-0.474,0,318,616.76,1807,0,0,1807
CUST_0229,15.0,9,0.152,1,65,380.06,1030,0,0,1030
CUST_0230,23.8,8,0.393,3,111,459.13,917,0,1,73
CUST_0231,10.5,5,-0.671,0,355,629.52,1436,0,0,1436
CUST_0232,12.9,19,-0.703,3,170,305.74,1167,0,0,1167
CUST_0233,10.2,10,-0.087,0,246,611.67,774,0,0,774
CUST_0234,3.3,11,-0.228,1,65,381.72,1122,0,0,1122
CUST_0235,19.2,15,0.428,2,67,332.89,1418,0,0,1418
CUST_0236,4.9,6,-0.861,0,33,299.78,1097,0,0,1097
CUST_0237,0.4,15,0.944,0,0,773.71,1734,0,0,1734
CUST_0238,15.6,5,-0.971,3,150,628.98,240,0,1,71
CUST_0239,2.9,19,0.203,1,271,65.15,305,1,0,305
CUST_0240,42.3,19,0.125,4,257,768.06,1160,0,1,12
CUST_0241,46.2,10,-0.731,0,237,631.58,508,0,1,7
CUST_0242,37.0,12,-0.698,2,115,161.88,1732,0,1,69
CUST_0243,6.9,4,0.585,2,75,107.25,234,0,0,234
CUST_0244,0.2,18,0.775,1,282,281.15,148,0,0,148
CUST_0245,39.5,16,-0.434,2,18,518.14,515,1,1,25
CUST_0246,8.4,8,-0.124,5,283,512.41,138,0,1,66
CUST_0247,51.0,4,-0.29,1,34,256.89,483,0,1,51
CUST_0248,49.7,12,-0.855,2,323,384.26,1292,0,1,73
CUST_0249,28.8,2,0.346,0,304,208.92,1061,0,0,1061
CUST_0250,5.2,4,0.65,1,240,87.93,541,1,0,541
CUST_0251,7.3,5,-0.39,2,6,437.73,1096,0,1,47
CUST_0252,28.6,3,0.98,3,36,310.24,1447,0,1,32
CUST_0253,5.7,9,-0.848,2,152,457.16,161,0,0,161
CUST_0254,2.8,18,0.324,1,244,759.88,1771,0,0,1771
CUST_0255,12.2,11,-0.104,0,249,157.53,780,0,0,780
CUST_0256,41.3,3,-0.107,1,114,51.47,423,0,1,38
CUST_0257,17.9,2,-0.085,2,40,107.66,1611,0,1,10
CUST_0258,12.7,9,-0.483,1,336,397.03,227,0,0,227
CUST_0259,1.5,14,0.431,1,61,580.2,1517,0,0,1517
CUST_0260,14.3,4,0.443,0,168,485.57,1174,0,0,1174
CUST_0261,69.2,9,-0.435,1,141,421.17,1353,0,1,71
CUST_0262,2.3,13,0.671,2,257,315.47,249,0,0,249
CUST_0263,11.0,18,-0.366,2,87,282.48,897,0,0,897
CUST_0264,31.5,15,0.45,1,47,332.21,123,0,1,38
CUST_0265,20.3,10,-0.758,2,310,508.73,1345,1,0,1345
CUST_0266,17.9,16,-0.663,2,11,175.82,182,0,0,182
CUST_0267,18.2,12,-0.368,1,210,628.52,554,1,0,554
CUST_0268,6.7,5,0.188,0,243,481.44,748,0,0,748
CUST_0269,5.2,2,0.291,2,238,251.87,796,0,0,796
CUST_0270,24.9,10,-0.207,1,196,425.86,1475,0,0,1475
CUST_0271,24.9,1,-0.844,2,256,772.08,1211,1,1,58
CUST_0272,30.3,7,-0.253,0,234,65.37,1323,0,0,1323
CUST_0273,36.7,17,0.378,1,186,199.64,847,0,0,847
CUST_0274,10.7,16,0.342,1,200,386.29,1633,0,0,1633
CUST_0275,10.4,3,-0.68,1,102,528.83,286,0,0,286
CUST_0276,24.0,14,-0.984,1,289,209.17,730,0,0,730
CUST_0277,15.7,10,0.506,0,220,748.55,544,0,0,544
CUST_0278,18.2,7,-0.787,3,301,531.93,1290,0,1,16
CUST_0279,23.8,17,-0.835,1,186,708.07,474,0,0,474
CUST_0280,33.1,6,-0.995,1,98,296.99,1697,0,1,65
CUST_0281,6.2,4,-0.135,2,244,671.72,200,0,1,13
CUST_0282,7.1,17,0.007,1,312,333.66,299,0,0,299
CUST_0283,1.5,9,0.275,1,306,239.56,630,0,0,630
CUST_0284,13.0,4,-0.408,0,21,733.74,1668,0,1,9
CUST_0285,0.5,7,0.421,1,67,119.16,666,0,0,666
CUST_0286,9.4,2,-0.661,1,315,757.17,96,1,1,59
CUST_0287,11.7,17,0.664,2,64,393.89,804,0,0,804
CUST_0288,5.1,8,0.144,5,291,794.47,37,0,0,37
CUST_0289,13.4,15,0.168,1,216,454.7,1609,0,0,1609
CUST_0290,0.5,15,-0.58,6,28,618.12,1501,0,1,63
CUST_0291,0.6,8,-0.852,1,192,55.3,164,0,0,164
CUST_0292,25.9,16,-0.071,0,55,422.5,1813,0,0,1813
CUST_0293,6.7,19,0.231,2,337,603.09,845,0,0,845
CUST_0294,2.0,11,-0.81,2,211,637.12,859,0,0,859
CUST_0295,11.1,2,0.901,2,237,168.54,54,0,1,67
CUST_0296,22.0,17,0.961,1,199,364.23,494,0,0,494
CUST_0297,3.6,16,0.091,2,177,364.3,403,1,0,403
CUST_0298,14.6,15,0.9,4,152,127.73,225,0,0,225
CUST_0299,1.3,13,-0.641,3,43,382.28,733,0,1,7
CUST_0300,0.8,15,-0.949,3,167,655.32,431,0,0,431
CUST_0301,11.4,4,-0.921,0,286,275.14,151,0,0,151
CUST_0302,11.7,16,0.175,1,196,374.43,801,1,0,801
CUST_0303,15.2,12,-0.877,2,336,770.72,588,0,0,588
CUST_0304,19.4,4,0.917,1,73,73.78,1262,0,1,64
CUST_0305,55.9,3,-0.716,2,170,493.64,1354,0,1,26
CUST_0306,10.9,17,-0.391,2,182,607.58,1654,1,0,1654
CUST_0307,5.9,18,0.645,0,15,620.66,983,1,0,983
CUST_0308,23.8,18,-0.563,3,67,586.95,1568,0,1,67
CUST_0309,4.7,17,-0.514,2,324,594.84,937,0,0,937
CUST_0310,8.7,12,0.285,1,41,94.26,1710,0,0,1710
CUST_0311,1.2,4,-0.448,3,109,450.6,1587,1,1,32
CUST_0312,0.4,12,-0.565,1,40,637.23,1092,0,0,1092
CUST_0313,49.3,15,-0.492,4,305,120.55,648,0,1,26
CUST_0314,27.1,16,-0.019,0,5,59.04,1665,1,0,1665
CUST_0315,17.9,5,0.932,0,330,660.92,770,0,0,770
CUST_0316,7.9,15,0.664,5,180,584.22,976,0,0,976
CUST_0317,2.9,17,-0.431,0,272,359.15,826,0,0,826
CUST_0318,2.6,18,-0.273,1,360,755.3,235,1,0,235
CUST_0319,4.3,5,-0.071,1,184,624.95,612,0,0,612
CUST_0320,12.0,13,0.958,1,322,775.9,1734,0,0,1734
CUST_0321,18.8,19,-0.655,1,143,746.99,726,0,0,726
CUST_0322,16.2,13,-0.285,2,99,410.97,441,0,1,48
CUST_0323,4.9,18,0.459,2,89,616.03,1386,1,0,1386
CUST_0324,46.5,14,0.928,0,245,551.89,237,0,1,25
CUST_0325,20.1,4,-0.689,0,238,658.58,434,0,0,434
CUST_0326,12.1,4,-0.545,3,211,640.77,417,0,0,417
CUST_0327,14.2,19,-0.549,0,80,164.92,1540,0,0,1540
CUST_0328,8.2,13,-0.958,0,114,225.3,1435,0,0,1435
CUST_0329,4.3,12,0.208,1,275,249.3,896,0,0,896
CUST_0330,6.6,7,0.341,3,79,663.87,300,0,1,35
CUST_0331,21.3,12,0.205,2,55,658.06,466,0,1,37
CUST_0332,0.2,4,-0.857,1,178,421.5,887,1,0,887
CUST_0333,1.9,2,-0.862,0,308,485.62,1483,0,0,1483
CUST_0334,0.7,2,-0.579,2,48,670.19,1700,0,1,33
CUST_0335,0.6,5,-0.419,0,259,284.45,1711,0,0,1711
CUST_0336,29.0,10,0.573,0,273,87.63,374,0,0,374
CUST_0337,18.2,10,-0.681,1,291,411.95,178,1,1,55
CUST_0338,9.6,9,-0.912,0,290,735.29,657,0,0,657
CUST_0339,1.5,13,-0.212,3,29,642.85,1445,0,0,1445
CUST_0340,10.1,7,-0.167,1,251,324.96,216,1,0,216
CUST_0341,9.6,5,-0.098,1,62,98.58,49,0,0,49
CUST_0342,2.9,10,0.654,2,81,527.69,1391,0,0,1391
CUST_0343,8.5,10,-0.804,1,324,675.87,402,0,0,402
CUST_0344,7.6,6,0.408,1,168,548.71,1008,0,0,1008
CUST_0345,14.4,19,-0.324,3,309,368.81,1809,0,0,1809
CUST_0346,15.1,8,-0.38,1,342,142.52,96,1,0,96
CUST_0347,0.7,1,0.865,1,157,733.08,1492,0,0,1492
CUST_0348,7.0,17,-0.503,2,55,256.97,1115,0,0,1115
CUST_0349,14.7,7,0.285,1,334,218.22,1539,1,1,36
CUST_0350,10.5,14,-0.45,2,141,661.98,815,0,0,815
CUST_0351,29.1,17,0.014,4,148,785.91,651,0,1,25
CUST_0352,16.1,9,0.573,2,225,545.12,1621,1,1,73
CUST_0353,2.7,17,0.763,1,24,518.61,114,0,0,114
CUST_0354,1.1,5,0.677,1,177,289.57,1459,0,0,1459
CUST_0355,15.4,8,0.164,2,364,65.31,1448,1,0,1448
CUST_0356,0.4,6,-0.502,0,94,193.85,1672,0,0,1672
CUST_0357,13.2,11,0.322,2,52,488.32,1577,0,0,1577
CUST_0358,42.3,19,0.42,3,303,163.49,205,0,0,205
CUST_0359,12.9,4,-0.979,1,69,712.88,388,0,1,50
CUST_0360,7.4,18,-0.122,1,175,191.11,860,1,0,860
CUST_0361,15.5,1,0.687,1,131,441.58,1592,0,1,84
CUST_0362,9.2,13,-0.021,1,338,434.01,320,0,0,320
CUST_0363,11.8,14,-0.377,1,337,502.96,159,0,0,159
CUST_0364,42.6,1,0.744,5,359,295.58,1792,0,1,35
CUST_0365,7.3,11,-0.688,2,330,705.15,508,0,0,508
CUST_0366,48.7,17,-0.587,3,212,383.23,677,0,1,87
CUST_0367,35.4,4,0.375,0,210,575.12,561,0,1,25
CUST_0368,3.3,12,-0.295,1,344,526.93,293,0,0,293
CUST_0369,1.1,10,0.426,1,63,137.87,988,0,0,988
CUST_0370,1.6,6,-0.685,0,34,516.98,1724,0,0,1724
CUST_0371,0.3,1,-0.495,0,11,463.03,532,0,0,532
CUST_0372,1.5,7,-0.687,1,345,723.95,1213,0,0,1213
CUST_0373,17.2,16,0.906,2,310,710.66,938,0,0,938
CUST_0374,1.1,14,-0.189,2,247,163.22,1591,0,0,1591
CUST_0375,5.8,6,-0.326,1,111,111.26,1134,0,0,1134
CUST_0376,28.0,5,-0.972,2,324,270.94,1466,0,1,12
CUST_0377,0.4,18,-0.693,2,90,789.96,504,0,0,504
CUST_0378,25.3,15,-0.158,2,293,66.18,917,0,0,917
CUST_0379,5.0,6,-0.863,2,28,554.67,47,0,1,46
CUST_0380,1.9,19,0.021,5,11,506.39,1122,0,0,1122
CUST_0381,17.9,1,-0.09,1,146,534.93,937,0,1,70
CUST_0382,14.9,1,0.534,2,136,213.71,159,0,1,89
CUST_0383,31.5,13,0.32,1,337,220.04,967,0,0,967
CUST_0384,19.9,3,-0.108,1,156,372.98,1700,0,0,1700
CUST_0385,24.4,10,-0.551,0,258,121.89,844,0,0,844
CUST_0386,5.0,3,0.454,0,86,105.96,1783,0,0,1783
CUST_0387,2.9,9,0.416,2,157,116.27,1363,1,0,1363
CUST_0388,20.8,8,-0.693,0,185,479.73,1540,0,0,1540
CUST_0389,24.7,3,0.83,1,343,348.31,44,0,0,44
CUST_0390,69.9,13,-0.871,4,308,270.21,1549,0,1,52
CUST_0391,8.0,6,-0.89,1,356,286.86,1239,0,0,1239
CUST_0392,7.0,13,-0.625,0,228,205.46,1470,0,0,1470
CUST_0393,22.5,12,0.819,0,3,358.63,1036,1,1,19
CUST_0394,6.3,13,0.04,1,56,202.29,736,1,0,736
CUST_0395,40.1,2,0.576,0,27,573.53,732,0,1,4
CUST_0396,29.3,16,-0.544,2,15,142.95,775,0,1,32
CUST_0397,8.4,6,-0.02,1,12,761.18,461,0,0,461
CUST_0398,20.8,19,-0.283,3,199,117.36,1119,0,0,1119
CUST_0399,21.1,13,0.656,1,183,757.6,1134,1,0,1134
CUST_0400,1.6,17,-0.955,1,308,674.97,65,0,0,65
CUST_0401,34.9,9,-0.512,1,303,560.53,776,0,0,776
CUST_0402,10.6,17,-0.695,3,280,734.23,46,0,0,46
CUST_0403,26.3,2,0.718,1,321,154.41,543,0,0,543
CUST_0404,5.8,19,-0.065,1,157,182.24,62,1,0,62
CUST_0405,33.9,19,-0.192,2,359,239.11,378,1,0,378
CUST_0406,7.4,7,-0.101,1,258,233.61,1433,1,0,1433
CUST_0407,0.2,10,0.944,8,156,283.14,537,0,0,537
CUST_0408,35.4,10,0.701,3,93,481.72,675,0,1,42
CUST_0409,1.4,9,0.413,3,266,71.13,968,0,0,968
CUST_0410,5.8,17,-0.419,1,20,336.7,885,0,0,885
CUST_0411,45.0,15,-0.67,1,126,234.79,1320,1,1,52
CUST_0412,45.1,2,0.843,3,346,504.97,546,0,1,40
CUST_0413,12.8,4,-0.154,1,350,788.88,827,1,0,827
CUST_0414,15.0,19,-0.442,4,349,438.24,514,0,0,514
CUST_0415,8.9,17,-0.058,0,111,369.26,1400,0,0,1400
CUST_0416,5.2,5,0.836,0,233,326.18,1656,0,0,1656
CUST_0417,6.0,7,-0.226,3,33,638.71,693,0,0,693
CUST_0418,16.7,18,0.125,2,79,103.99,472,0,0,472
CUST_0419,20.9,7,0.606,2,82,769.83,407,0,1,78
CUST_0420,23.5,17,-0.146,1,28,363.44,1683,0,1,69
CUST_0421,23.4,7,-0.533,1,130,285.28,1043,0,1,21
CUST_0422,1.4,4,0.989,1,10,780.55,992,1,0,992
CUST_0423,10.2,8,0.913,1,61,751.91,602,0,0,602
CUST_0424,0.9,13,0.687,2,358,531.45,387,1,0,387
CUST_0425,12.0,4,0.377,2,32,63.88,567,0,1,31
CUST_0426,8.7,6,-0.41,3,135,611.4,650,0,0,650
CUST_0427,32.8,5,0.827,1,87,301.67,1263,1,1,28
CUST_0428,6.5,12,-0.449,3,16,341.21,1824,0,0,1824
CUST_0429,1.9,4,0.602,3,90,169.06,835,0,0,835
CUST_0430,2.3,9,0.837,1,298,442.59,1095,1,0,1095
CUST_0431,21.5,4,0.206,1,252,608.41,845,0,0,845
CUST_0432,14.4,19,0.606,1,72,254.76,42,0,0,42
CUST_0433,1.6,14,0.583,0,205,754.05,1654,0,0,1654
CUST_0434,1.3,5,-0.614,1,260,196.05,1653,0,0,1653
CUST_0435,18.1,18,0.336,1,177,99.7,853,0,0,853
CUST_0436,1.1,10,-0.813,0,311,533.27,518,0,0,518
CUST_0437,25.9,19,0.016,1,312,686.99,1240,0,0,1240
CUST_0438,18.4,12,-0.676,2,219,764.85,1116,0,0,1116
CUST_0439,1.3,18,-0.167,0,172,625.38,1389,1,0,1389
CUST_0440,1.3,17,0.666,2,164,199.74,584,0,0,584
CUST_0441,64.7,11,0.974,1,327,783.25,774,0,1,67
CUST_0442,7.0,3,-0.364,1,334,739.58,1799,1,0,1799
CUST_0443,6.9,17,0.064,1,219,172.38,104,0,0,104
CUST_0444,25.1,1,0.023,2,291,469.09,794,0,1,63
CUST_0445,44.1,15,0.909,1,160,466.64,854,0,1,41
CUST_0446,64.0,9,-0.043,1,247,381.9,1202,0,1,75
CUST_0447,21.0,15,0.398,1,70,788.21,1747,0,0,1747
CUST_0448,7.1,3,0.844,0,91,94.72,236,0,0,236
CUST_0449,1.3,19,-0.253,0,360,520.41,722,1,0,722
CUST_0450,22.5,13,0.804,0,320,203.98,1738,1,0,1738
CUST_0451,12.3,12,0.835,1,244,445.5,1294,0,0,1294
CUST_0452,8.3,1,0.861,0,23,634.81,705,0,0,705
CUST_0453,35.5,17,-0.459,3,44,235.05,604,1,1,37
CUST_0454,1.8,13,-0.199,1,188,345.02,923,0,0,923
CUST_0455,10.2,1,0.741,3,285,763.08,1288,0,0,1288
CUST_0456,0.2,10,-0.282,2,320,621.11,154,0,0,154
CUST_0457,9.5,15,0.201,2,340,479.54,286,0,0,286
CUST_0458,0.9,7,-0.764,2,82,216.5,1145,1,1,47
CUST_0459,1.9,18,-0.887,1,221,368.98,766,0,0,766
CUST_0460,1.9,16,-0.176,1,351,630.55,1760,0,0,1760
CUST_0461,15.7,14,0.158,2,342,665.41,1260,0,0,1260
CUST_0462,20.6,18,-0.215,2,218,233.45,1470,1,0,1470
CUST_0463,13.1,7,0.155,2,217,546.55,317,0,0,317
CUST_0464,49.1,17,0.03,4,189,121.25,1268,0,1,47
CUST_0465,7.0,18,0.371,3,66,67.41,1751,0,0,1751
CUST_0466,5.0,12,0.299,2,30,461.51,667,0,0,667
CUST_0467,30.4,8,-0.152,1,321,218.28,796,1,0,796
CUST_0468,3.8,2,-0.15,1,249,109.18,541,0,0,541
CUST_0469,49.5,7,-0.718,1,53,597.37,602,0,1,7
CUST_0470,0.2,4,0.026,2,9,423.48,397,1,1,82
CUST_0471,52.5,18,0.174,0,165,647.21,1454,0,1,77
CUST_0472,0.7,6,-0.047,3,338,547.96,1254,0,0,1254
CUST_0473,33.3,9,-0.349,2,284,597.35,1634,1,1,18
CUST_0474,11.3,9,0.443,1,152,280.52,314,0,0,314
CUST_0475,74.4,14,-0.851,0,31,247.46,92,1,1,68
CUST_0476,1.1,8,0.829,0,16,500.66,675,0,0,675
CUST_0477,12.1,19,-0.959,1,300,200.06,780,0,0,780
CUST_0478,52.3,3,0.925,0,304,661.56,793,0,1,16
CUST_0479,11.1,18,-0.075,1,342,442.19,390,1,0,390
CUST_0480,14.9,5,-0.175,1,145,220.24,1240,0,1,62
CUST_0481,17.8,14,-0.487,2,74,518.88,1536,0,0,1536
CUST_0482,9.1,4,-0.98,1,123,758.78,400,0,0,400
CUST_0483,14.8,7,-0.45,1,51,111.57,1074,0,1,56
CUST_0484,13.2,12,-0.781,0,189,132.01,970,0,0,970
CUST_0485,34.7,2,0.32,3,140,682.88,970,0,1,42
CUST_0486,0.7,11,-0.362,1,87,132.2,884,1,0,884
CUST_0487,4.9,14,0.534,2,83,79.53,832,1,0,832
CUST_0488,45.1,16,-0.586,3,242,310.95,1361,0,1,43
CUST_0489,33.1,6,0.8,4,105,400.03,75,0,1,57
CUST_0490,9.1,4,0.046,3,91,477.08,223,0,1,75
CUST_0491,14.5,15,-0.771,0,354,430.48,1110,1,0,1110
CUST_0492,4.9,1,-0.198,3,20,734.89,1607,0,1,51
CUST_0493,3.1,7,-0.586,1,5,626.5,1510,0,0,1510
CUST_0494,9.3,12,-0.601,0,220,787.86,362,0,0,362
CUST_0495,6.5,10,0.013,1,308,407.34,776,1,0,776
CUST_0496,13.1,5,0.344,2,86,113.25,895,0,0,895
CUST_0497,1.2,12,0.823,4,179,766.65,1069,1,0,1069
CUST_0498,55.0,18,0.004,4,341,53.08,674,0,1,60
CUST_0499,64.3,10,0.932,2,351,632.07,1566,0,1,3
CUST_0500,18.0,6,0.883,2,245,73.46,773,0,0,773
CUST_0501,11.5,12,0.73,2,173,620.91,179,0,0,179
CUST_0502,5.6,7,-0.0,1,112,753.45,1035,0,1,54
CUST_0503,25.2,18,-0.718,0,70,341.95,1687,0,1,2
CUST_0504,17.3,2,-0.564,0,157,230.72,831,0,1,29
CUST_0505,2.7,10,0.295,0,298,219.71,911,0,0,911
CUST_0506,36.3,15,-0.156,1,236,418.79,855,0,0,855
CUST_0507,25.9,12,-0.706,3,186,178.17,1266,0,1,11
CUST_0508,44.9,17,-0.042,2,242,554.69,420,0,1,24
CUST_0509,19.4,4,-0.965,0,165,326.26,310,0,1,83
CUST_0510,14.3,7,0.468,1,33,292.33,1705,0,0,1705
CUST_0511,8.1,9,-0.853,2,254,395.96,1724,0,1,74
CUST_0512,40.5,19,0.258,0,301,456.94,568,0,0,568
CUST_0513,30.2,7,0.586,2,219,156.45,371,0,1,56
CUST_0514,0.7,2,-0.735,1,31,580.82,703,0,0,703
CUST_0515,0.4,6,0.037,3,256,712.21,1683,1,0,1683
CUST_0516,7.1,18,0.558,2,232,258.49,1390,0,0,1390
CUST_0517,25.0,6,-0.479,2,214,185.29,1048,0,1,43
CUST_0518,65.5,13,-0.674,3,241,620.38,1128,0,1,53
CUST_0519,2.4,19,-0.326,1,244,187.66,122,0,0,122
CUST_0520,13.5,2,0.109,2,19,80.94,1599,0,1,61
CUST_0521,7.2,12,0.151,1,209,514.43,1049,0,0,1049
CUST_0522,52.6,15,-0.738,5,209,229.81,144,0,1,61
CUST_0523,27.7,14,-0.085,0,71,178.86,1474,0,0,1474
CUST_0524,27.3,6,-0.463,0,161,786.2,142,1,1,8
CUST_0525,9.5,18,0.684,3,177,268.9,1421,0,0,1421
CUST_0526,8.0,5,-0.373,2,10,727.58,1113,1,1,53
CUST_0527,4.8,18,0.677,3,362,183.66,1335,0,0,1335
CUST_0528,0.9,3,-0.143,1,298,664.23,266,1,0,266
CUST_0529,30.0,3,0.453,0,265,426.51,667,0,1,31
CUST_0530,25.1,10,0.02,3,7,108.95,1098,0,1,85
CUST_0531,122.6,19,0.244,2,274,600.2,1794,0,1,26
CUST_0532,85.4,3,-0.209,2,192,719.06,1250,1,1,63
CUST_0533,12.2,12,0.536,1,310,172.26,753,0,0,753
CUST_0534,22.0,16,-0.15,0,258,594.19,528,0,0,528
CUST_0535,43.4,17,-0.085,2,52,383.79,1636,0,1,57
CUST_0536,28.4,7,0.035,0,299,615.4,1800,0,0,1800
CUST_0537,4.3,13,0.664,3,95,585.45,478,1,0,478
CUST_0538,9.0,2,0.319,4,303,69.95,1732,0,0,1732
CUST_0539,2.1,4,-0.302,1,309,184.04,224,0,0,224
CUST_0540,46.2,10,0.341,1,91,403.27,1738,0,1,27
CUST_0541,14.0,7,0.285,3,143,750.2,1248,0,1,67
CUST_0542,3.9,17,0.862,3,306,306.56,604,0,0,604
CUST_0543,16.7,6,0.683,0,17,521.66,611,0,0,611
CUST_0544,14.4,19,0.295,1,125,59.06,1788,0,0,1788
CUST_0545,6.7,5,-0.317,1,153,583.35,339,0,0,339
CUST_0546,1.8,10,0.559,2,5,502.3,620,0,0,620
CUST_0547,16.7,9,0.15,1,333,586.55,577,1,0,577
CUST_0548,11.0,13,0.971,3,337,728.5,418,0,0,418
CUST_0549,22.2,19,-0.505,0,335,159.87,1760,0,0,1760
CUST_0550,11.0,6,-0.841,0,87,246.19,1488,0,1,78
CUST_0551,28.7,4,-0.86,2,268,796.84,1782,1,1,58
CUST_0552,12.0,3,0.28,3,64,167.21,829,0,1,83
CUST_0553,12.3,3,0.879,4,165,590.47,690,0,0,690
CUST_0554,31.4,4,-0.996,1,63,593.81,1549,0,1,23
CUST_0555,7.7,5,0.452,2,269,562.25,814,0,0,814
CUST_0556,2.2,8,0.314,3,144,220.58,1254,0,0,1254
CUST_0557,0.4,16,0.465,2,332,211.35,1719,1,0,1719
CUST_0558,21.1,3,-0.289,1,268,549.76,563,0,1,89
CUST_0559,14.5,12,0.641,1,328,189.69,326,0,0,326
CUST_0560,18.3,8,-0.911,1,5,546.17,1547,0,1,83
CUST_0561,3.6,13,0.511,1,120,419.4,856,0,0,856
CUST_0562,2.2,4,-0.466,1,349,339.97,756,0,0,756
CUST_0563,0.2,14,-0.046,2,312,275.17,360,1,0,360
CUST_0564,6.5,14,0.645,1,308,760.68,663,0,0,663
CUST_0565,13.4,13,-0.457,2,301,431.07,884,0,0,884
CUST_0566,7.5,6,-0.63,2,333,470.94,1314,0,0,1314
CUST_0567,8.6,17,0.363,1,131,761.94,1108,0,0,1108
CUST_0568,35.2,4,0.067,2,289,540.41,1335,1,1,6
CUST_0569,6.4,8,0.029,0,188,768.39,801,0,0,801
CUST_0570,10.8,17,-0.486,0,208,129.78,904,0,0,904
CUST_0571,23.0,3,-0.93,3,41,684.98,771,0,1,80
CUST_0572,7.6,17,-0.179,1,77,301.56,667,1,1,76
CUST_0573,14.6,9,-0.787,3,319,657.87,471,1,1,15
CUST_0574,29.7,2,0.812,0,144,691.73,1312,0,1,11
CUST_0575,44.8,13,-0.917,3,285,253.62,1615,0,1,39
CUST_0576,2.4,2,-0.137,2,170,356.62,1789,0,0,1789
CUST_0577,39.2,11,-0.896,2,92,594.51,922,0,1,51
CUST_0578,10.2,15,-0.809,2,262,124.29,175,1,0,175
CUST_0579,4.5,11,0.318,0,22,616.65,420,0,0,420
CUST_0580,9.2,3,0.294,1,291,132.85,402,0,0,402
CUST_0581,58.7,3,-0.934,3,141,735.84,1098,0,1,88
CUST_0582,10.2,12,-0.998,1,147,257.25,1450,0,0,1450
CUST_0583,6.0,5,-0.842,2,115,481.7,291,0,1,17
CUST_0584,15.1,7,0.526,1,80,137.87,960,0,0,960
CUST_0585,4.1,7,0.169,2,24,252.12,1532,0,0,1532
CUST_0586,1.2,13,-0.924,1,114,352.97,775,0,0,775
CUST_0587,2.1,9,-0.024,2,93,415.29,594,0,0,594
CUST_0588,2.1,13,0.424,3,304,50.05,1538,0,0,1538
CUST_0589,2.5,12,0.738,1,184,716.49,1800,0,0,1800
CUST_0590,2.2,13,0.868,2,282,55.76,1761,0,0,1761
CUST_0591,15.4,10,-0.345,0,154,630.26,545,0,0,545
CUST_0592,3.0,1,-0.728,3,173,402.93,1625,0,1,11
CUST_0593,6.4,8,-0.526,1,350,442.91,714,1,0,714
CUST_0594,34.1,16,0.552,3,172,206.2,1637,0,1,78
CUST_0595,9.6,13,0.943,3,153,505.53,515,0,0,515
CUST_0596,16.5,3,-0.067,2,13,452.92,1640,0,1,36
CUST_0597,2.8,3,-0.389,1,303,173.18,863,0,0,863
CUST_0598,3.2,5,-0.142,1,127,228.59,495,0,1,52
CUST_0599,0.6,11,-0.39,2,340,100.18,495,1,0,495
CUST_0600,2.8,7,-0.487,0,91,99.71,51,0,0,51
CUST_0601,4.9,10,0.188,3,270,60.33,425,0,0,425
CUST_0602,2.9,10,-0.969,3,221,215.36,1262,0,0,1262
CUST_0603,1.4,2,-0.481,0,306,559.75,1616,0,0,1616
CUST_0604,1.9,3,0.323,2,309,287.16,174,1,0,174
CUST_0605,9.3,8,-0.936,0,107,307.05,449,1,1,1
CUST_0606,3.5,11,-0.834,2,330,148.93,1402,0,0,1402
CUST_0607,6.8,13,-0.413,1,27,481.6,334,0,0,334
CUST_0608,10.5,7,0.756,4,196,306.61,1030,1,1,10
CUST_0609,17.6,13,0.53,2,199,557.24,73,0,0,73
CUST_0610,0.6,2,-0.956,3,153,606.09,136,0,1,56
CUST_0611,24.1,6,0.003,2,69,488.52,179,0,1,19
CUST_0612,14.8,9,-0.451,1,159,257.05,1659,0,0,1659
CUST_0613,1.3,2,0.297,3,351,431.46,1317,0,0,1317
CUST_0614,31.0,18,0.443,1,102,238.95,139,1,0,139
CUST_0615,38.1,16,0.726,2,235,727.18,1071,0,0,1071
CUST_0616,0.9,12,-0.049,2,188,624.79,779,0,0,779
CUST_0617,4.9,7,0.989,2,342,419.75,1389,1,0,1389
CUST_0618,24.6,7,0.96,1,360,774.09,268,0,0,268
CUST_0619,20.7,17,0.764,2,108,460.07,753,0,0,753
CUST_0620,3.1,13,0.15,2,336,296.4,772,0,0,772
CUST_0621,3.5,11,-0.204,3,300,121.6,357,0,0,357
CUST_0622,6.9,6,-0.271,3,254,457.81,891,0,1,82
CUST_0623,9.9,14,-0.976,1,315,695.31,1347,0,0,1347
CUST_0624,14.4,6,-0.502,2,192,700.04,1466,0,1,11
CUST_0625,6.9,6,0.438,1,70,503.43,490,0,0,490
CUST_0626,9.3,2,0.207,2,268,345.08,1134,0,0,1134
CUST_0627,20.6,15,0.833,3,333,537.72,1308,0,0,1308
CUST_0628,0.6,17,-0.9,2,208,621.61,773,0,0,773
CUST_0629,4.4,8,-0.689,2,175,358.72,392,1,1,40
CUST_0630,18.7,5,0.578,0,238,407.19,1774,0,0,1774
CUST_0631,33.8,17,-0.283,4,97,560.46,1510,0,1,21
CUST_0632,10.8,1,-0.763,0,346,707.49,927,0,0,927
CUST_0633,11.4,18,0.993,2,88,643.26,472,0,0,472
CUST_0634,1.7,15,0.575,3,251,66.79,915,0,0,915
CUST_0635,8.9,5,-0.183,2,98,143.28,1013,0,1,60
CUST_0636,11.4,7,0.647,0,328,689.58,1586,0,0,1586
CUST_0637,4.2,18,0.361,2,325,675.37,1291,0,0,1291
CUST_0638,4.7,6,0.58,1,153,341.61,290,0,0,290
CUST_0639,7.1,5,0.63,0,294,488.21,1326,0,0,1326
CUST_0640,0.3,19,-0.831,1,282,729.38,309,0,0,309
CUST_0641,5.8,10,0.246,2,295,733.67,955,0,0,955
CUST_0642,3.6,15,-0.986,1,30,637.32,975,0,0,975
CUST_0643,6.0,10,-0.913,0,130,207.19,1203,0,0,1203
CUST_0644,1.9,16,0.808,0,215,597.71,181,0,0,181
CUST_0645,33.2,12,0.055,2,14,125.82,823,1,1,34
CUST_0646,13.5,18,0.472,2,325,720.45,1626,0,0,1626
CUST_0647,17.0,1,0.677,1,266,161.86,1701,0,0,1701
CUST_0648,23.4,16,0.899,0,285,546.76,1065,0,0,1065
CUST_0649,10.4,6,0.739,2,290,507.68,43,1,0,43
CUST_0650,1.4,3,-0.033,0,42,632.67,1564,1,0,1564
CUST_0651,11.6,2,-0.328,3,167,463.68,1595,0,1,42
CUST_0652,13.3,2,-0.691,2,348,94.67,980,0,0,980
CUST_0653,20.5,13,-0.199,2,254,579.38,896,1,1,37
CUST_0654,8.5,9,-0.267,3,169,337.37,474,0,0,474
CUST_0655,2.0,16,0.119,1,258,290.21,1371,1,0,1371
CUST_0656,5.0,5,0.331,1,345,793.76,828,0,0,828
CUST_0657,6.8,7,0.957,0,77,492.8,761,0,0,761
CUST_0658,15.6,13,0.457,0,338,583.04,267,1,0,267
CUST_0659,12.7,13,0.287,1,84,444.74,568,0,0,568
CUST_0660,6.6,7,-0.33,2,148,627.48,798,0,0,798
CUST_0661,64.6,10,-0.931,2,200,614.05,838,1,1,77
CUST_0662,14.0,15,-0.424,1,76,542.86,1707,1,1,46
CUST_0663,4.1,6,0.537,0,360,798.31,791,0,0,791
CUST_0664,1.6,5,-0.589,3,249,394.85,103,0,0,103
CUST_0665,2.5,2,0.424,0,52,579.64,1487,0,0,1487
CUST_0666,4.2,15,0.16,0,299,648.33,1351,0,0,1351
CUST_0667,2.6,16,-0.656,1,301,332.03,1764,0,0,1764
CUST_0668,3.1,19,-0.477,2,292,392.88,325,0,0,325
CUST_0669,5.0,9,-0.007,0,293,776.88,43,0,0,43
CUST_0670,2.9,19,-0.163,1,108,74.22,641,0,0,641
CUST_0671,34.1,7,0.557,1,364,301.47,1656,0,0,1656
CUST_0672,1.3,4,0.469,1,87,414.66,424,0,0,424
CUST_0673,11.2,3,0.149,2,165,51.1,220,0,0,220
CUST_0674,7.9,11,0.645,1,266,724.35,846,0,0,846
CUST_0675,60.6,1,0.125,1,92,264.68,1474,0,1,57
CUST_0676,1.8,6,0.929,2,172,243.28,135,0,0,135
CUST_0677,7.6,11,-0.566,1,63,665.24,1447,0,1,83
CUST_0678,52.3,1,0.428,1,125,258.49,1491,0,1,86
CUST_0679,30.1,7,-0.26,0,229,543.22,36,0,1,24
CUST_0680,25.5,6,-0.442,0,104,666.13,1134,0,1,24
CUST_0681,4.5,14,-0.639,2,208,644.36,794,0,0,794
CUST_0682,2.8,2,0.105,3,61,636.46,681,0,0,681
CUST_0683,16.6,4,-0.569,1,239,116.48,514,0,1,61
CUST_0684,39.8,11,-0.599,1,60,109.89,1410,0,1,77
CUST_0685,12.2,15,0.981,0,345,280.08,1364,0,0,1364
CUST_0686,12.7,18,0.603,0,11,76.96,961,1,0,961
CUST_0687,4.9,1,0.497,2,136,425.32,535,1,1,32
CUST_0688,22.0,3,0.588,0,194,346.09,548,0,0,548
CUST_0689,3.1,3,0.938,0,73,467.77,1717,0,0,1717
CUST_0690,5.9,7,0.147,1,362,274.09,831,0,0,831
CUST_0691,8.3,1,-0.56,1,135,414.32,1691,0,1,69
CUST_0692,10.6,11,0.724,0,42,301.06,478,1,0,478
CUST_0693,4.2,6,0.485,0,38,196.41,314,0,0,314
CUST_0694,1.8,3,-0.171,4,30,537.03,1335,0,0,1335
CUST_0695,14.1,19,-0.053,0,141,555.08,103,1,0,103
CUST_0696,5.1,2,-0.177,2,319,671.92,74,0,1,83
CUST_0697,13.1,18,0.86,1,358,706.06,1582,0,0,1582
CUST_0698,2.5,12,-0.313,1,352,578.35,774,0,0,774
CUST_0699,9.8,10,0.927,1,43,565.62,705,0,0,705
CUST_0700,11.4,5,0.821,2,187,92.51,1510,0,0,1510
CUST_0701,0.8,9,0.261,1,352,132.33,604,0,0,604
CUST_0702,6.2,2,0.16,2,1,659.42,1460,1,1,65
CUST_0703,2.2,2,-0.26,2,291,224.71,122,0,0,122
CUST_0704,1.0,6,-0.963,1,310,316.67,351,0,0,351
CUST_0705,69.0,10,-0.745,0,342,158.97,495,1,1,59
CUST_0706,5.8,18,0.508,2,324,196.36,633,0,0,633
CUST_0707,24.9,12,-0.057,0,335,631.56,914,0,0,914
CUST_0708,4.4,4,-0.7,3,295,246.39,1036,0,0,1036
CUST_0709,17.2,17,-0.472,5,23,386.78,583,0,1,61
CUST_0710,21.4,15,0.896,1,103,163.75,782,0,0,782
CUST_0711,13.6,6,-0.266,1,61,558.45,356,0,0,356
CUST_0712,9.6,16,0.815,0,152,596.2,1820,0,0,1820
CUST_0713,8.0,17,-0.391,0,262,321.27,1636,0,0,1636
CUST_0714,6.4,3,0.086,2,293,638.56,757,0,0,757
CUST_0715,39.8,10,-0.959,2,242,229.93,1621,0,0,1621
CUST_0716,26.6,5,0.044,1,341,568.93,620,0,0,620
CUST_0717,50.3,14,0.274,1,341,597.47,1468,0,1,19
CUST_0718,2.0,13,-0.531,1,346,776.49,1552,1,0,1552
CUST_0719,19.7,6,0.158,1,120,224.24,880,0,1,3
CUST_0720,41.8,12,0.294,2,352,120.28,469,0,1,5
CUST_0721,3.0,8,0.374,3,172,247.28,1686,0,0,1686
CUST_0722,1.0,5,0.553,1,102,142.15,743,0,0,743
CUST_0723,20.3,15,-0.377,1,159,177.27,461,0,0,461
CUST_0724,12.8,16,0.136,5,256,300.59,977,0,1,28
CUST_0725,27.7,1,0.963,1,201,360.49,357,1,1,1
CUST_0726,2.3,16,0.796,0,44,727.79,1310,0,0,1310
CUST_0727,23.8,5,0.905,1,63,196.71,1695,0,1,45
CUST_0728,3.4,3,-0.228,1,195,778.82,890,0,1,51
CUST_0729,2.7,15,0.574,1,69,657.61,1607,1,0,1607
CUST_0730,2.7,13,0.24,1,180,711.1,1127,0,0,1127
CUST_0731,25.3,16,-0.835,4,330,747.08,1287,1,1,28
CUST_0732,16.4,11,0.648,1,246,614.93,1574,0,0,1574
CUST_0733,11.1,2,0.354,0,328,641.58,1596,0,0,1596
CUST_0734,6.7,6,-0.602,3,157,378.36,1661,1,1,41
CUST_0735,31.5,6,-0.841,3,185,432.84,1311,0,1,25
CUST_0736,7.5,14,0.674,2,230,749.36,258,1,0,258
CUST_0737,25.4,11,-0.842,1,72,333.69,1298,0,1,77
CUST_0738,8.7,8,-0.817,0,54,81.46,1480,0,0,1480
CUST_0739,7.1,8,-0.145,0,242,622.07,1763,0,0,1763
CUST_0740,9.3,1,-0.73,2,301,479.87,1509,0,0,1509
CUST_0741,5.4,7,0.827,2,352,661.16,773,0,0,773
CUST_0742,20.7,6,-0.059,2,214,106.66,1526,0,0,1526
CUST_0743,10.5,8,0.138,0,14,515.92,1031,0,0,1031
CUST_0744,4.0,19,0.856,3,146,235.78,840,0,0,840
CUST_0745,34.5,8,0.061,2,143,727.45,1616,1,1,22
CUST_0746,7.3,14,-0.293,4,24,132.43,1782,0,0,1782
CUST_0747,11.8,18,0.594,2,98,682.3,203,0,0,203
CUST_0748,35.5,16,-0.114,0,178,116.42,1128,0,0,1128
CUST_0749,14.7,9,-0.363,2,332,68.82,1152,1,1,21
CUST_0750,1.9,15,0.446,0,173,226.29,542,0,0,542
CUST_0751,42.2,10,0.603,1,262,299.78,1177,0,0,1177
CUST_0752,14.8,16,0.583,3,289,519.9,1170,0,0,1170
CUST_0753,6.1,4,0.955,3,57,148.79,1396,1,1,50
CUST_0754,2.2,13,0.573,2,333,378.0,1760,0,0,1760
CUST_0755,23.7,5,0.54,2,278,203.2,1286,0,1,28
CUST_0756,14.5,7,0.715,3,144,691.48,158,0,1,37
CUST_0757,11.4,9,-1.0,1,121,83.72,403,0,0,403
CUST_0758,33.6,8,-0.275,2,26,316.95,1628,0,1,61
CUST_0759,23.3,16,0.475,1,65,523.53,265,0,0,265
CUST_0760,2.5,6,0.199,0,100,734.82,771,0,0,771
CUST_0761,5.6,16,-0.645,1,93,701.0,219,0,0,219
CUST_0762,4.3,6,-0.393,2,66,721.39,1754,1,1,61
CUST_0763,20.4,14,-0.326,1,249,97.14,197,0,0,197
CUST_0764,0.5,1,0.136,0,141,680.69,1660,0,0,1660
CUST_0765,12.7,9,0.663,2,266,634.93,1722,0,0,1722
CUST_0766,21.6,13,0.865,1,39,726.82,320,1,0,320
CUST_0767,31.4,19,0.5,0,214,283.68,1394,0,0,1394
CUST_0768,6.3,17,0.686,0,130,733.82,1448,1,0,1448
CUST_0769,25.8,11,-0.06,2,0,351.98,1527,0,1,7
CUST_0770,1.8,8,-0.22,2,8,525.57,168,0,0,168
CUST_0771,28.1,5,-0.215,0,328,368.13,1244,0,1,50
CUST_0772,2.0,10,0.232,2,331,370.74,597,1,0,597
CUST_0773,7.6,7,-0.752,1,143,459.98,1572,1,1,42
CUST_0774,23.9,10,0.159,2,349,316.95,1104,1,0,1104
CUST_0775,2.4,4,0.33,1,327,644.55,1020,0,0,1020
CUST_0776,3.9,9,-0.122,0,301,525.23,1604,0,0,1604
CUST_0777,19.2,14,0.906,0,137,567.32,327,0,0,327
CUST_0778,19.1,2,0.216,2,357,223.28,1125,0,0,1125
CUST_0779,15.4,9,-0.56,2,296,777.18,285,0,0,285
CUST_0780,17.8,1,-0.042,1,178,545.13,338,0,0,338
CUST_0781,11.7,10,0.351,0,277,197.9,120,0,0,120
CUST_0782,4.4,10,-0.353,5,143,612.87,178,0,0,178
CUST_0783,6.4,3,-0.841,0,338,180.29,1083,0,0,1083
CUST_0784,3.0,6,0.167,1,189,97.54,491,1,0,491
CUST_0785,35.9,6,0.896,3,330,445.67,664,0,1,24
CUST_0786,13.1,2,-0.03,0,269,465.14,1438,1,1,65
CUST_0787,7.7,18,0.812,2,186,191.72,1802,0,0,1802
CUST_0788,9.3,2,0.67,0,153,311.28,666,0,0,666
CUST_0789,44.1,12,-0.705,2,171,759.33,675,1,1,37
CUST_0790,2.5,5,0.416,3,246,263.75,547,0,0,547
CUST_0791,13.2,7,-0.129,1,10,166.68,1426,0,0,1426
CUST_0792,10.6,16,-0.5,2,46,794.42,1250,0,1,20
CUST_0793,14.2,1,0.374,1,265,276.73,219,0,0,219
CUST_0794,0.3,1,0.485,1,316,560.19,1801,0,0,1801
CUST_0795,30.9,17,-0.64,1,110,223.67,108,0,1,11
CUST_0796,40.3,1,0.829,2,300,462.59,1600,1,1,55
CUST_0797,12.5,13,0.502,1,302,339.71,845,1,0,845
CUST_0798,17.9,9,0.867,0,278,771.18,101,0,0,101
CUST_0799,38.4,15,-0.366,1,291,374.6,72,0,1,77
CUST_0800,18.4,3,0.879,3,251,488.13,832,1,1,58
CUST_0801,2.5,14,-0.263,1,75,758.57,1186,0,0,1186
CUST_0802,12.9,11,-0.892,1,174,791.93,1159,0,0,1159
CUST_0803,14.0,12,0.526,2,108,126.24,1724,0,0,1724
CUST_0804,8.3,13,0.407,4,339,675.74,386,1,0,386
CUST_0805,20.0,13,0.196,2,335,336.59,37,0,0,37
CUST_0806,40.9,1,-0.02,5,13,496.12,1396,0,1,34
CUST_0807,39.0,10,-0.936,3,180,331.29,466,0,1,63
CUST_0808,9.0,3,0.249,0,321,350.84,109,0,0,109
CUST_0809,1.8,4,-0.166,2,271,169.14,1609,0,0,1609
CUST_0810,62.8,16,0.12,1,42,479.57,718,0,1,38
CUST_0811,27.4,8,-0.141,2,101,460.04,1445,0,1,56
CUST_0812,2.0,16,0.932,0,112,192.02,605,0,0,605
CUST_0813,38.0,17,0.208,1,192,456.3,929,0,0,929
CUST_0814,30.6,19,0.498,2,8,779.83,317,0,0,317
CUST_0815,11.0,15,0.873,3,148,585.81,1166,0,1,32
CUST_0816,13.4,16,0.183,1,337,410.74,992,0,0,992
CUST_0817,7.6,15,-0.976,0,223,737.06,749,0,0,749
CUST_0818,0.8,2,-0.931,3,109,481.49,985,0,1,89
CUST_0819,6.1,11,0.405,2,353,151.29,255,0,0,255
CUST_0820,24.4,1,-0.442,0,83,460.63,1386,0,1,36
CUST_0821,0.1,15,0.159,3,42,185.73,1470,0,0,1470
CUST_0822,6.1,19,-0.595,4,65,625.63,307,0,0,307
CUST_0823,7.6,4,-0.46,4,108,775.38,924,0,1,34
CUST_0824,11.6,11,0.009,3,101,320.61,821,0,1,24
CUST_0825,37.9,5,0.951,1,134,376.19,1056,0,0,1056
CUST_0826,6.4,3,0.233,1,85,366.12,574,0,0,574
CUST_0827,6.4,13,0.872,1,83,263.97,507,0,0,507
CUST_0828,20.1,10,0.919,2,226,645.63,1463,0,0,1463
CUST_0829,9.0,11,-0.584,0,259,513.3,1360,0,0,1360
CUST_0830,3.8,18,-0.378,1,19,98.04,1267,0,0,1267
CUST_0831,9.0,2,0.54,0,34,679.1,1083,1,1,63
CUST_0832,2.3,7,0.734,3,352,190.32,448,1,0,448
CUST_0833,2.9,9,0.038,2,242,784.36,1590,0,0,1590
CUST_0834,10.3,10,0.986,1,269,332.5,1081,1,0,1081
CUST_0835,8.1,18,-0.977,0,222,512.34,638,0,0,638
CUST_0836,36.9,7,-0.401,1,303,108.37,116,0,1,60
CUST_0837,6.8,7,0.246,2,157,308.5,1079,1,1,43
CUST_0838,13.0,3,-0.061,2,284,651.77,149,0,0,149
CUST_0839,15.0,12,-0.767,3,35,407.91,742,0,1,40
CUST_0840,0.2,7,-0.264,0,297,728.45,421,0,0,421
CUST_0841,16.3,17,-0.949,1,28,481.35,1410,0,0,1410
CUST_0842,2.9,1,0.285,1,254,746.43,382,0,0,382
CUST_0843,48.7,5,0.785,1,141,786.96,44,0,1,1
CUST_0844,2.4,16,0.77,3,133,390.42,334,1,0,334
CUST_0845,8.0,15,0.399,0,143,473.87,1307,0,0,1307
CUST_0846,1.3,2,-0.068,2,296,676.19,652,0,0,652
CUST_0847,86.5,9,0.024,3,340,216.15,549,1,1,88
CUST_0848,10.5,7,-0.726,0,244,696.22,882,0,0,882
CUST_0849,13.6,4,-0.318,2,253,493.94,669,0,1,28
CUST_0850,1.0,18,-0.625,2,363,594.13,1239,0,0,1239
CUST_0851,20.8,4,0.642,2,4,109.89,416,0,1,24
CUST_0852,3.5,13,0.83,0,265,624.64,934,1,0,934
CUST_0853,34.2,1,0.074,2,238,283.09,1553,0,1,2
CUST_0854,3.4,3,0.456,3,249,653.92,43,0,0,43
CUST_0855,3.2,16,-0.757,2,290,431.86,1283,0,0,1283
CUST_0856,0.6,4,0.217,0,30,255.96,120,0,0,120
CUST_0857,9.6,16,0.406,1,119,764.57,1457,0,0,1457
CUST_0858,12.5,19,-0.094,1,78,623.8,1558,0,0,1558
CUST_0859,1.0,1,-0.513,1,8,789.26,33,0,1,87
CUST_0860,22.4,5,0.755,2,43,323.35,1051,0,1,4
CUST_0861,9.1,19,0.486,1,221,536.91,1717,1,0,1717
CUST_0862,11.1,11,0.8,1,143,508.69,1272,0,0,1272
CUST_0863,8.7,13,0.637,2,119,565.67,1641,0,0,1641
CUST_0864,7.7,5,0.981,1,52,78.74,825,0,0,825
CUST_0865,12.3,4,-0.616,2,64,268.79,245,0,1,1
CUST_0866,2.5,4,-0.827,2,175,732.0,1212,0,0,1212
CUST_0867,3.0,4,-0.326,0,69,367.87,1816,0,0,1816
CUST_0868,29.7,4,-0.742,3,301,770.48,1632,0,1,23
CUST_0869,43.8,18,0.046,2,120,210.13,1787,0,1,71
CUST_0870,7.0,18,0.266,1,202,798.07,733,0,0,733
CUST_0871,4.7,16,0.157,2,288,573.19,760,0,0,760
CUST_0872,15.5,9,-0.482,1,179,632.3,1426,0,0,1426
CUST_0873,7.9,18,0.818,0,80,347.65,46,0,0,46
CUST_0874,0.4,2,-0.958,1,54,730.26,524,1,1,45
CUST_0875,2.5,4,-0.304,2,178,459.1,1672,0,1,7
CUST_0876,18.9,12,0.438,3,97,560.7,1519,0,1,57
CUST_0877,16.1,7,0.534,3,109,121.11,473,0,0,473
CUST_0878,0.4,15,-0.168,0,152,523.76,1792,0,0,1792
CUST_0879,3.8,7,-0.966,1,124,709.31,1134,1,1,6
CUST_0880,3.9,17,0.236,0,90,183.71,808,1,0,808
CUST_0881,16.7,16,-0.874,2,293,603.29,195,0,0,195
CUST_0882,0.3,19,-0.784,3,36,69.05,386,1,0,386
CUST_0883,1.6,9,0.301,4,4,744.65,263,0,1,26
CUST_0884,24.1,14,-0.375,1,337,787.19,1215,0,0,1215
CUST_0885,3.0,17,-0.304,2,149,315.64,204,0,0,204
CUST_0886,15.9,5,-0.026,0,315,130.31,1725,1,0,1725
CUST_0887,4.1,2,0.957,0,171,543.93,1416,0,0,1416
CUST_0888,1.6,16,0.931,1,261,72.38,1429,1,0,1429
CUST_0889,4.2,14,-0.167,2,26,411.86,726,0,0,726
CUST_0890,19.2,14,-0.469,2,54,253.83,1227,0,1,48
CUST_0891,29.0,1,-0.395,0,319,405.0,267,0,0,267
CUST_0892,26.6,3,-0.462,2,248,63.71,1216,0,0,1216
CUST_0893,7.6,7,0.064,0,272,88.71,1017,0,0,1017
CUST_0894,16.5,15,0.214,0,258,61.98,1043,0,0,1043
CUST_0895,3.4,19,-0.022,2,265,514.35,941,0,0,941
CUST_0896,5.2,2,-0.184,3,190,470.07,1291,1,0,1291
CUST_0897,34.0,19,-0.577,3,62,224.87,1671,0,0,1671
CUST_0898,0.2,9,-0.035,0,344,534.98,659,0,0,659
CUST_0899,1.3,19,-0.318,1,340,713.16,1285,0,0,1285
CUST_0900,3.5,5,0.083,0,103,257.99,617,0,0,617
CUST_0901,0.4,18,0.35,3,287,674.0,1570,0,0,1570
CUST_0902,3.0,16,0.267,3,258,546.88,1783,0,0,1783
CUST_0903,13.1,4,-0.075,0,160,75.37,823,1,1,7
CUST_0904,8.2,12,0.112,2,170,331.36,949,0,0,949
CUST_0905,33.5,7,-0.43,1,108,430.82,1289,1,1,21
CUST_0906,25.5,14,-0.952,0,139,598.77,1376,1,1,39
CUST_0907,6.3,12,0.25,2,92,265.35,1597,0,0,1597
CUST_0908,4.5,3,-0.495,4,102,787.05,436,0,1,57
CUST_0909,7.2,5,0.338,1,225,563.4,206,0,0,206
CUST_0910,13.4,17,0.494,2,352,329.61,1553,1,0,1553
CUST_0911,4.7,10,0.832,0,159,122.77,148,0,0,148
CUST_0912,14.7,10,0.916,4,194,186.03,1243,0,0,1243
CUST_0913,7.9,11,-0.979,2,323,415.71,643,0,0,643
CUST_0914,12.0,17,0.981,1,144,421.02,394,0,0,394
CUST_0915,8.6,5,0.366,1,241,625.79,515,0,0,515
CUST_0916,5.2,13,0.287,1,131,594.63,1132,0,0,1132
CUST_0917,44.5,10,-0.97,1,92,200.95,351,0,1,73
CUST_0918,21.6,9,0.722,0,272,496.22,168,0,0,168
CUST_0919,2.3,17,-0.709,1,191,65.47,1389,0,0,1389
CUST_0920,30.4,1,0.675,2,21,348.91,1455,0,1,67
CUST_0921,10.0,4,-0.969,4,193,623.08,1279,0,1,89
CUST_0922,33.7,4,0.292,4,169,349.63,1319,0,1,32
CUST_0923,24.1,18,-0.13,2,10,676.7,362,0,0,362
CUST_0924,8.3,9,-0.598,1,180,782.12,253,0,0,253
CUST_0925,0.3,18,-0.785,1,231,505.41,601,0,0,601
CUST_0926,4.7,14,-0.12,2,28,158.75,805,0,0,805
CUST_0927,11.7,15,-0.753,2,19,334.76,996,1,1,11
CUST_0928,15.1,6,-0.027,1,4,57.11,1613,1,1,59
CUST_0929,4.5,10,0.25,0,33,502.04,622,0,0,622
CUST_0930,2.3,15,0.655,3,139,666.18,838,0,0,838
CUST_0931,27.0,4,0.357,1,27,522.46,1016,0,1,67
CUST_0932,62.4,18,-0.87,1,97,639.56,1053,0,1,2
CUST_0933,11.2,18,-0.385,1,261,649.93,1573,0,0,1573
CUST_0934,2.8,17,-0.424,0,245,688.26,890,1,0,890
CUST_0935,4.8,12,0.83,1,18,250.0,1302,0,0,1302
CUST_0936,0.3,7,0.736,2,11,703.45,1809,0,0,1809
CUST_0937,36.9,16,-0.26,4,24,540.57,1730,1,1,62
CUST_0938,1.9,11,-0.858,0,12,267.29,1474,0,0,1474
CUST_0939,12.9,14,0.788,0,75,790.47,216,1,0,216
CUST_0940,4.8,3,0.776,1,258,762.64,278,1,0,278
CUST_0941,12.1,19,0.709,0,23,480.83,1180,0,0,1180
CUST_0942,15.8,18,0.69,1,7,682.41,1141,0,0,1141
CUST_0943,26.6,10,-0.039,1,227,246.12,1098,0,0,1098
CUST_0944,3.5,6,-0.645,0,122,362.03,1053,1,0,1053
CUST_0945,0.2,13,-0.045,1,89,187.98,275,0,0,275
CUST_0946,2.2,10,-0.011,1,300,440.08,956,0,0,956
CUST_0947,34.5,18,-0.02,5,223,422.0,1464,1,1,86
CUST_0948,31.1,16,0.078,2,223,209.61,1271,1,1,47
CUST_0949,13.6,6,-0.485,2,256,554.6,1480,0,0,1480
CUST_0950,13.8,13,-0.268,0,2,138.34,44,0,0,44
CUST_0951,16.4,4,-0.132,0,320,96.27,1821,0,0,1821
CUST_0952,2.9,14,-0.738,0,270,338.68,855,0,0,855
CUST_0953,36.9,1,-0.089,1,305,357.37,718,0,1,71
CUST_0954,8.1,5,0.621,0,147,289.81,1388,0,0,1388
CUST_0955,7.2,8,0.656,1,188,243.46,756,0,0,756
CUST_0956,11.0,12,-0.177,0,186,304.08,566,0,0,566
CUST_0957,0.7,2,0.038,2,187,172.53,521,0,1,58
CUST_0958,2.7,12,-0.933,2,123,352.59,321,0,0,321
CUST_0959,20.1,5,0.349,1,36,728.45,146,0,1,38
CUST_0960,1.3,5,-0.191,3,148,218.32,621,0,0,621
CUST_0961,13.9,13,-0.109,1,105,563.34,716,0,0,716
CUST_0962,4.2,9,0.747,0,102,156.34,773,0,0,773
CUST_0963,7.4,10,-0.076,1,231,315.43,1522,1,0,1522
CUST_0964,5.1,1,-0.958,0,354,290.88,977,0,0,977
CUST_0965,6.6,3,-0.545,2,145,752.77,1605,0,1,73
CUST_0966,19.0,18,-0.049,1,16,370.99,712,0,0,712
CUST_0967,5.3,12,-0.151,1,158,567.85,658,0,0,658
CUST_0968,12.5,3,0.721,3,303,501.85,1749,0,1,40
CUST_0969,9.7,9,0.084,4,281,155.77,622,0,0,622
CUST_0970,16.3,2,0.379,2,277,754.66,416,0,0,416
CUST_0971,41.4,3,-0.061,1,124,309.4,1636,0,1,9
CUST_0972,19.8,14,-0.121,0,172,83.57,681,0,0,681
CUST_0973,3.6,4,-0.107,2,319,275.33,222,0,0,222
CUST_0974,0.5,19,-0.178,2,162,301.73,1736,0,0,1736
CUST_0975,4.6,13,0.077,1,202,119.56,130,1,0,130
CUST_0976,13.6,7,-0.499,2,337,514.98,1123,0,0,1123
CUST_0977,0.8,12,0.782,0,154,310.07,1227,1,0,1227
CUST_0978,10.3,3,-0.334,4,323,521.85,473,1,1,25
CUST_0979,13.6,9,-0.705,2,260,55.06,1754,0,0,1754
CUST_0980,6.1,2,-0.807,2,185,786.54,462,1,1,37
CUST_0981,22.1,9,-0.973,4,56,177.89,1268,1,1,35
CUST_0982,1.7,12,-0.154,2,216,544.5,566,1,0,566
CUST_0983,1.2,12,-0.625,4,207,586.84,630,0,0,630
CUST_0984,19.5,15,-0.957,1,201,178.71,1696,1,1,47
CUST_0985,10.3,2,0.04,3,73,133.78,737,0,1,36
CUST_0986,17.5,18,0.36,1,84,164.43,348,1,0,348
CUST_0987,8.6,13,-0.828,1,119,235.11,1339,0,0,1339
CUST_0988,4.2,14,-0.078,0,13,176.17,254,1,0,254
CUST_0989,25.6,5,0.487,0,327,555.5,1402,0,0,1402
CUST_0990,24.1,10,0.972,0,128,365.62,417,0,0,417
CUST_0991,17.8,12,0.334,2,281,453.34,875,1,0,875
CUST_0992,4.8,10,-0.51,0,48,85.5,1394,0,0,1394
CUST_0993,13.4,11,0.433,2,358,695.94,1714,0,0,1714
CUST_0994,6.7,2,0.196,2,241,177.93,1557,0,1,87
CUST_0995,1.4,5,-0.576,2,321,320.11,100,1,0,100
CUST_0996,37.4,7,0.702,3,52,103.93,1182,1,1,32
CUST_0997,2.2,6,-0.145,2,264,152.59,473,0,0,473
CUST_0998,45.0,3,0.924,3,68,549.35,1343,1,1,56
CUST_0999,8.9,13,0.446,1,39,569.44,628,0,0,628
CUST_1000,3.1,3,0.289,1,183,557.72,416,0,0,416
CUST_1001,11.7,6,0.457,3,132,464.1,47,0,0,47
CUST_1002,30.9,11,-0.044,3,55,764.39,1608,0,0,1608
CUST_1003,19.8,17,0.01,1,254,430.38,1129,0,0,1129
CUST_1004,24.6,10,0.702,0,4,387.06,582,0,1,47
CUST_1005,16.1,12,0.362,1,68,235.66,903,0,0,903
CUST_1006,17.7,17,0.794,3,51,124.14,1418,0,0,1418
CUST_1007,28.4,4,0.782,0,328,461.12,1333,0,1,4
CUST_1008,4.3,2,0.953,0,97,286.17,309,1,0,309
CUST_1009,10.1,11,0.4,2,160,443.02,800,1,0,800
CUST_1010,3.8,7,0.005,3,270,204.59,1496,0,0,1496
CUST_1011,65.9,2,-0.667,2,64,678.63,983,0,1,1
CUST_1012,43.3,18,0.411,0,326,799.77,358,1,1,14
CUST_1013,0.6,4,-0.417,2,242,291.8,1589,0,0,1589
CUST_1014,18.3,8,-0.434,3,261,681.75,537,0,0,537
CUST_1015,38.9,14,-0.523,1,211,704.74,479,0,1,42
CUST_1016,3.0,12,0.75,2,153,797.06,1428,1,0,1428
CUST_1017,12.6,18,0.736,2,233,307.04,1349,1,0,1349
CUST_1018,37.1,11,0.262,0,139,617.03,1529,1,0,1529
CUST_1019,0.5,8,-0.054,1,332,221.61,868,0,0,868
CUST_1020,17.9,2,0.344,2,114,518.6,422,0,0,422
CUST_1021,5.3,15,0.214,0,332,578.63,138,1,0,138
CUST_1022,38.7,9,-0.169,2,129,605.84,388,0,1,53
CUST_1023,53.1,19,-0.241,2,177,205.38,985,0,0,985
CUST_1024,43.3,8,-0.234,1,94,686.54,964,0,1,24
CUST_1025,9.6,19,0.178,1,316,365.73,1342,0,0,1342
CUST_1026,29.7,5,0.295,3,100,212.28,1471,1,1,69
CUST_1027,27.9,11,-0.097,0,195,456.9,347,0,0,347
CUST_1028,5.8,15,0.937,1,289,697.52,370,0,0,370
CUST_1029,26.5,8,-0.832,1,207,775.32,1370,0,1,71
CUST_1030,0.6,19,-0.306,1,94,611.16,378,0,0,378
CUST_1031,13.6,8,-0.162,1,102,54.22,56,0,0,56
CUST_1032,3.9,19,-0.966,1,7,151.03,667,1,1,86
CUST_1033,1.9,18,-0.27,2,135,107.21,430,0,0,430
CUST_1034,1.2,10,-0.453,2,97,125.91,345,0,0,345
CUST_1035,17.9,7,0.012,4,260,337.28,1735,0,1,51
CUST_1036,6.2,9,-0.327,2,146,303.87,1612,0,0,1612
CUST_1037,19.4,1,0.452,2,184,135.26,397,0,1,40
CUST_1038,1.0,19,0.02,1,231,711.68,372,0,0,372
CUST_1039,5.7,5,-0.74,3,100,511.57,722,0,1,43
CUST_1040,11.6,19,0.5,0,146,647.35,1418,0,0,1418
CUST_1041,23.5,1,-0.802,0,204,328.66,933,0,0,933
CUST_1042,5.8,15,0.678,1,45,357.68,1126,0,0,1126
CUST_1043,14.7,16,0.863,3,103,288.22,1175,0,1,30
CUST_1044,32.6,7,-0.355,1,335,378.82,215,0,0,215
CUST_1045,14.4,12,0.852,1,221,507.78,865,1,0,865
CUST_1046,4.0,8,0.586,0,117,419.74,348,0,0,348
CUST_1047,0.4,5,0.845,2,4,678.44,984,0,0,984
CUST_1048,30.6,10,0.333,1,210,725.1,623,0,0,623
CUST_1049,0.3,5,-0.529,1,54,402.26,1021,1,0,1021
CUST_1050,31.2,17,0.789,1,18,229.81,1595,0,0,1595
CUST_1051,11.3,5,-0.631,3,87,758.89,822,0,1,54
CUST_1052,42.0,15,-0.574,3,246,601.28,1686,0,1,75
CUST_1053,24.1,13,-0.458,1,116,530.1,382,0,0,382
CUST_1054,92.7,1,-0.392,2,169,609.06,384,0,1,5
CUST_1055,6.5,11,0.029,3,149,106.99,135,0,0,135
CUST_1056,21.9,1,0.427,3,294,100.72,447,0,1,32
CUST_1057,7.7,11,0.852,1,207,164.84,671,0,0,671
CUST_1058,9.8,18,-0.823,1,282,160.59,234,0,0,234
CUST_1059,14.8,18,0.909,4,331,365.5,594,0,0,594
CUST_1060,31.0,16,0.843,4,173,168.05,1435,0,1,19
CUST_1061,62.1,13,-0.892,2,126,690.89,1350,0,1,24
CUST_1062,21.9,7,-0.279,1,155,483.57,1332,0,1,12
CUST_1063,8.1,1,0.626,4,179,326.2,218,0,1,50
CUST_1064,8.2,16,0.223,1,86,102.22,1780,1,0,1780
CUST_1065,20.1,1,0.558,2,323,493.27,572,1,1,25
CUST_1066,4.1,17,0.438,2,266,137.4,1503,0,0,1503
CUST_1067,1.8,6,-0.006,1,81,607.42,287,0,0,287
CUST_1068,6.6,2,-0.918,2,63,652.07,482,0,1,72
CUST_1069,5.1,17,0.169,2,118,457.98,1625,0,0,1625
CUST_1070,5.3,6,-0.903,2,340,162.2,107,1,0,107
CUST_1071,4.0,14,0.207,1,312,640.15,1076,0,0,1076
CUST_1072,0.6,18,0.601,1,162,280.87,532,0,0,532
CUST_1073,0.3,6,0.17,0,292,216.99,214,0,0,214
CUST_1074,66.0,10,0.994,2,177,402.92,576,0,1,12
CUST_1075,8.4,18,-0.088,3,29,741.98,1566,0,0,1566
CUST_1076,7.3,9,0.498,4,160,273.03,1670,0,0,1670
CUST_1077,17.1,8,0.334,0,2,729.18,1741,0,0,1741
CUST_1078,3.7,10,0.983,1,23,90.24,78,1,0,78
CUST_1079,44.9,17,0.426,1,58,112.64,197,0,1,50
CUST_1080,23.2,6,-0.672,1,236,573.92,1723,0,0,1723
CUST_1081,1.4,14,0.911,1,239,192.94,50,0,0,50
CUST_1082,8.1,6,0.336,2,310,287.47,421,0,0,421
CUST_1083,31.7,7,-0.881,3,320,152.28,932,0,1,27
CUST_1084,43.4,12,0.315,5,159,299.19,1158,0,1,67
CUST_1085,9.4,3,0.766,4,59,260.34,1343,1,1,77
CUST_1086,14.3,14,0.154,3,239,602.25,1686,1,0,1686
CUST_1087,2.7,19,-0.292,2,321,576.52,1757,0,0,1757
CUST_1088,70.9,16,0.642,1,58,766.2,1479,0,1,43
CUST_1089,4.0,7,0.565,1,52,593.32,258,1,0,258
CUST_1090,42.9,8,0.088,1,63,571.11,1234,1,1,15
CUST_1091,15.7,18,-0.691,2,120,570.65,381,0,0,381
CUST_1092,14.0,13,-0.498,0,118,712.23,254,1,0,254
CUST_1093,10.8,9,0.477,2,285,272.18,263,1,0,263
CUST_1094,3.9,10,0.612,2,17,275.07,295,0,0,295
CUST_1095,2.9,9,-0.441,2,4,605.91,887,0,0,887
CUST_1096,3.7,15,-0.264,0,324,221.53,343,0,0,343
CUST_1097,3.1,2,-0.845,0,159,734.02,528,0,1,65
CUST_1098,22.7,13,0.427,2,141,451.09,906,0,0,906
CUST_1099,6.5,2,-0.993,0,17,275.09,1271,0,1,30
CUST_1100,0.9,19,-0.907,0,67,632.07,240,0,0,240
CUST_1101,52.2,2,-0.991,1,113,284.24,128,0,1,88
CUST_1102,32.3,3,0.291,1,21,772.46,1674,1,1,46
CUST_1103,39.4,6,-0.165,0,19,787.24,1441,0,1,60
CUST_1104,79.2,3,-0.405,0,262,550.1,374,0,1,79
CUST_1105,2.9,10,0.825,3,97,135.23,1306,1,0,1306
CUST_1106,7.6,6,-0.614,0,104,247.41,933,0,0,933
CUST_1107,21.3,16,-0.221,2,285,436.56,553,1,0,553
CUST_1108,17.9,17,0.881,1,4,688.59,147,0,0,147
CUST_1109,2.5,19,-0.146,0,128,188.66,629,0,0,629
CUST_1110,25.4,3,0.109,3,158,128.3,885,0,1,86
CUST_1111,3.8,18,-0.839,2,250,105.86,238,0,0,238
CUST_1112,3.8,7,0.58,3,275,430.23,1462,0,0,1462
CUST_1113,11.5,9,-0.154,3,82,713.53,510,0,0,510
CUST_1114,13.5,12,0.601,2,319,81.77,952,0,0,952
CUST_1115,13.0,5,-0.492,1,117,209.24,1695,0,0,1695
CUST_1116,1.4,3,-0.155,3,28,569.94,358,0,1,69
CUST_1117,31.5,11,0.573,2,357,669.4,1236,1,1,41
CUST_1118,4.6,4,0.948,2,137,655.55,446,0,0,446
CUST_1119,2.1,5,-0.881,1,156,638.8,1136,0,0,1136
CUST_1120,32.9,1,0.625,3,30,147.35,283,1,1,53
CUST_1121,46.7,18,-0.399,0,330,347.93,974,0,0,974
CUST_1122,29.7,12,0.101,1,285,788.56,34,1,1,37
CUST_1123,24.9,13,-0.42,1,152,791.67,332,0,0,332
CUST_1124,16.0,9,0.227,0,335,501.82,1009,0,0,1009
CUST_1125,12.0,2,-0.292,1,57,581.95,1589,1,1,21
CUST_1126,1.4,5,-0.333,1,312,763.46,1686,1,0,1686
CUST_1127,7.9,13,-0.924,3,86,387.45,636,0,1,65
CUST_1128,7.0,16,-0.706,1,122,152.65,1481,0,0,1481
CUST_1129,4.5,16,0.834,2,190,551.71,993,1,0,993
CUST_1130,19.3,3,0.997,2,352,770.08,765,1,1,84
CUST_1131,10.3,4,0.561,1,292,572.9,1804,0,0,1804
CUST_1132,1.3,11,-0.426,2,313,652.49,1280,0,0,1280
CUST_1133,3.7,14,-0.195,1,27,367.06,1707,0,0,1707
CUST_1134,17.2,3,0.479,0,154,122.35,1616,0,0,1616
CUST_1135,1.2,16,0.937,0,229,176.66,419,1,0,419
CUST_1136,28.6,15,-0.089,3,36,786.99,1710,0,1,10
CUST_1137,10.3,10,0.659,2,5,419.89,879,0,0,879
CUST_1138,9.8,9,0.95,1,317,59.02,848,0,0,848
CUST_1139,13.5,11,0.747,4,224,766.53,1617,0,0,1617
CUST_1140,26.1,16,-0.546,0,32,423.33,41,0,1,35
CUST_1141,6.4,10,-0.984,2,88,677.2,366,0,0,366
CUST_1142,17.0,17,-0.016,2,333,461.34,636,1,0,636
CUST_1143,12.5,19,0.063,2,39,126.28,158,0,0,158
CUST_1144,4.7,2,-0.597,2,168,511.68,40,0,0,40
CUST_1145,31.6,2,-0.431,0,297,798.05,519,0,1,27
CUST_1146,23.9,6,0.53,0,17,76.05,301,0,1,38
CUST_1147,16.1,19,-0.059,0,14,681.35,1410,0,0,1410
CUST_1148,28.5,8,-0.365,1,131,226.61,910,0,1,25
CUST_1149,30.3,3,0.245,2,289,345.4,1145,0,1,66
CUST_1150,18.5,14,0.306,0,317,329.53,38,0,0,38
CUST_1151,27.2,16,0.539,0,293,724.1,916,0,0,916
CUST_1152,17.9,1,-0.687,1,208,428.36,1176,1,1,82
CUST_1153,17.1,3,0.483,1,326,385.38,805,0,0,805
CUST_1154,14.5,18,0.199,2,278,663.52,310,0,0,310
CUST_1155,21.0,9,-0.885,0,275,86.68,487,0,0,487
CUST_1156,2.6,6,0.555,1,308,114.84,965,0,0,965
CUST_1157,31.9,1,-0.234,0,276,66.27,480,0,1,74
CUST_1158,30.8,10,-0.339,1,75,565.99,1684,0,1,51
CUST_1159,0.4,6,-0.104,1,297,444.21,1460,0,0,1460
CUST_1160,26.2,12,-0.308,2,312,707.02,1755,0,0,1755
CUST_1161,2.1,4,-0.323,1,346,423.9,820,1,0,820
CUST_1162,6.1,13,0.616,2,111,216.36,841,0,0,841
CUST_1163,20.4,17,-0.751,1,265,653.86,85,0,0,85
CUST_1164,2.6,8,0.941,2,71,270.74,737,0,0,737
CUST_1165,25.6,3,0.11,1,316,751.77,408,0,0,408
CUST_1166,26.8,12,-0.634,2,20,237.82,1555,0,1,85
CUST_1167,10.6,7,-0.738,2,187,175.79,1039,0,1,5
CUST_1168,0.1,12,0.183,1,120,419.99,52,1,0,52
CUST_1169,5.1,2,0.266,0,341,87.89,1298,0,0,1298
CUST_1170,14.4,14,-0.894,0,140,77.31,801,1,1,36
CUST_1171,59.6,5,-0.514,2,303,422.01,1471,0,1,74
CUST_1172,15.0,9,0.591,2,203,211.33,260,0,0,260
CUST_1173,4.5,11,-0.901,1,208,57.01,239,0,0,239
CUST_1174,15.1,5,0.71,1,8,272.04,1215,0,1,6
CUST_1175,11.6,3,0.316,0,184,408.03,1430,0,0,1430
CUST_1176,22.7,17,-0.131,1,295,345.72,895,0,0,895
CUST_1177,1.7,2,-0.307,2,331,151.6,1223,1,0,1223
CUST_1178,21.5,1,-0.962,0,200,484.76,928,0,1,37
CUST_1179,11.7,7,0.65,1,63,582.75,1392,0,0,1392
CUST_1180,49.4,14,-0.715,2,349,556.65,1527,1,1,83
CUST_1181,6.3,5,-0.381,2,325,345.32,1280,0,0,1280
CUST_1182,15.0,19,0.138,4,319,153.2,902,0,0,902
CUST_1183,40.3,11,-0.508,1,24,424.62,392,0,1,85
CUST_1184,1.6,2,-0.006,1,155,717.82,1532,0,0,1532
CUST_1185,41.5,8,0.619,0,220,401.54,1608,0,1,81
CUST_1186,17.5,9,-0.059,2,291,196.76,504,0,0,504
CUST_1187,1.1,3,0.898,1,138,119.79,224,0,0,224
CUST_1188,5.4,2,0.695,1,20,757.94,962,0,0,962
CUST_1189,18.5,7,-0.334,0,153,607.26,1065,0,1,88
CUST_1190,1.0,5,-0.2,1,67,284.73,1548,0,0,1548
CUST_1191,13.1,5,-0.153,0,40,271.51,813,0,0,813
CUST_1192,6.4,13,0.252,1,14,721.41,1115,1,0,1115
CUST_1193,14.5,6,-0.426,0,278,183.18,558,1,1,11
CUST_1194,0.7,18,0.938,2,168,451.28,300,1,0,300
CUST_1195,30.8,2,0.217,0,133,585.13,567,0,0,567
CUST_1196,54.5,6,-0.201,3,198,347.29,1610,0,1,18
CUST_1197,52.0,9,0.29,3,237,79.93,686,0,1,77
CUST_1198,20.8,3,-0.209,1,111,220.82,94,0,1,74
CUST_1199,2.1,1,0.636,0,51,726.36,891,0,0,891
CUST_1200,21.3,1,0.136,1,136,442.34,1533,0,1,12
CUST_1201,0.4,19,-0.916,0,254,661.58,519,0,0,519
CUST_1202,0.3,5,-0.646,2,114,466.76,1121,0,0,1121
CUST_1203,5.9,13,0.73,1,157,757.7,391,0,0,391
CUST_1204,10.1,19,0.126,0,299,731.85,1661,0,0,1661
CUST_1205,22.1,12,0.901,1,263,412.17,601,0,0,601
CUST_1206,17.2,16,-0.855,1,354,288.71,1024,0,0,1024
CUST_1207,8.9,19,-0.409,3,306,501.25,798,1,0,798
CUST_1208,4.8,3,-0.613,3,98,556.17,1072,0,1,80
CUST_1209,87.8,12,0.108,0,120,423.77,574,1,1,7
CUST_1210,8.3,5,-0.234,0,89,666.71,1008,0,1,63
CUST_1211,9.0,2,-0.685,0,29,187.5,961,0,1,77
CUST_1212,2.7,7,0.286,2,229,300.81,120,1,1,55
CUST_1213,23.8,13,0.073,1,138,564.78,1002,1,1,76
CUST_1214,17.7,15,-0.451,0,253,235.01,267,0,0,267
CUST_1215,3.7,3,-0.04,2,30,379.88,491,0,1,11
CUST_1216,1.3,5,0.491,3,161,772.8,1077,0,0,1077
CUST_1217,17.1,8,-0.589,1,155,519.41,1280,0,1,66
CUST_1218,15.9,1,-0.414,1,322,761.79,880,0,0,880
CUST_1219,4.8,8,-0.308,1,116,591.83,1434,0,0,1434
CUST_1220,45.2,18,0.493,0,190,593.5,950,0,0,950
CUST_1221,2.5,16,0.694,2,175,493.89,936,0,0,936
CUST_1222,8.5,18,-0.247,3,4,156.66,806,0,0,806
CUST_1223,43.1,12,-0.407,2,332,439.79,1059,0,1,22
CUST_1224,8.2,13,0.779,2,11,239.5,599,0,0,599
CUST_1225,15.3,13,0.999,3,58,799.0,641,0,1,53
CUST_1226,7.6,10,0.341,0,320,250.22,663,0,0,663
CUST_1227,4.8,7,0.98,1,307,223.01,1410,1,0,1410
CUST_1228,62.0,14,0.32,4,298,517.91,1210,0,1,87
CUST_1229,7.9,16,0.467,1,249,433.21,1254,0,0,1254
CUST_1230,33.7,15,-0.223,2,338,66.01,1278,0,0,1278
CUST_1231,3.9,12,-0.134,2,92,147.15,1012,0,0,1012
CUST_1232,3.6,9,-0.712,1,318,658.28,492,1,0,492
CUST_1233,0.5,8,0.646,1,110,412.77,692,0,0,692
CUST_1234,15.8,18,0.862,1,305,159.51,1310,1,0,1310
CUST_1235,6.9,18,0.247,0,294,398.93,1019,1,0,1019
CUST_1236,30.0,13,-0.313,1,335,239.86,1646,0,0,1646
CUST_1237,9.6,18,-0.692,1,16,217.69,460,1,1,68
CUST_1238,51.7,15,-0.47,2,219,768.29,907,0,1,40
CUST_1239,3.1,4,-0.489,1,298,321.52,454,0,0,454
CUST_1240,30.4,17,0.227,3,304,84.82,1460,0,0,1460
CUST_1241,22.5,5,0.89,3,4,777.75,1665,0,1,76
CUST_1242,22.1,16,-0.903,2,128,646.13,134,1,1,16
CUST_1243,27.9,9,-0.998,0,322,240.81,281,0,0,281
CUST_1244,21.5,10,0.2,1,111,356.67,674,0,0,674
CUST_1245,14.8,18,-0.432,0,23,696.72,1152,0,0,1152
CUST_1246,2.1,17,0.761,1,28,318.06,207,0,0,207
CUST_1247,0.5,18,-0.345,4,131,475.55,1318,0,0,1318
CUST_1248,38.0,7,-0.421,1,43,451.14,1185,0,1,60
CUST_1249,14.4,4,-0.461,0,320,350.97,1252,0,0,1252
CUST_1250,23.9,5,-0.71,2,206,529.63,1758,1,1,53
CUST_1251,9.9,16,0.163,1,215,404.97,749,0,0,749
CUST_1252,1.9,3,-0.664,0,243,65.92,1110,0,0,1110
CUST_1253,2.0,18,-0.151,1,30,660.79,921,0,1,55
CUST_1254,17.4,14,-0.078,3,265,134.87,438,0,0,438
CUST_1255,8.4,15,-0.959,2,10,398.07,983,0,0,983
CUST_1256,3.4,17,-0.966,2,81,484.93,291,0,0,291
CUST_1257,10.1,1,0.04,1,155,579.13,771,0,0,771
CUST_1258,1.0,17,0.392,2,165,358.1,683,0,0,683
CUST_1259,13.1,11,0.884,3,207,601.66,604,0,0,604
CUST_1260,4.7,17,-0.642,1,23,148.51,147,1,0,147
CUST_1261,24.0,14,-0.793,2,294,540.08,1538,0,0,1538
CUST_1262,5.6,19,-0.896,0,178,669.75,1000,0,0,1000
CUST_1263,9.1,7,-0.128,0,331,717.08,1374,0,0,1374
CUST_1264,0.2,13,0.246,0,49,484.67,337,0,0,337
CUST_1265,1.1,18,0.681,0,6,284.67,519,0,0,519
CUST_1266,7.5,14,0.365,0,99,172.52,1374,1,0,1374
CUST_1267,9.8,1,-0.583,1,80,309.17,786,0,0,786
CUST_1268,13.7,7,-0.076,2,240,454.98,1409,0,1,42
CUST_1269,5.2,8,0.821,2,323,197.25,677,1,0,677
CUST_1270,17.8,18,-0.347,0,180,764.39,637,0,0,637
CUST_1271,29.5,9,-0.003,0,292,722.85,766,1,0,766
CUST_1272,22.7,1,0.917,1,82,74.72,1573,0,1,88
CUST_1273,0.6,17,0.469,1,53,471.47,1579,1,0,1579
CUST_1274,9.8,19,0.495,1,89,641.98,53,1,0,53
CUST_1275,1.7,6,-0.495,1,202,234.04,1245,0,0,1245
CUST_1276,4.2,3,-0.171,1,30,442.92,782,0,1,30
CUST_1277,64.8,5,-0.835,2,192,354.49,1030,1,1,36
CUST_1278,2.3,2,0.213,0,99,197.41,378,1,1,26
CUST_1279,10.4,4,-0.793,1,348,511.05,54,0,0,54
CUST_1280,14.4,10,0.672,1,88,795.27,1443,0,0,1443
CUST_1281,18.2,10,0.629,1,122,323.97,1694,1,0,1694
CUST_1282,12.3,11,0.067,0,46,464.28,1044,0,0,1044
CUST_1283,0.1,16,-0.718,3,145,295.89,628,0,0,628
CUST_1284,5.9,17,-0.949,2,2,707.71,1798,1,1,49
CUST_1285,10.9,16,0.593,0,17,698.45,830,0,0,830
CUST_1286,1.4,7,0.2,2,313,184.08,939,1,0,939
CUST_1287,6.5,16,0.422,1,326,724.96,988,0,0,988
CUST_1288,0.5,3,-0.392,1,80,163.63,1621,1,1,82
CUST_1289,1.2,16,0.019,0,152,121.58,1243,0,0,1243
CUST_1290,7.6,8,0.494,1,307,539.7,1081,1,0,1081
CUST_1291,2.1,12,-0.075,3,298,339.43,570,0,0,570
CUST_1292,12.6,3,0.203,0,66,448.06,520,0,0,520
CUST_1293,17.5,17,0.579,2,88,539.43,517,0,0,517
CUST_1294,24.2,18,-0.57,1,134,89.63,820,0,0,820
CUST_1295,3.3,11,-0.868,1,201,269.71,201,0,0,201
CUST_1296,2.7,4,0.064,2,178,395.68,67,1,0,67
CUST_1297,1.7,16,-0.876,2,338,249.94,328,0,0,328
CUST_1298,15.2,17,0.533,4,78,86.73,1319,1,0,1319
CUST_1299,18.4,9,0.438,3,84,115.01,1080,0,1,15
CUST_1300,0.5,6,0.763,2,20,651.31,677,0,1,37
CUST_1301,41.3,2,0.279,1,164,733.54,777,0,1,6
CUST_1302,0.8,9,-0.866,0,27,164.17,1810,0,0,1810
CUST_1303,11.7,6,-0.494,0,236,236.95,1505,0,0,1505
CUST_1304,18.5,3,0.616,1,287,539.19,1522,0,0,1522
CUST_1305,30.7,6,-0.666,3,184,765.7,1138,0,1,71
CUST_1306,18.8,7,0.397,2,309,274.69,955,0,0,955
CUST_1307,24.3,1,0.561,1,154,691.41,42,0,1,52
CUST_1308,6.2,1,-0.34,0,122,429.52,1623,0,1,76
CUST_1309,25.3,5,-0.355,0,86,767.42,288,0,0,288
CUST_1310,1.3,6,0.116,3,201,152.19,1009,0,0,1009
CUST_1311,33.8,13,0.723,1,39,780.25,1153,0,0,1153
CUST_1312,11.9,2,-0.552,0,168,380.73,645,0,1,20
CUST_1313,25.5,15,0.883,2,69,764.7,1314,0,1,89
CUST_1314,9.0,15,0.198,0,279,394.02,307,0,0,307
CUST_1315,15.5,13,0.984,0,329,447.56,983,0,0,983
CUST_1316,11.2,14,-0.821,1,353,653.58,1119,0,0,1119
CUST_1317,19.7,7,-0.747,2,327,591.97,1654,0,1,53
CUST_1318,1.3,14,0.653,2,26,514.7,837,0,0,837
CUST_1319,0.9,10,0.73,2,344,362.74,1653,0,0,1653
CUST_1320,4.3,17,-0.109,1,130,644.33,1431,0,0,1431
CUST_1321,2.6,14,0.428,1,276,761.17,1570,1,0,1570
CUST_1322,30.8,8,0.735,0,294,57.36,685,0,0,685
CUST_1323,3.7,4,-0.914,0,287,490.88,1170,0,0,1170
CUST_1324,55.9,16,0.148,0,253,699.49,812,0,0,812
CUST_1325,6.2,13,0.707,2,84,539.83,528,0,0,528
CUST_1326,3.0,18,-0.204,4,8,650.62,234,1,0,234
CUST_1327,23.4,14,-0.395,1,49,721.3,616,0,0,616
CUST_1328,16.1,18,0.591,2,0,613.21,1133,0,0,1133
CUST_1329,10.3,5,-0.328,1,3,587.76,1071,0,1,19
CUST_1330,12.2,9,-0.994,0,3,773.56,1782,1,1,19
CUST_1331,19.1,3,0.919,2,89,697.76,643,0,1,30
CUST_1332,3.9,8,0.184,1,161,661.53,1029,0,0,1029
CUST_1333,84.1,10,0.639,1,154,114.8,673,0,1,42
CUST_1334,55.2,19,0.651,0,14,229.27,850,1,1,56
CUST_1335,15.8,3,-0.867,0,364,467.57,87,1,1,9
CUST_1336,3.3,11,-0.658,2,31,582.17,1165,0,0,1165
CUST_1337,17.1,11,-0.378,2,62,277.41,626,0,1,18
CUST_1338,1.1,17,-0.359,0,363,120.0,1681,0,0,1681
CUST_1339,0.5,16,0.318,5,107,283.32,344,0,0,344
CUST_1340,4.5,7,0.246,2,13,628.27,191,0,0,191
CUST_1341,9.3,4,-0.011,3,22,708.05,353,0,1,45
CUST_1342,30.4,19,-0.577,1,110,734.68,747,0,0,747
CUST_1343,19.5,12,-0.236,0,320,334.15,1384,0,0,1384
CUST_1344,20.4,15,0.087,1,159,329.4,609,0,0,609
CUST_1345,8.3,11,-0.064,2,40,355.03,928,0,0,928
CUST_1346,6.4,5,-0.745,0,281,331.86,789,0,0,789
CUST_1347,7.0,5,0.299,1,303,549.65,531,0,0,531
CUST_1348,65.9,15,-0.854,2,143,318.74,86,0,1,81
CUST_1349,0.6,18,-0.244,1,287,65.26,1218,1,0,1218
CUST_1350,30.3,11,0.42,1,152,379.27,1219,0,0,1219
CUST_1351,13.0,12,-0.96,3,81,218.11,326,0,1,16
CUST_1352,8.7,2,0.14,3,364,71.61,1057,0,0,1057
CUST_1353,19.4,15,-0.331,1,225,403.13,439,0,0,439
CUST_1354,10.0,4,-0.982,4,151,204.47,836,1,1,41
CUST_1355,31.0,18,-0.619,1,258,389.56,1159,0,0,1159
CUST_1356,34.6,6,0.882,0,317,258.31,649,0,0,649
CUST_1357,8.2,19,0.042,1,78,502.78,1735,0,0,1735
CUST_1358,4.9,11,0.994,3,194,793.16,808,1,0,808
CUST_1359,13.5,2,0.05,5,222,460.42,808,0,1,49
CUST_1360,36.5,8,0.088,3,265,535.17,595,0,1,27
CUST_1361,3.5,11,-0.216,3,229,739.46,1027,0,0,1027
CUST_1362,14.6,5,-0.38,0,149,330.5,195,1,1,39
CUST_1363,15.0,18,-0.497,3,135,174.91,1307,0,1,73
CUST_1364,19.8,18,-0.313,0,122,262.1,817,0,0,817
CUST_1365,2.1,14,-0.08,1,357,352.1,695,0,0,695
CUST_1366,18.9,10,-0.616,1,109,533.76,157,1,1,4
CUST_1367,36.0,3,-0.55,3,142,53.44,1539,0,1,85
CUST_1368,3.0,9,-0.457,2,69,690.04,105,0,1,2
CUST_1369,4.1,3,-0.101,1,53,107.07,916,0,1,79
CUST_1370,53.3,11,0.306,2,331,725.49,1274,0,1,28
CUST_1371,3.0,12,0.712,0,39,762.08,811,1,0,811
CUST_1372,28.9,12,-0.426,2,196,792.58,463,0,1,26
CUST_1373,10.2,3,-0.633,2,26,657.13,664,0,0,664
CUST_1374,4.3,7,-0.242,1,329,156.39,1590,0,0,1590
CUST_1375,30.7,14,0.789,3,298,579.63,1492,0,0,1492
CUST_1376,8.8,11,-0.98,2,179,202.49,1488,0,0,1488
CUST_1377,10.8,7,0.356,1,45,722.85,1671,0,0,1671
CUST_1378,6.7,10,-0.046,1,141,287.45,1671,0,0,1671
CUST_1379,13.5,11,-0.678,0,319,295.1,644,0,0,644
CUST_1380,2.7,15,-0.358,1,97,738.24,1015,0,0,1015
CUST_1381,7.4,19,-0.55,1,125,59.92,555,0,0,555
CUST_1382,52.3,16,0.756,1,57,195.47,1186,1,1,13
CUST_1383,4.5,12,-0.036,0,176,366.45,470,1,0,470
CUST_1384,16.0,18,0.126,0,206,575.54,1587,0,0,1587
CUST_1385,5.9,13,0.187,1,284,535.67,616,0,0,616
CUST_1386,22.3,5,0.279,0,153,552.06,420,1,0,420
CUST_1387,2.1,4,-0.009,2,26,710.02,273,0,0,273
CUST_1388,52.5,14,-0.964,0,322,140.77,797,0,1,46
CUST_1389,9.1,8,-0.331,1,162,441.62,1199,0,0,1199
CUST_1390,4.0,9,-0.632,1,249,594.11,444,0,0,444
CUST_1391,1.1,19,0.36,1,187,527.09,456,0,0,456
CUST_1392,2.8,3,-0.887,0,333,386.24,1265,0,0,1265
CUST_1393,11.0,5,0.128,1,89,62.84,278,0,0,278
CUST_1394,6.2,18,-0.579,1,130,95.34,1088,0,0,1088
CUST_1395,26.5,1,0.898,3,297,139.21,868,0,1,73
CUST_1396,8.5,8,-0.329,4,12,307.42,282,1,1,89
CUST_1397,4.3,19,-0.35,2,28,138.24,891,0,0,891
CUST_1398,14.4,17,0.847,1,264,369.56,848,0,0,848
CUST_1399,18.4,17,-0.165,2,31,183.98,891,0,0,891
CUST_1400,2.7,11,0.926,1,149,634.37,1339,0,0,1339
CUST_1401,2.8,2,-0.952,5,85,703.62,1746,1,1,16
CUST_1402,0.6,6,-0.387,0,57,342.24,239,0,0,239
CUST_1403,20.0,14,0.332,0,56,433.5,139,0,0,139
CUST_1404,16.4,3,0.782,0,24,765.12,359,0,0,359
CUST_1405,9.7,12,-0.487,6,189,451.63,171,0,1,2
CUST_1406,27.9,4,0.861,0,75,796.3,705,0,0,705
CUST_1407,24.6,12,0.188,1,338,156.6,116,0,0,116
CUST_1408,13.2,13,0.602,2,224,696.67,169,0,0,169
CUST_1409,30.4,2,-0.206,0,182,422.9,1385,0,1,49
CUST_1410,3.5,2,-0.576,2,153,67.04,703,1,1,21
CUST_1411,1.8,15,0.822,0,268,779.17,55,1,0,55
CUST_1412,4.7,17,0.866,2,277,773.79,675,0,0,675
CUST_1413,0.9,7,-0.005,1,339,337.45,1680,0,0,1680
CUST_1414,11.4,14,-0.987,2,362,765.61,1746,1,0,1746
CUST_1415,41.4,12,-0.78,1,22,155.76,940,0,1,58
CUST_1416,0.6,17,0.146,0,13,560.08,391,0,0,391
CUST_1417,2.0,14,-0.952,2,93,193.95,1712,0,0,1712
CUST_1418,9.0,6,-0.206,1,342,234.99,389,0,0,389
CUST_1419,40.7,19,-0.393,2,51,634.5,1268,0,1,74
CUST_1420,5.7,6,0.429,0,338,333.02,1025,1,0,1025
CUST_1421,10.6,18,-0.889,1,40,55.35,106,0,0,106
CUST_1422,0.6,5,-0.023,2,163,360.68,124,1,0,124
CUST_1423,2.4,6,0.158,2,5,221.05,986,0,0,986
CUST_1424,64.7,2,0.235,4,137,562.5,1026,0,1,48
CUST_1425,50.3,8,-0.19,0,98,195.84,247,0,1,72
CUST_1426,0.1,15,-0.391,4,340,681.69,397,0,0,397
CUST_1427,45.5,15,0.365,3,223,250.32,81,1,1,31
CUST_1428,15.3,11,0.695,1,315,344.77,1327,0,0,1327
CUST_1429,30.4,1,0.387,1,29,273.53,1497,0,1,47
CUST_1430,9.1,18,0.864,1,224,532.94,716,0,0,716
CUST_1431,10.9,12,0.435,5,325,125.87,854,0,0,854
CUST_1432,10.1,12,0.529,2,260,408.57,62,0,0,62
CUST_1433,16.5,11,-0.664,2,246,300.84,901,0,0,901
CUST_1434,2.3,8,-0.161,2,78,713.1,1469,0,0,1469
CUST_1435,0.5,7,-0.03,2,184,105.06,673,0,0,673
CUST_1436,5.5,2,-0.487,1,298,672.27,454,0,0,454
CUST_1437,18.3,11,0.057,2,179,175.76,816,0,1,47
CUST_1438,3.4,10,-0.418,5,76,116.43,1060,0,1,68
CUST_1439,16.8,3,0.375,0,261,201.74,524,0,0,524
CUST_1440,52.6,10,-0.059,2,228,126.99,768,0,1,75
CUST_1441,1.5,18,-0.082,1,1,440.74,796,0,0,796
CUST_1442,16.7,14,0.967,0,16,791.16,1801,0,0,1801
CUST_1443,8.8,18,-0.215,0,343,75.75,1407,0,0,1407
CUST_1444,30.4,8,-0.275,2,11,395.85,725,0,1,78
CUST_1445,2.9,10,-0.363,1,181,339.55,228,0,0,228
CUST_1446,17.7,13,0.789,1,333,304.7,744,0,0,744
CUST_1447,27.3,8,-0.007,2,6,298.9,464,1,1,81
CUST_1448,43.4,4,0.2,0,245,721.26,1189,0,1,42
CUST_1449,17.2,4,-0.638,0,156,64.23,317,1,1,18
CUST_1450,10.3,5,0.082,5,173,631.19,1711,0,1,78
CUST_1451,14.4,1,-0.451,1,328,239.7,748,1,1,38
CUST_1452,30.5,17,0.461,3,333,337.47,596,1,0,596
CUST_1453,12.7,2,0.665,2,180,365.11,840,0,0,840
CUST_1454,0.5,8,0.43,1,280,278.55,437,0,0,437
CUST_1455,40.1,7,0.46,0,308,120.17,946,0,1,17
CUST_1456,17.5,15,0.025,3,236,135.75,939,0,0,939
CUST_1457,16.9,5,0.424,2,156,273.6,1815,0,0,1815
CUST_1458,3.6,2,-0.155,2,250,666.36,746,0,0,746
CUST_1459,16.1,7,0.303,1,220,150.97,854,1,0,854
CUST_1460,7.5,8,-0.482,0,337,606.98,1757,0,0,1757
CUST_1461,15.8,7,-0.86,1,222,266.65,1389,0,1,71
CUST_1462,1.7,7,-0.173,3,210,712.6,1055,0,0,1055
CUST_1463,16.1,14,-0.076,0,336,371.25,214,0,0,214
CUST_1464,111.6,18,-0.487,3,133,178.79,703,0,1,44
CUST_1465,0.7,6,0.455,1,331,789.38,1614,0,0,1614
CUST_1466,56.7,4,-0.853,2,258,182.48,631,0,1,50
CUST_1467,7.8,10,-0.555,1,34,475.71,1491,0,0,1491
CUST_1468,30.7,18,0.497,1,182,476.96,792,0,0,792
CUST_1469,22.9,12,-0.126,4,302,329.61,51,0,0,51
CUST_1470,12.6,16,0.411,4,160,763.62,241,0,0,241
CUST_1471,20.1,7,0.135,2,92,682.91,506,0,1,81
CUST_1472,31.6,6,0.901,0,196,672.36,495,0,0,495
CUST_1473,7.8,5,0.196,0,314,780.61,1018,0,0,1018
CUST_1474,5.9,3,-0.97,0,205,392.83,1287,0,0,1287
CUST_1475,16.5,12,-0.294,0,351,122.89,201,0,0,201
CUST_1476,24.7,15,-0.714,1,17,624.09,1656,0,1,26
CUST_1477,21.6,10,0.849,0,233,335.61,704,1,0,704
CUST_1478,24.0,19,-0.792,4,332,192.76,826,0,1,74
CUST_1479,8.6,16,-0.225,0,65,412.44,1571,0,0,1571
CUST_1480,25.5,11,-0.548,3,243,744.29,273,0,1,39
CUST_1481,1.9,8,0.693,0,275,178.52,450,0,0,450
CUST_1482,11.8,3,-0.383,1,198,686.52,408,0,1,47
CUST_1483,0.1,7,0.984,4,17,363.65,1526,0,0,1526
CUST_1484,5.9,7,-0.923,3,71,152.6,370,0,1,48
CUST_1485,6.8,14,-0.743,2,154,686.29,983,0,0,983
CUST_1486,7.6,2,-0.551,1,169,777.22,700,0,1,33
CUST_1487,17.8,10,0.622,2,321,268.45,152,0,0,152
CUST_1488,7.4,19,0.757,0,354,277.65,901,1,0,901
CUST_1489,8.9,9,-0.857,2,281,342.91,463,0,0,463
CUST_1490,4.1,16,-0.935,0,150,660.6,217,1,0,217
CUST_1491,7.0,19,0.489,1,260,57.81,1067,0,0,1067
CUST_1492,3.9,18,-0.733,1,79,217.97,99,0,0,99
CUST_1493,1.1,9,-0.734,1,105,579.42,680,0,1,10
CUST_1494,13.9,16,-0.955,0,10,354.23,1464,1,0,1464
CUST_1495,16.5,13,-0.9,2,207,297.72,866,0,0,866
CUST_1496,14.5,10,-0.473,1,129,704.21,620,0,0,620
CUST_1497,9.3,14,-0.87,1,170,738.0,347,0,0,347
CUST_1498,7.2,12,-0.262,1,32,760.99,466,1,0,466
CUST_1499,29.9,19,0.666,2,23,254.41,1645,0,0,1645
CUST_1500,11.0,7,-0.347,0,196,734.38,1199,0,0,1199
CUST_1501,9.8,15,0.456,0,45,602.72,1790,1,0,1790
CUST_1502,0.4,16,-0.812,4,273,165.66,256,0,0,256
CUST_1503,6.3,8,0.319,1,230,507.7,1435,0,0,1435
CUST_1504,7.2,10,-0.367,0,132,69.75,209,0,0,209
CUST_1505,7.6,4,0.5,5,263,581.28,565,1,1,35
CUST_1506,13.0,19,-0.727,4,84,600.18,1152,0,0,1152
CUST_1507,11.4,19,0.796,2,312,642.0,1444,1,0,1444
CUST_1508,14.0,15,-0.515,0,4,179.39,299,1,1,24
CUST_1509,21.7,14,-0.294,1,268,521.19,975,0,0,975
CUST_1510,25.1,1,0.9,1,338,184.14,1147,0,0,1147
CUST_1511,19.0,16,0.157,0,220,759.99,1516,1,1,38
CUST_1512,46.7,10,-0.268,2,193,556.26,688,0,1,24
CUST_1513,0.3,19,0.899,2,345,121.49,314,0,0,314
CUST_1514,3.3,3,-0.342,1,68,190.27,1075,0,0,1075
CUST_1515,0.1,5,-0.81,0,287,547.6,31,0,0,31
CUST_1516,15.6,9,0.994,2,357,407.5,132,0,0,132
CUST_1517,34.2,18,-0.464,0,175,602.22,1089,0,0,1089
CUST_1518,4.2,11,0.703,2,324,260.59,303,0,0,303
CUST_1519,39.3,16,-0.669,0,238,543.44,1104,0,0,1104
CUST_1520,0.9,2,0.463,0,178,182.72,1196,0,1,17
CUST_1521,40.9,12,0.049,1,255,457.78,925,0,0,925
CUST_1522,6.5,6,0.962,1,210,768.35,1536,0,0,1536
CUST_1523,1.6,11,0.106,0,226,521.17,46,0,0,46
CUST_1524,10.0,8,-0.95,0,71,87.5,1642,0,1,2
CUST_1525,4.5,12,0.208,1,64,791.57,1331,0,0,1331
CUST_1526,5.0,2,-0.709,2,165,167.65,1688,0,1,9
CUST_1527,5.5,9,0.597,4,213,588.55,1491,0,0,1491
CUST_1528,24.4,15,0.713,0,16,449.4,465,0,0,465
CUST_1529,11.6,2,-0.036,2,335,270.77,1437,0,0,1437
CUST_1530,5.6,1,0.566,0,172,182.98,887,1,0,887
CUST_1531,14.1,10,-0.71,2,128,183.28,715,0,1,11
CUST_1532,18.9,2,-0.016,2,2,693.8,1185,0,1,21
CUST_1533,4.8,12,-0.212,1,247,704.68,292,1,0,292
CUST_1534,8.0,8,0.223,2,69,398.86,423,0,0,423
CUST_1535,1.9,5,-0.911,0,51,127.72,237,0,0,237
CUST_1536,3.0,1,0.504,1,258,713.12,837,0,0,837
CUST_1537,17.1,15,-0.842,3,238,415.26,1279,0,1,89
CUST_1538,3.0,6,0.313,0,93,379.07,1754,0,0,1754
CUST_1539,11.2,12,-0.963,1,46,355.52,494,0,0,494
CUST_1540,18.5,8,0.664,5,74,323.76,387,0,1,61
CUST_1541,1.7,13,-0.651,2,90,444.5,1197,0,0,1197
CUST_1542,12.6,19,0.031,2,85,503.41,383,0,0,383
CUST_1543,4.4,1,-0.477,2,5,399.82,1304,0,1,60
CUST_1544,49.4,11,0.445,1,229,722.49,405,1,1,18
CUST_1545,9.9,1,-0.357,5,350,288.25,1018,0,1,62
CUST_1546,24.6,8,0.449,4,316,483.73,1298,0,1,45
CUST_1547,12.0,5,-0.43,1,42,274.97,47,0,1,61
CUST_1548,0.7,17,0.505,2,311,615.01,1768,1,0,1768
CUST_1549,15.0,8,-0.939,0,197,126.59,745,0,0,745
CUST_1550,45.4,10,-0.433,2,302,191.52,514,0,1,22
CUST_1551,13.8,2,-0.003,1,181,650.9,1055,1,0,1055
CUST_1552,25.7,9,-0.91,0,168,187.4,979,0,1,87
CUST_1553,32.3,3,-0.628,4,202,519.31,405,0,1,51
CUST_1554,3.9,18,0.869,3,193,777.68,943,1,0,943
CUST_1555,3.6,7,0.954,2,30,442.17,595,0,0,595
CUST_1556,14.2,15,0.479,3,101,190.55,1219,0,0,1219
CUST_1557,7.9,18,-0.496,1,63,290.52,894,1,0,894
CUST_1558,27.5,3,-0.479,2,345,667.59,1382,0,1,20
CUST_1559,34.5,14,0.292,2,90,313.75,1708,0,1,43
CUST_1560,6.5,2,-0.765,4,249,592.63,1501,0,1,80
CUST_1561,4.1,14,0.897,4,182,633.01,1145,1,0,1145
CUST_1562,22.7,11,-0.55,1,301,425.89,1573,0,0,1573
CUST_1563,4.8,16,0.999,1,350,637.41,1305,0,0,1305
CUST_1564,25.9,8,-0.009,4,279,287.68,641,0,1,79
CUST_1565,8.3,7,0.543,2,204,437.12,1092,0,0,1092
CUST_1566,16.5,11,-0.996,0,88,564.92,465,0,0,465
CUST_1567,1.5,3,0.777,1,292,176.05,677,0,0,677
CUST_1568,14.7,17,-0.46,4,284,255.22,391,0,0,391
CUST_1569,9.0,14,0.336,2,158,539.03,591,0,0,591
CUST_1570,13.3,6,0.613,2,362,541.52,112,0,0,112
CUST_1571,2.8,8,-0.672,2,129,419.98,1819,1,1,33
CUST_1572,20.0,5,-0.115,0,247,646.69,1761,0,0,1761
CUST_1573,29.8,8,-0.012,4,139,411.54,1080,0,1,25
CUST_1574,3.7,2,-0.376,1,188,710.99,1642,0,0,1642
CUST_1575,1.5,15,-0.036,0,90,601.93,1820,0,0,1820
CUST_1576,0.4,12,-0.365,0,55,286.02,50,1,0,50
CUST_1577,15.4,17,-0.279,0,225,346.44,1271,0,0,1271
CUST_1578,14.0,1,0.339,2,333,550.77,1098,0,1,68
CUST_1579,11.9,15,0.265,1,326,720.84,983,0,0,983
CUST_1580,4.0,14,-0.535,3,164,184.03,1460,0,0,1460
CUST_1581,7.4,16,0.795,2,35,436.0,723,0,0,723
CUST_1582,13.5,9,0.726,0,329,139.09,827,1,0,827
CUST_1583,10.3,1,0.018,2,28,259.59,508,0,1,32
CUST_1584,66.1,17,-0.133,0,79,564.49,892,0,1,66
CUST_1585,2.2,13,-0.246,1,357,108.3,685,0,0,685
CUST_1586,17.8,5,0.415,0,168,546.77,1617,0,0,1617
CUST_1587,7.8,10,0.343,3,32,725.61,792,0,0,792
CUST_1588,8.4,6,-0.608,1,92,777.03,647,1,1,77
CUST_1589,19.0,19,0.343,4,111,212.47,740,0,0,740
CUST_1590,17.7,13,-0.495,1,208,611.67,366,0,0,366
CUST_1591,71.1,1,-0.963,0,193,744.78,1201,0,1,38
CUST_1592,2.1,15,0.398,2,263,118.53,1668,0,0,1668
CUST_1593,1.6,14,0.29,3,246,360.52,1464,0,0,1464
CUST_1594,19.3,8,-0.178,0,117,739.56,1567,0,1,54
CUST_1595,13.0,10,0.051,2,227,202.09,797,1,0,797
CUST_1596,4.8,9,0.894,3,8,750.32,1625,0,0,1625
CUST_1597,1.2,17,0.19,0,198,445.39,848,0,0,848
CUST_1598,1.3,9,0.316,2,276,124.92,414,0,0,414
CUST_1599,33.7,3,-0.872,1,128,387.41,1535,1,1,75
CUST_1600,3.2,11,-0.668,3,301,294.7,1656,0,0,1656
CUST_1601,5.9,12,-0.398,1,61,261.65,1154,0,0,1154
CUST_1602,3.9,10,0.079,1,1,456.11,1167,0,0,1167
CUST_1603,6.6,17,0.553,0,359,412.69,1050,1,0,1050
CUST_1604,1.1,17,-0.358,2,330,411.48,1315,0,0,1315
CUST_1605,11.0,11,-0.287,0,356,116.11,1475,0,0,1475
CUST_1606,1.1,4,-0.488,2,171,651.74,1107,0,1,26
CUST_1607,24.2,7,-0.491,1,244,411.08,1241,0,0,1241
CUST_1608,4.0,14,0.898,3,87,665.68,1592,0,0,1592
CUST_1609,11.6,7,0.271,0,82,668.45,1805,1,1,56
CUST_1610,31.8,8,-0.688,0,4,287.85,621,1,1,76
CUST_1611,15.8,1,0.444,1,348,53.26,1243,0,0,1243
CUST_1612,11.4,4,0.444,1,38,733.43,860,0,0,860
CUST_1613,5.9,12,0.333,1,321,620.52,1656,0,0,1656
CUST_1614,6.1,3,-0.731,0,300,130.44,1600,1,0,1600
CUST_1615,16.6,13,-0.184,1,74,576.3,1111,0,0,1111
CUST_1616,77.1,6,-0.786,2,100,65.02,532,0,1,59
CUST_1617,16.3,11,0.633,1,140,70.82,218,0,0,218
CUST_1618,12.2,4,0.31,2,92,444.37,1818,0,1,72
CUST_1619,19.7,16,0.014,1,118,122.03,1601,0,0,1601
CUST_1620,9.4,7,-0.314,0,287,773.25,899,0,0,899
CUST_1621,0.9,11,-0.632,0,108,720.37,1657,1,0,1657
CUST_1622,12.4,1,-0.787,3,42,537.36,1621,0,1,47
CUST_1623,47.4,7,0.938,0,135,97.78,608,0,1,76
CUST_1624,2.9,12,-0.601,4,329,293.63,1366,0,0,1366
CUST_1625,17.6,7,-0.88,0,216,328.79,1222,0,0,1222
CUST_1626,3.4,7,0.923,0,155,410.66,828,0,0,828
CUST_1627,11.5,10,0.098,4,38,176.68,160,0,0,160
CUST_1628,1.5,16,0.593,3,281,483.13,707,0,0,707
CUST_1629,9.0,8,-0.912,3,327,376.83,978,0,1,83
CUST_1630,21.2,9,0.134,0,357,760.47,1617,0,0,1617
CUST_1631,6.4,9,-0.204,1,25,752.15,181,0,0,181
CUST_1632,16.4,2,0.544,1,31,474.11,951,0,0,951
CUST_1633,23.8,13,-0.923,2,45,533.26,1158,1,1,33
CUST_1634,39.3,13,-0.197,0,155,153.35,1420,0,0,1420
CUST_1635,4.0,4,0.598,2,243,217.49,1145,0,0,1145
CUST_1636,7.6,12,0.045,0,34,725.54,742,0,1,16
CUST_1637,2.5,17,0.1,2,277,574.37,834,0,0,834
CUST_1638,73.4,2,-0.806,2,241,192.07,1784,0,1,19
CUST_1639,39.3,13,-0.735,1,258,477.66,461,0,1,64
CUST_1640,11.6,18,0.354,0,45,751.07,1632,0,0,1632
CUST_1641,27.7,15,0.35,0,236,308.88,1734,0,0,1734
CUST_1642,11.0,8,0.958,2,7,189.37,1358,1,0,1358
CUST_1643,14.7,15,0.424,0,259,756.52,57,0,0,57
CUST_1644,1.4,1,-0.014,0,270,395.95,1341,0,0,1341
CUST_1645,21.1,10,0.715,1,43,362.93,384,0,0,384
CUST_1646,2.0,12,-0.791,1,237,250.68,1597,0,0,1597
CUST_1647,26.2,5,-0.101,1,166,718.69,707,1,1,86
CUST_1648,22.9,9,-0.426,1,75,684.21,1457,0,0,1457
CUST_1649,18.5,8,-0.791,3,156,352.24,165,0,1,77
CUST_1650,0.6,16,0.527,1,200,72.96,1121,0,0,1121
CUST_1651,5.4,14,0.022,0,233,384.99,183,0,0,183
CUST_1652,4.6,13,0.114,3,231,185.64,1516,1,0,1516
CUST_1653,6.7,13,-0.177,1,211,157.05,355,0,0,355
CUST_1654,1.4,5,-0.079,1,153,344.82,845,1,1,55
CUST_1655,41.5,16,-0.768,2,212,124.31,1149,1,1,22
CUST_1656,12.1,11,0.346,2,86,768.1,1250,0,0,1250
CUST_1657,5.5,5,-0.135,2,17,85.65,137,0,1,50
CUST_1658,7.6,13,0.634,0,190,351.03,1099,0,0,1099
CUST_1659,8.9,11,-0.607,0,307,172.03,1239,0,0,1239
CUST_1660,13.8,19,-0.59,2,53,566.61,483,0,0,483
CUST_1661,10.9,3,0.292,0,215,109.11,352,0,0,352
CUST_1662,37.8,15,0.692,1,41,460.1,314,1,1,10
CUST_1663,10.3,7,-0.056,1,348,629.83,1136,0,0,1136
CUST_1664,72.7,7,0.454,3,229,762.54,679,0,1,49
CUST_1665,28.6,6,0.999,1,229,573.9,1380,1,1,41
CUST_1666,3.5,3,0.981,0,181,124.62,778,0,0,778
CUST_1667,40.0,13,0.489,3,140,116.39,478,0,1,23
CUST_1668,1.9,7,0.479,1,287,598.7,350,0,0,350
CUST_1669,25.5,5,-0.505,0,338,211.5,1198,0,0,1198
CUST_1670,7.2,18,0.667,2,336,385.43,307,0,0,307
CUST_1671,31.6,8,-0.19,1,321,782.47,641,0,1,24
CUST_1672,30.4,17,0.924,0,81,664.93,1067,0,0,1067
CUST_1673,24.6,1,-0.837,1,166,684.95,1315,0,1,9
CUST_1674,23.4,14,-0.128,3,333,695.58,443,0,0,443
CUST_1675,5.5,17,0.112,1,53,514.66,523,0,0,523
CUST_1676,1.3,10,-0.19,3,72,607.95,76,0,0,76
CUST_1677,7.7,12,-0.579,0,212,319.22,1790,1,0,1790
CUST_1678,2.9,16,0.186,0,170,798.83,685,0,0,685
CUST_1679,17.8,14,0.512,2,269,259.72,1249,0,0,1249
CUST_1680,6.4,16,0.29,0,218,492.51,1343,0,0,1343
CUST_1681,55.7,8,-0.531,2,135,261.55,798,0,1,83
CUST_1682,15.4,10,0.463,1,34,134.05,461,0,0,461
CUST_1683,25.9,17,-0.486,1,145,475.69,1573,1,1,56
CUST_1684,2.1,18,-0.65,2,182,315.01,1377,0,0,1377
CUST_1685,29.7,16,0.381,1,77,487.41,985,0,1,5
CUST_1686,38.4,17,0.686,2,307,469.01,1482,0,0,1482
CUST_1687,10.0,16,-0.037,0,252,456.69,1346,1,0,1346
CUST_1688,14.0,19,0.063,1,327,142.48,406,0,0,406
CUST_1689,21.7,8,-0.395,1,235,380.14,1588,0,0,1588
CUST_1690,2.9,6,-0.011,3,321,659.0,1137,0,0,1137
CUST_1691,10.5,6,-0.736,0,336,286.36,1820,0,0,1820
CUST_1692,7.6,9,0.912,1,76,382.87,1426,0,0,1426
CUST_1693,2.4,4,0.601,2,72,420.37,1077,0,0,1077
CUST_1694,6.9,12,0.336,1,26,697.05,938,0,0,938
CUST_1695,1.1,12,0.076,0,37,541.7,354,0,0,354
CUST_1696,0.4,17,0.584,3,253,125.15,345,0,0,345
CUST_1697,2.2,15,-0.01,1,85,698.88,1603,0,0,1603
CUST_1698,49.5,9,-0.4,2,356,674.05,250,0,1,15
CUST_1699,12.0,7,-0.679,3,358,615.23,243,0,0,243
CUST_1700,50.6,10,0.295,0,30,399.54,1525,1,1,13
CUST_1701,8.5,16,0.859,0,204,618.16,874,0,0,874
CUST_1702,5.6,12,-0.693,0,192,409.06,1544,0,0,1544
CUST_1703,10.6,7,-0.64,4,229,602.47,1138,0,1,8
CUST_1704,8.7,18,-0.133,3,180,710.08,414,0,0,414
CUST_1705,1.7,15,0.614,2,244,717.91,1057,0,0,1057
CUST_1706,15.4,6,-0.412,0,39,390.93,1760,0,0,1760
CUST_1707,3.7,12,-0.492,2,328,694.51,1167,1,0,1167
CUST_1708,14.5,11,0.24,1,156,126.09,1268,0,0,1268
CUST_1709,15.8,3,0.071,2,167,126.36,1389,0,1,52
CUST_1710,2.5,2,-0.88,1,157,461.2,906,0,1,7
CUST_1711,0.9,6,-0.837,2,129,538.88,682,0,0,682
CUST_1712,22.8,5,0.286,2,81,164.75,1220,0,1,83
CUST_1713,9.2,18,-0.07,1,155,404.14,316,1,0,316
CUST_1714,0.9,16,0.942,0,174,120.77,1548,0,0,1548
CUST_1715,79.1,8,0.357,3,287,501.57,413,1,1,66
CUST_1716,0.9,11,-0.98,3,87,691.32,1047,0,0,1047
CUST_1717,17.8,10,-0.038,3,101,603.23,876,0,1,13
CUST_1718,61.7,12,-0.171,1,247,333.72,546,1,1,28
CUST_1719,4.1,6,-0.787,3,205,795.35,156,0,0,156
CUST_1720,2.3,5,0.846,4,88,547.2,1486,1,1,3
CUST_1721,1.9,9,0.61,0,344,661.44,1139,1,0,1139
CUST_1722,5.4,16,-0.54,2,287,552.27,1651,1,0,1651
CUST_1723,1.6,14,-0.488,1,309,792.06,1589,0,0,1589
CUST_1724,17.7,8,-0.936,4,95,666.02,1098,1,1,3
CUST_1725,1.0,19,-0.407,2,158,439.57,652,0,0,652
CUST_1726,10.7,14,0.169,0,113,325.16,319,0,0,319
CUST_1727,85.7,7,-0.158,3,23,561.62,726,0,1,29
CUST_1728,25.2,5,0.939,0,162,492.67,1288,0,1,40
CUST_1729,14.3,18,-0.888,1,285,522.01,186,0,0,186
CUST_1730,5.5,2,0.183,3,352,307.26,435,0,0,435
CUST_1731,14.7,11,0.717,0,54,371.55,1726,0,0,1726
CUST_1732,11.2,8,-0.039,3,63,468.57,1558,0,0,1558
CUST_1733,8.3,1,-0.994,2,32,679.46,1765,0,1,47
CUST_1734,2.1,12,-0.514,1,45,622.18,1175,0,0,1175
CUST_1735,32.7,2,-0.352,2,218,138.99,1277,0,1,89
CUST_1736,9.0,18,0.932,3,288,234.17,906,0,0,906
CUST_1737,3.2,7,0.824,0,195,69.99,1076,0,0,1076
CUST_1738,6.9,17,0.898,3,252,55.97,226,0,0,226
CUST_1739,8.0,14,0.652,4,285,218.28,508,0,0,508
CUST_1740,26.4,7,-0.297,1,235,649.49,314,0,1,19
CUST_1741,19.8,3,0.812,0,78,728.56,1571,0,0,1571
CUST_1742,22.0,6,0.963,1,91,343.83,337,1,0,337
CUST_1743,0.2,2,-0.3,2,95,472.4,374,0,0,374
CUST_1744,8.1,17,-0.479,3,227,579.54,1654,0,0,1654
CUST_1745,9.8,12,0.094,2,285,764.7,1050,0,0,1050
CUST_1746,0.3,12,-0.626,2,361,734.7,1020,0,0,1020
CUST_1747,4.5,17,-0.935,2,234,92.89,427,1,0,427
CUST_1748,21.4,10,0.892,0,101,236.12,814,1,1,87
CUST_1749,2.2,3,0.851,0,251,86.86,1517,1,0,1517
CUST_1750,11.5,18,-0.675,1,139,512.41,825,0,0,825
CUST_1751,3.6,13,-0.185,0,322,582.87,1168,0,0,1168
CUST_1752,0.2,12,0.662,2,142,281.21,665,0,0,665
CUST_1753,4.1,17,0.322,2,239,690.39,479,0,0,479
CUST_1754,55.9,4,-0.21,4,265,389.61,801,1,1,89
CUST_1755,24.3,10,0.488,3,341,798.79,1457,0,0,1457
CUST_1756,48.1,11,0.794,4,60,50.3,710,0,1,21
CUST_1757,10.0,6,0.852,0,22,132.12,577,1,0,577
CUST_1758,1.7,6,-0.242,1,10,276.34,258,1,1,52
CUST_1759,11.9,9,-0.653,3,15,69.13,1699,1,1,75
CUST_1760,9.1,15,0.826,2,48,636.75,273,0,0,273
CUST_1761,27.9,2,-0.815,0,335,89.58,94,1,1,81
CUST_1762,1.5,4,0.443,1,169,611.73,1290,0,0,1290
CUST_1763,10.0,5,-0.719,1,118,89.43,975,0,0,975
CUST_1764,2.4,17,-0.221,0,41,239.55,1056,0,0,1056
CUST_1765,5.9,8,-0.177,2,9,680.96,1553,1,1,62
CUST_1766,20.1,8,-0.682,2,48,763.32,1090,0,1,34
CUST_1767,9.7,12,0.845,0,264,360.89,1674,0,0,1674
CUST_1768,7.1,8,-0.995,0,206,777.45,1031,0,0,1031
CUST_1769,7.5,19,0.788,1,166,520.16,1303,0,0,1303
CUST_1770,9.2,3,0.768,0,1,361.88,32,0,0,32
CUST_1771,23.1,18,-0.366,1,67,652.1,1288,0,1,18
CUST_1772,33.4,19,0.409,2,307,271.5,1470,1,0,1470
CUST_1773,46.6,19,-0.494,1,209,249.35,984,0,0,984
CUST_1774,23.2,15,0.518,2,138,542.41,1304,0,0,1304
CUST_1775,5.7,6,0.122,2,36,342.87,172,0,1,26
CUST_1776,17.5,16,-0.4,1,217,151.94,1813,0,0,1813
CUST_1777,8.6,8,-0.2,1,277,100.22,1109,0,0,1109
CUST_1778,4.4,16,0.38,2,179,640.88,90,0,0,90
CUST_1779,27.6,18,0.812,1,4,556.93,97,0,0,97
CUST_1780,0.6,16,-0.739,2,129,358.85,108,0,0,108
CUST_1781,34.8,11,0.143,2,132,722.17,1380,0,1,72
CUST_1782,9.3,7,-0.493,1,98,358.14,396,1,1,39
CUST_1783,15.2,17,0.603,2,159,582.72,1761,1,0,1761
CUST_1784,16.2,17,-0.86,1,235,731.84,987,1,1,31
CUST_1785,33.8,12,0.378,3,146,680.54,1760,0,1,83
CUST_1786,15.2,13,-0.65,1,358,433.33,1588,0,0,1588
CUST_1787,14.3,10,0.193,0,114,560.48,555,0,0,555
CUST_1788,1.0,7,0.671,3,3,360.25,419,0,1,21
CUST_1789,11.0,14,0.51,1,86,535.4,1342,0,0,1342
CUST_1790,2.4,1,0.506,2,45,243.16,550,0,1,54
CUST_1791,20.1,17,0.036,2,82,376.06,1705,0,1,36
CUST_1792,10.8,4,0.781,2,153,207.16,1807,0,0,1807
CUST_1793,17.1,5,0.176,1,305,78.64,282,1,0,282
CUST_1794,0.6,7,0.835,3,281,491.4,1792,0,0,1792
CUST_1795,1.3,10,0.093,0,326,698.32,1148,0,0,1148
CUST_1796,18.9,17,0.012,1,287,69.18,1744,0,0,1744
CUST_1797,1.1,7,-0.555,1,110,197.02,32,0,0,32
CUST_1798,1.1,1,0.09,3,116,395.14,725,0,1,50
CUST_1799,0.2,7,-0.719,1,96,549.42,75,0,0,75
CUST_1800,47.0,11,0.739,1,281,178.42,682,0,1,1
CUST_1801,20.1,9,0.352,3,188,92.52,554,0,1,21
CUST_1802,6.5,12,0.987,2,87,439.29,1751,0,0,1751
CUST_1803,5.3,3,-0.816,3,306,664.03,1535,1,1,19
CUST_1804,6.5,4,-0.519,1,86,76.43,1650,0,0,1650
CUST_1805,22.4,4,0.754,1,25,312.03,447,1,1,50
CUST_1806,16.2,13,-0.209,0,30,547.64,1031,0,0,1031
CUST_1807,3.1,19,-0.067,1,125,148.06,1096,1,0,1096
CUST_1808,2.9,10,0.721,2,197,226.96,925,0,0,925
CUST_1809,1.6,5,0.044,1,300,451.62,1721,0,0,1721
CUST_1810,16.2,7,-0.613,3,30,764.92,725,0,1,32
CUST_1811,21.7,16,0.784,1,316,265.51,588,0,0,588
CUST_1812,4.6,1,-0.938,1,231,415.65,960,0,1,30
CUST_1813,0.3,12,0.791,1,44,349.95,1259,0,0,1259
CUST_1814,1.3,2,-0.899,1,315,723.05,1775,0,0,1775
CUST_1815,51.6,7,0.332,0,188,103.92,1328,0,1,29
CUST_1816,5.3,11,-0.857,3,51,474.61,624,0,0,624
CUST_1817,22.0,13,0.412,0,51,684.59,1150,1,0,1150
CUST_1818,14.7,2,-0.932,1,331,791.09,1232,1,1,79
CUST_1819,7.2,7,0.685,3,317,574.04,896,0,0,896
CUST_1820,3.5,15,-0.068,2,322,334.95,1201,0,0,1201
CUST_1821,1.9,11,-0.813,0,78,358.87,413,0,0,413
CUST_1822,14.3,2,0.414,1,48,313.76,1125,0,1,53
CUST_1823,22.4,7,-0.021,0,229,502.71,246,0,0,246
CUST_1824,15.5,4,-0.618,3,343,604.55,1774,1,0,1774
CUST_1825,11.3,11,-0.969,2,43,664.6,862,0,0,862
CUST_1826,0.6,2,-0.164,3,291,362.44,835,0,1,86
CUST_1827,51.9,16,-0.829,2,246,587.53,1486,0,1,38
CUST_1828,24.0,7,-0.812,3,218,737.17,1689,0,0,1689
CUST_1829,5.2,13,-0.465,1,21,740.62,1554,1,0,1554
CUST_1830,58.7,5,0.261,0,129,578.02,1721,0,1,67
CUST_1831,13.8,17,0.06,2,6,527.68,1086,1,1,53
CUST_1832,13.1,12,-0.862,3,271,448.64,810,0,1,78
CUST_1833,20.7,19,0.937,3,349,187.4,245,0,0,245
CUST_1834,25.1,7,0.774,1,43,142.72,130,0,0,130
CUST_1835,16.0,6,-0.482,1,239,414.28,499,0,0,499
CUST_1836,2.1,8,-0.755,1,64,169.58,209,0,0,209
CUST_1837,6.2,13,0.885,0,245,482.75,668,1,0,668
CUST_1838,39.5,5,-0.078,2,72,534.28,1386,0,1,89
CUST_1839,3.8,2,-0.378,2,70,444.21,1541,0,0,1541
CUST_1840,7.0,9,-0.019,3,196,77.32,1513,0,0,1513
CUST_1841,8.5,11,0.545,1,188,93.3,406,0,0,406
CUST_1842,8.7,6,-0.663,1,157,135.01,710,0,1,7
CUST_1843,14.2,7,0.535,0,329,165.23,846,0,0,846
CUST_1844,43.0,7,0.499,3,24,792.41,1188,0,1,14
CUST_1845,4.1,19,0.079,0,337,308.37,1658,0,0,1658
CUST_1846,1.9,6,0.732,2,70,268.98,1786,0,0,1786
CUST_1847,3.3,11,-0.736,1,312,89.2,1463,0,0,1463
CUST_1848,32.7,11,0.191,1,222,526.49,1208,1,1,87
CUST_1849,15.6,7,-0.101,0,159,539.14,309,0,0,309
CUST_1850,5.1,2,-0.155,0,305,181.59,1532,0,0,1532
CUST_1851,25.4,19,-0.495,1,74,739.43,1252,0,0,1252
CUST_1852,29.6,4,-0.255,1,137,650.37,878,0,1,8
CUST_1853,28.1,6,-0.784,0,40,222.74,782,1,1,77
CUST_1854,37.7,17,-0.497,0,302,414.39,1470,0,0,1470
CUST_1855,4.4,5,-0.456,3,333,393.79,1151,0,1,37
CUST_1856,21.1,7,0.441,0,308,311.39,279,1,0,279
CUST_1857,9.3,9,-0.903,0,15,663.23,943,1,1,16
CUST_1858,27.7,1,0.302,3,188,131.95,1158,1,1,89
CUST_1859,19.6,1,-0.557,1,27,361.49,802,1,1,83
CUST_1860,22.5,19,-0.836,0,162,371.02,670,0,0,670
CUST_1861,16.0,6,-0.398,2,316,401.54,356,1,1,67
CUST_1862,2.9,18,-0.551,3,54,696.01,919,1,1,71
CUST_1863,11.8,10,0.104,2,273,213.63,1535,0,0,1535
CUST_1864,62.7,11,-0.285,1,304,127.19,800,0,1,69
CUST_1865,41.6,1,0.932,1,101,513.36,406,0,1,85
CUST_1866,0.7,1,0.927,2,41,180.38,1705,0,0,1705
CUST_1867,2.7,13,-0.113,1,262,106.2,1068,0,0,1068
CUST_1868,2.1,5,0.59,1,170,369.99,725,1,0,725
CUST_1869,19.4,1,-0.973,0,207,214.73,510,0,1,29
CUST_1870,25.5,3,0.096,1,314,320.91,1069,0,1,24
CUST_1871,3.6,18,0.487,0,48,244.78,1786,0,0,1786
CUST_1872,10.6,9,-0.566,0,59,119.48,604,0,0,604
CUST_1873,27.6,14,-0.878,1,5,470.26,1806,0,1,27
CUST_1874,19.8,17,-0.688,3,147,70.26,514,0,0,514
CUST_1875,11.7,14,-0.116,1,286,774.78,1332,0,0,1332
CUST_1876,13.4,4,0.013,1,210,306.0,1386,1,0,1386
CUST_1877,10.7,5,-0.238,2,149,571.37,969,1,1,32
CUST_1878,5.3,17,-0.12,1,84,657.77,286,0,0,286
CUST_1879,12.5,2,-0.06,2,159,259.33,1238,0,0,1238
CUST_1880,17.5,5,0.539,3,46,611.55,1641,0,1,42
CUST_1881,31.0,4,-0.79,2,161,674.32,56,0,1,83
CUST_1882,15.2,4,0.538,0,154,230.99,1078,0,0,1078
CUST_1883,21.5,6,0.377,1,229,794.37,1115,0,0,1115
CUST_1884,2.6,13,0.483,0,299,65.52,1711,0,0,1711
CUST_1885,9.3,5,0.469,2,157,212.75,262,0,0,262
CUST_1886,0.1,7,-0.059,0,160,635.02,1517,0,0,1517
CUST_1887,4.2,1,-0.577,3,246,195.6,378,0,1,28
CUST_1888,19.4,14,0.073,2,55,573.69,1339,0,1,4
CUST_1889,72.1,4,0.916,0,150,691.65,443,0,1,53
CUST_1890,1.6,17,0.177,1,298,769.41,1649,0,0,1649
CUST_1891,7.7,14,-0.978,1,53,405.69,1740,0,0,1740
CUST_1892,24.1,16,-0.881,1,222,778.33,435,0,0,435
CUST_1893,3.4,14,0.986,0,253,358.72,1434,0,0,1434
CUST_1894,12.1,16,-0.856,3,67,213.6,1223,1,0,1223
CUST_1895,19.8,8,-0.908,2,52,435.44,1343,0,1,88
CUST_1896,14.4,3,-0.294,3,244,537.37,988,0,0,988
CUST_1897,3.1,19,0.939,1,39,393.47,545,0,0,545
CUST_1898,6.6,1,-0.363,0,341,475.23,1039,1,0,1039
CUST_1899,23.0,2,-0.18,1,350,362.31,316,0,0,316
CUST_1900,12.1,15,0.268,1,137,443.57,336,0,0,336
CUST_1901,0.1,10,-0.952,2,265,764.45,591,1,0,591
CUST_1902,21.5,18,0.796,3,137,424.87,811,0,0,811
CUST_1903,0.5,14,0.039,0,291,239.88,1061,1,0,1061
CUST_1904,20.5,17,-0.066,1,209,619.06,386,0,0,386
CUST_1905,3.4,13,0.721,2,171,303.19,610,0,0,610
CUST_1906,47.6,1,0.906,2,184,662.16,168,1,1,20
CUST_1907,6.9,5,-0.153,2,298,92.63,1564,0,0,1564
CUST_1908,5.9,13,-0.655,2,239,299.13,1301,0,0,1301
CUST_1909,2.4,14,0.631,1,210,120.77,1594,0,0,1594
CUST_1910,5.5,3,-0.193,2,362,113.99,1236,0,0,1236
CUST_1911,31.4,15,0.871,4,150,543.79,1778,0,0,1778
CUST_1912,84.1,19,0.9,1,123,339.0,452,0,1,14
CUST_1913,6.9,17,-0.77,2,48,703.61,426,0,0,426
CUST_1914,8.9,3,0.913,2,123,437.3,861,0,0,861
CUST_1915,19.2,16,-0.263,1,67,271.51,334,0,0,334
CUST_1916,32.6,14,0.293,0,357,590.67,1072,1,0,1072
CUST_1917,13.5,12,-0.93,2,230,518.01,1436,1,0,1436
CUST_1918,7.5,12,0.778,0,345,649.7,255,0,0,255
CUST_1919,8.0,11,0.283,1,8,532.69,1283,0,0,1283
CUST_1920,17.8,17,0.287,3,265,175.26,880,1,0,880
CUST_1921,0.0,8,0.804,2,124,552.73,1661,1,0,1661
CUST_1922,14.5,17,0.017,1,320,343.66,524,0,0,524
CUST_1923,6.6,11,-0.179,4,111,397.36,1537,0,0,1537
CUST_1924,23.7,2,0.732,1,327,741.17,656,0,0,656
CUST_1925,1.5,10,0.485,1,329,319.97,1412,0,0,1412
CUST_1926,13.3,10,0.898,3,53,508.97,1745,0,1,27
CUST_1927,9.8,11,0.88,1,88,322.61,1426,0,0,1426
CUST_1928,15.4,6,-0.235,1,94,121.05,1131,0,1,32
CUST_1929,1.0,4,-0.106,2,358,390.14,356,1,0,356
CUST_1930,13.0,12,-0.488,1,249,497.8,1329,0,0,1329
CUST_1931,12.4,11,0.321,1,316,355.63,1405,0,0,1405
CUST_1932,12.3,13,-0.271,0,165,343.0,1235,0,0,1235
CUST_1933,13.9,5,0.572,6,226,665.28,534,0,1,21
CUST_1934,16.9,6,-0.757,1,135,72.26,636,0,1,56
CUST_1935,24.5,1,-0.767,1,64,271.69,1651,0,1,84
CUST_1936,4.7,6,-0.591,1,4,658.82,1442,0,0,1442
CUST_1937,26.1,18,-0.831,2,119,740.4,636,0,1,59
CUST_1938,10.3,9,0.24,0,218,359.22,1388,0,0,1388
CUST_1939,1.2,15,-0.705,1,364,716.6,1033,0,0,1033
CUST_1940,0.9,8,-0.68,2,42,199.2,1499,0,0,1499
CUST_1941,6.1,19,-0.972,1,187,216.07,538,0,0,538
CUST_1942,23.0,16,0.564,2,25,684.64,686,0,1,18
CUST_1943,18.4,6,0.625,0,266,727.44,1301,0,0,1301
CUST_1944,23.3,6,-0.676,2,161,217.1,1746,0,1,29
CUST_1945,10.9,3,0.479,0,232,94.49,1346,0,0,1346
CUST_1946,8.7,10,-0.133,1,129,117.74,560,0,0,560
CUST_1947,2.4,1,-0.521,2,20,246.04,1191,0,1,76
CUST_1948,6.0,14,0.243,3,127,621.09,1609,0,0,1609
CUST_1949,8.5,4,-0.643,2,75,432.49,1791,1,1,61
CUST_1950,1.4,12,0.514,2,72,391.69,1398,0,0,1398
CUST_1951,3.7,6,-0.905,3,232,488.1,66,0,0,66
CUST_1952,13.7,11,0.918,6,342,717.67,343,0,0,343
CUST_1953,20.0,12,-0.856,1,105,117.82,249,0,1,62
CUST_1954,96.1,10,0.159,2,8,571.04,669,0,1,85
CUST_1955,40.6,18,0.804,2,118,745.09,1196,0,0,1196
CUST_1956,15.4,7,-0.976,1,49,210.01,1457,0,1,60
CUST_1957,8.2,7,-0.003,0,9,678.33,1748,0,0,1748
CUST_1958,15.2,11,-0.3,2,112,573.52,433,0,1,28
CUST_1959,23.1,4,0.161,3,265,60.85,1608,0,1,64
CUST_1960,1.9,1,-0.549,2,77,223.71,508,0,1,72
CUST_1961,7.9,13,-0.87,1,35,504.38,751,0,0,751
CUST_1962,27.5,18,0.252,2,201,426.8,966,0,0,966
CUST_1963,7.3,9,-0.166,3,311,445.95,1613,0,0,1613
CUST_1964,12.7,9,0.245,0,117,223.95,853,1,0,853
CUST_1965,13.3,9,-0.579,2,189,556.25,249,0,0,249
CUST_1966,3.1,10,-0.323,4,241,249.81,396,0,0,396
CUST_1967,6.7,2,0.123,0,292,342.08,1249,0,0,1249
CUST_1968,6.1,6,0.186,0,168,326.69,1013,1,0,1013
CUST_1969,0.4,15,-0.255,1,229,554.02,713,0,0,713
CUST_1970,0.4,3,-0.44,1,47,117.69,1802,0,0,1802
CUST_1971,26.7,11,-0.453,1,149,204.16,998,0,1,82
CUST_1972,4.8,6,-0.651,2,342,200.37,1740,0,0,1740
CUST_1973,10.9,3,-0.349,3,207,131.32,1085,0,1,84
CUST_1974,5.3,11,-0.601,2,60,205.7,1048,0,0,1048
CUST_1975,42.4,15,0.268,1,330,505.3,1789,0,0,1789
CUST_1976,4.5,13,0.138,4,116,599.13,1107,0,0,1107
CUST_1977,8.4,10,-0.235,2,238,545.23,452,0,0,452
CUST_1978,30.9,6,-0.348,1,354,406.39,1751,0,1,64
CUST_1979,27.7,15,-0.525,0,47,89.33,1033,0,0,1033
CUST_1980,3.1,18,0.071,6,244,769.26,263,0,0,263
CUST_1981,24.3,18,0.838,1,292,176.06,858,0,0,858
CUST_1982,9.2,7,0.371,1,4,551.32,772,0,0,772
CUST_1983,9.9,15,0.489,3,99,734.67,1163,0,0,1163
CUST_1984,2.1,18,0.669,2,204,573.33,1016,0,0,1016
CUST_1985,1.3,18,-0.297,1,179,213.54,908,0,0,908
CUST_1986,19.5,9,-0.874,2,16,286.85,1153,0,1,59
CUST_1987,10.3,2,0.245,0,89,72.65,1765,1,1,8
CUST_1988,8.6,8,-0.623,4,107,509.57,1264,1,1,66
CUST_1989,19.6,2,0.138,2,189,509.74,762,0,1,37
CUST_1990,21.8,11,0.479,3,179,594.13,1456,0,0,1456
CUST_1991,2.6,7,0.567,1,248,58.25,1203,0,0,1203
CUST_1992,14.1,6,-0.396,0,250,663.38,704,0,0,704
CUST_1993,2.2,10,0.025,1,19,604.03,1447,0,0,1447
CUST_1994,20.9,5,0.242,1,358,155.66,684,1,0,684
CUST_1995,16.0,11,0.639,1,96,310.72,287,1,1,49
CUST_1996,47.1,1,0.523,1,221,528.89,1298,1,1,68
CUST_1997,1.1,2,0.976,2,143,421.85,1031,1,0,1031
CUST_1998,0.9,1,-0.984,2,6,136.32,1203,0,1,8
CUST_1999,5.0,19,-0.125,3,349,115.51,653,1,0,653
CUST_2000,4.6,2,-0.488,1,321,636.09,128,0,0,128
CUST_2001,4.3,4,-0.76,2,267,166.98,1156,1,1,54
CUST_2002,35.5,12,0.823,2,295,179.07,1776,0,1,85
CUST_2003,4.3,18,0.996,1,0,673.19,41,0,0,41
CUST_2004,4.8,1,-0.639,2,57,509.1,1279,0,1,54
CUST_2005,21.4,1,-0.923,3,263,503.54,842,0,1,28
CUST_2006,9.0,14,-0.45,1,89,409.51,1495,0,0,1495
CUST_2007,22.5,4,0.67,0,74,476.75,1201,1,1,81
CUST_2008,1.0,5,-0.412,3,340,501.33,208,0,0,208
CUST_2009,10.0,11,-0.886,0,260,775.87,1060,0,0,1060
CUST_2010,0.5,13,-0.895,3,281,217.23,181,0,0,181
CUST_2011,1.0,16,-0.145,1,340,210.92,864,0,0,864
CUST_2012,35.5,13,0.864,2,328,92.91,611,0,0,611
CUST_2013,2.2,2,-0.428,3,356,543.65,1406,0,0,1406
CUST_2014,11.4,16,-0.146,1,242,461.78,594,0,0,594
CUST_2015,7.9,6,-0.796,2,321,133.43,1727,1,1,53
CUST_2016,6.4,14,-0.013,0,118,323.4,1470,1,0,1470
CUST_2017,34.5,1,0.393,3,46,184.0,1658,0,1,85
CUST_2018,0.3,17,-0.458,1,167,298.61,1716,1,0,1716
CUST_2019,16.4,11,-0.407,6,347,763.45,1623,0,1,75
CUST_2020,49.6,19,0.684,4,26,562.49,225,0,1,34
CUST_2021,12.3,3,-0.979,1,295,55.68,354,0,0,354
CUST_2022,41.4,11,0.273,1,0,239.38,511,0,1,60
CUST_2023,0.8,5,-0.212,4,173,57.77,237,0,0,237
CUST_2024,8.1,17,-0.403,1,166,586.15,965,1,0,965
CUST_2025,4.5,7,0.315,1,17,402.07,1356,0,0,1356
CUST_2026,19.7,10,0.669,0,90,795.51,1352,0,0,1352
CUST_2027,59.7,11,0.117,3,302,600.19,986,1,1,53
CUST_2028,4.4,3,-0.938,0,201,438.43,455,0,0,455
CUST_2029,15.9,10,-0.077,3,20,653.53,1115,0,1,62
CUST_2030,3.3,10,-0.074,2,155,578.6,1248,1,0,1248
CUST_2031,12.5,14,0.088,1,13,232.83,596,1,1,38
CUST_2032,9.4,12,0.342,0,19,447.69,1416,1,1,36
CUST_2033,53.6,15,-0.961,1,243,467.0,1614,0,1,34
CUST_2034,14.1,10,0.004,2,172,388.42,647,0,0,647
CUST_2035,6.5,10,0.177,2,121,184.39,974,0,1,66
CUST_2036,1.8,19,-0.313,1,183,217.53,1131,0,0,1131
CUST_2037,2.5,1,0.337,1,307,260.79,916,0,0,916
CUST_2038,3.8,10,-0.544,1,67,57.69,958,1,0,958
CUST_2039,4.3,2,-0.365,0,292,737.71,313,1,0,313
CUST_2040,28.5,17,0.926,1,337,564.57,1110,0,0,1110
CUST_2041,12.4,7,-0.304,4,158,567.21,710,0,1,88
CUST_2042,11.1,7,-0.307,2,48,479.25,405,0,1,34
CUST_2043,1.8,9,0.191,2,180,566.98,405,0,0,405
CUST_2044,29.5,2,0.942,2,294,786.4,1772,0,1,24
CUST_2045,19.2,14,0.966,2,347,338.87,801,0,0,801
CUST_2046,1.1,17,0.159,1,140,584.39,817,0,0,817
CUST_2047,18.5,1,-0.998,4,17,319.65,402,0,1,70
CUST_2048,11.8,9,0.801,0,139,690.72,886,0,0,886
CUST_2049,1.3,19,0.14,4,71,693.52,1728,0,0,1728
CUST_2050,9.2,4,-0.268,0,241,726.7,273,0,0,273
CUST_2051,9.9,8,0.658,1,260,54.1,791,0,0,791
CUST_2052,2.7,13,-0.2,0,262,273.64,1092,0,0,1092
CUST_2053,43.7,4,-0.932,2,142,150.44,1362,0,1,5
CUST_2054,28.5,9,0.642,1,194,390.49,662,0,1,2
CUST_2055,16.6,9,0.092,1,145,421.59,115,0,1,80
CUST_2056,9.3,18,-0.324,2,293,241.93,128,0,0,128
CUST_2057,8.0,12,-0.498,0,25,592.58,403,1,0,403
CUST_2058,15.8,10,0.188,1,58,252.33,787,0,0,787
CUST_2059,11.8,11,-0.584,1,51,690.42,1548,0,0,1548
CUST_2060,1.0,7,-0.352,2,148,183.24,1261,0,0,1261
CUST_2061,10.8,9,0.273,0,106,325.43,654,0,0,654
CUST_2062,24.6,6,0.763,2,317,516.68,1012,0,0,1012
CUST_2063,9.2,19,0.066,1,58,504.0,112,1,1,70
CUST_2064,0.8,16,0.518,2,257,108.52,1630,0,0,1630
CUST_2065,23.1,15,0.526,1,280,684.69,30,1,0,30
CUST_2066,3.4,7,0.329,0,18,498.55,466,1,0,466
CUST_2067,4.5,16,-0.508,3,165,702.39,715,0,0,715
CUST_2068,2.7,5,0.734,1,24,700.73,279,0,0,279
CUST_2069,6.0,16,-0.127,3,3,459.44,439,1,0,439
CUST_2070,21.2,1,-0.912,0,2,733.09,767,0,1,63
CUST_2071,11.0,19,-0.511,1,361,686.31,1439,0,0,1439
CUST_2072,3.4,5,0.531,1,26,768.59,1137,0,0,1137
CUST_2073,31.5,7,-0.862,1,345,687.87,519,0,1,20
CUST_2074,31.8,19,-0.705,0,218,665.9,268,0,0,268
CUST_2075,30.7,5,0.388,2,43,402.02,952,1,1,33
CUST_2076,4.1,17,0.785,0,211,209.02,569,0,0,569
CUST_2077,9.0,8,0.267,0,51,733.03,409,0,0,409
CUST_2078,63.0,1,-0.555,1,152,591.91,828,0,1,55
CUST_2079,22.2,2,-0.893,1,201,261.31,972,1,1,37
CUST_2080,0.4,15,0.23,0,320,305.75,1444,0,0,1444
CUST_2081,1.0,18,-0.905,1,10,564.56,1381,0,1,84
CUST_2082,9.4,11,0.225,3,67,408.36,1533,0,0,1533
CUST_2083,36.0,10,-0.549,1,226,111.11,1357,0,1,33
CUST_2084,11.6,4,0.809,2,120,156.09,1335,0,0,1335
CUST_2085,10.3,5,-0.05,3,332,609.24,724,1,1,75
CUST_2086,1.7,4,-0.552,3,14,296.43,1398,1,1,84
CUST_2087,16.0,13,0.706,0,56,430.74,164,0,0,164
CUST_2088,25.9,13,-0.492,2,329,624.97,1521,0,0,1521
CUST_2089,7.2,18,-0.387,1,63,613.38,390,1,0,390
CUST_2090,22.4,2,0.669,1,229,175.26,598,0,0,598
CUST_2091,50.1,16,-0.382,1,10,123.8,1168,0,1,86
CUST_2092,3.4,1,-0.18,3,120,493.36,215,0,1,51
CUST_2093,11.1,19,-0.305,0,223,606.22,507,0,0,507
CUST_2094,5.1,9,-0.767,0,224,161.78,917,1,0,917
CUST_2095,23.6,3,-0.922,0,124,328.97,30,0,0,30
CUST_2096,12.9,7,0.449,0,147,702.71,879,0,0,879
CUST_2097,15.1,10,0.29,0,227,758.17,997,1,0,997
CUST_2098,24.0,1,-0.435,5,29,390.55,570,1,1,12
CUST_2099,7.6,10,-0.409,0,9,109.64,1797,0,0,1797
CUST_2100,37.0,9,0.89,0,53,243.27,1715,0,1,57
CUST_2101,11.4,15,0.975,4,185,224.73,1021,0,0,1021
CUST_2102,2.6,15,-0.053,1,206,229.22,1477,0,0,1477
CUST_2103,17.9,3,0.605,3,254,420.41,731,0,0,731
CUST_2104,23.6,5,0.473,1,156,487.42,299,0,0,299
CUST_2105,5.7,9,-0.405,1,128,141.88,1813,1,1,77
CUST_2106,29.2,9,-0.883,0,57,717.02,927,0,1,80
CUST_2107,35.5,7,-0.715,2,194,514.98,448,0,1,53
CUST_2108,4.9,12,0.677,2,75,497.94,1380,0,0,1380
CUST_2109,61.6,9,0.462,0,88,790.46,224,0,1,54
CUST_2110,2.3,6,0.329,3,353,521.11,284,0,0,284
CUST_2111,3.4,2,-0.739,2,80,746.72,108,0,1,78
CUST_2112,3.1,9,0.28,2,185,264.69,1151,1,0,1151
CUST_2113,33.7,17,0.544,2,325,230.1,1203,1,0,1203
CUST_2114,15.9,1,0.721,2,267,437.39,815,1,1,20
CUST_2115,2.5,19,-0.974,3,78,431.46,843,1,0,843
CUST_2116,8.7,6,0.369,2,144,219.86,476,0,0,476
CUST_2117,14.3,5,-0.962,3,128,574.74,152,0,1,11
CUST_2118,1.3,2,0.414,2,13,72.23,1663,0,1,52
CUST_2119,32.1,9,0.271,3,118,567.97,705,0,1,85
CUST_2120,24.4,14,-0.703,3,1,392.88,1611,1,1,54
CUST_2121,10.6,4,0.532,0,3,566.76,388,0,0,388
CUST_2122,51.2,4,-0.863,0,243,407.81,268,0,1,7
CUST_2123,8.1,15,0.653,1,65,783.0,1795,0,0,1795
CUST_2124,62.1,8,-0.476,3,245,301.01,834,0,1,2
CUST_2125,16.5,4,0.378,2,89,786.93,1809,0,1,21
CUST_2126,15.1,16,0.847,1,177,98.73,1583,0,0,1583
CUST_2127,2.7,4,-0.32,0,59,562.82,712,0,0,712
CUST_2128,32.0,16,0.006,3,231,390.66,698,1,1,36
CUST_2129,8.4,12,-0.074,3,352,666.6,233,1,0,233
CUST_2130,2.7,16,-0.685,2,175,642.21,1711,0,0,1711
CUST_2131,0.2,19,0.181,0,166,650.16,172,0,0,172
CUST_2132,12.3,8,0.486,1,197,121.05,216,1,0,216
CUST_2133,11.2,6,0.834,1,59,666.77,1541,0,0,1541
CUST_2134,19.1,10,0.702,0,82,210.53,151,0,0,151
CUST_2135,33.1,5,0.02,2,73,69.26,1403,1,1,73
CUST_2136,1.2,18,0.438,2,310,213.3,1153,0,0,1153
CUST_2137,19.7,10,0.602,0,25,409.46,313,0,1,29
CUST_2138,3.1,10,-0.013,1,242,606.58,978,1,0,978
CUST_2139,29.3,7,-0.769,0,322,213.97,556,0,0,556
CUST_2140,25.6,18,-0.124,3,115,134.76,413,0,0,413
CUST_2141,11.7,1,0.685,1,322,534.48,1608,0,0,1608
CUST_2142,18.6,7,0.193,0,179,787.92,927,0,0,927
CUST_2143,5.7,1,0.449,3,261,500.65,216,0,0,216
CUST_2144,9.6,15,-0.629,0,113,568.29,1061,0,0,1061
CUST_2145,25.9,4,0.929,0,265,470.88,653,0,0,653
CUST_2146,9.2,10,-0.192,1,37,636.76,574,0,0,574
CUST_2147,6.6,9,0.307,2,76,781.85,1472,0,1,49
CUST_2148,10.2,2,-0.962,0,101,458.1,943,1,1,52
CUST_2149,26.4,14,-0.745,1,11,362.59,119,1,1,22
CUST_2150,6.1,16,0.564,0,301,695.26,525,0,0,525
CUST_2151,2.9,1,0.936,1,48,777.3,1714,1,0,1714
CUST_2152,18.7,2,-0.36,1,253,146.89,989,0,0,989
CUST_2153,26.2,7,-0.926,3,346,483.63,1777,0,1,81
CUST_2154,1.6,10,-0.278,4,248,644.34,145,0,0,145
CUST_2155,4.1,1,-0.965,3,71,450.0,714,0,1,53
CUST_2156,2.3,13,-0.615,1,196,356.9,1073,1,0,1073
CUST_2157,6.4,1,0.505,4,252,541.42,161,0,0,161
CUST_2158,9.0,5,0.874,1,357,252.6,1345,0,0,1345
CUST_2159,20.7,16,-0.825,2,298,311.85,1407,0,0,1407
CUST_2160,15.8,15,0.116,1,221,794.21,1290,0,0,1290
CUST_2161,14.6,17,-0.492,0,59,527.35,1642,0,0,1642
CUST_2162,6.5,16,-0.722,1,356,704.7,252,1,0,252
CUST_2163,27.6,13,-0.562,0,156,655.83,465,0,0,465
CUST_2164,9.6,11,0.156,1,341,539.2,1691,1,0,1691
CUST_2165,58.0,17,-0.87,1,201,680.55,1092,1,1,4
CUST_2166,15.1,17,-0.132,2,266,265.37,356,0,0,356
CUST_2167,2.0,2,-0.73,1,34,527.84,1262,0,1,74
CUST_2168,16.9,13,-0.455,3,254,492.95,135,0,0,135
CUST_2169,5.9,14,-0.618,2,22,516.81,681,0,0,681
CUST_2170,17.4,11,0.766,0,164,176.47,1302,0,0,1302
CUST_2171,1.1,10,0.416,4,27,257.93,596,0,1,81
CUST_2172,2.9,3,0.737,1,350,264.99,659,0,0,659
CUST_2173,29.0,17,-0.233,2,313,501.46,717,0,0,717
CUST_2174,3.9,15,-0.373,0,52,779.41,1407,0,0,1407
CUST_2175,27.2,9,-0.239,1,283,765.55,499,0,0,499
CUST_2176,4.9,10,-0.963,2,297,220.39,754,1,1,6
CUST_2177,15.4,8,0.449,2,84,278.63,294,0,0,294
CUST_2178,17.8,13,-0.3,1,348,77.05,1705,0,0,1705
CUST_2179,10.8,18,-0.373,2,123,349.11,1517,0,0,1517
CUST_2180,5.5,5,0.196,2,206,676.01,866,0,0,866
CUST_2181,3.6,6,-0.128,0,164,736.81,880,0,0,880
CUST_2182,0.5,17,0.962,5,46,227.37,1494,0,0,1494
CUST_2183,5.4,11,-0.287,1,155,249.35,1337,0,0,1337
CUST_2184,15.9,16,0.228,1,265,215.64,814,0,0,814
CUST_2185,41.8,9,-0.377,3,278,312.58,563,0,1,12
CUST_2186,30.7,2,0.981,0,4,653.57,398,0,1,65
CUST_2187,21.8,5,-0.11,2,81,535.14,728,0,1,46
CUST_2188,23.3,1,0.268,3,118,639.46,1772,0,1,40
CUST_2189,16.4,4,-0.747,2,261,487.27,1712,0,1,9
CUST_2190,4.5,4,0.466,2,124,243.3,1548,0,0,1548
CUST_2191,35.7,3,-0.462,1,302,221.0,975,0,1,62
CUST_2192,16.7,9,-0.103,2,214,56.75,183,0,0,183
CUST_2193,12.3,12,0.766,1,27,635.74,649,0,0,649
CUST_2194,1.8,10,0.941,3,268,685.34,345,0,0,345
CUST_2195,8.9,2,-0.151,1,24,626.21,1353,0,1,35
CUST_2196,9.3,11,0.67,0,6,105.8,1493,1,0,1493
CUST_2197,30.0,10,-0.893,1,193,621.67,840,1,1,60
CUST_2198,11.9,6,0.695,1,79,84.33,180,1,0,180
CUST_2199,7.2,18,0.259,1,321,129.19,1459,1,0,1459
CUST_2200,56.5,2,-0.023,0,35,380.36,204,0,1,53
CUST_2201,1.8,2,0.78,0,257,407.11,1108,0,0,1108
CUST_2202,8.2,10,0.691,1,112,662.09,808,0,0,808
CUST_2203,0.6,16,-0.406,0,293,559.65,1364,1,0,1364
CUST_2204,20.2,12,0.583,0,201,164.99,183,0,0,183
CUST_2205,37.5,1,-0.801,4,13,219.61,1553,0,1,79
CUST_2206,4.9,8,0.646,2,154,264.26,530,0,0,530
CUST_2207,29.3,16,0.351,2,84,142.75,1243,0,0,1243
CUST_2208,5.2,18,-0.824,4,139,265.73,535,0,0,535
CUST_2209,36.2,13,0.366,1,96,596.45,178,0,1,51
CUST_2210,21.0,15,0.161,0,184,231.05,37,0,0,37
CUST_2211,24.5,12,0.189,1,341,676.52,1713,0,0,1713
CUST_2212,0.3,8,-0.418,2,357,402.14,1738,0,0,1738
CUST_2213,49.4,10,-0.467,0,188,292.2,622,0,1,57
CUST_2214,19.5,14,0.525,3,81,359.31,620,1,0,620
CUST_2215,5.5,5,-0.486,1,299,582.12,498,0,0,498
CUST_2216,26.5,18,-0.107,3,179,437.59,350,0,0,350
CUST_2217,5.0,19,0.39,2,348,55.46,601,0,0,601
CUST_2218,30.9,15,-0.841,2,104,741.74,480,0,1,63
CUST_2219,1.8,6,0.189,2,209,99.5,1660,0,0,1660
CUST_2220,18.2,11,0.179,1,328,753.97,157,0,0,157
CUST_2221,11.7,11,0.368,1,248,71.11,1687,0,0,1687
CUST_2222,1.5,18,-0.26,2,71,628.23,1340,0,0,1340
CUST_2223,4.2,18,-0.102,1,160,451.01,882,1,0,882
CUST_2224,0.2,10,-0.34,1,132,429.29,116,0,0,116
CUST_2225,9.5,2,0.616,2,239,104.58,1134,0,0,1134
CUST_2226,5.4,9,-0.739,0,77,229.06,563,0,0,563
CUST_2227,13.7,14,0.926,1,57,633.16,1305,0,0,1305
CUST_2228,5.3,19,0.27,2,124,718.44,219,0,0,219
CUST_2229,5.3,10,0.774,0,10,446.84,853,1,0,853
CUST_2230,20.4,4,-0.148,0,26,315.01,1651,1,1,4
CUST_2231,0.7,6,-0.335,1,206,94.96,1537,0,0,1537
CUST_2232,35.0,14,0.801,2,221,561.63,408,1,0,408
CUST_2233,28.7,4,-0.802,0,311,258.83,485,1,1,71
CUST_2234,16.5,15,-0.766,2,249,91.26,1061,0,0,1061
CUST_2235,13.5,16,-0.401,1,314,549.39,347,1,0,347
CUST_2236,33.4,7,0.92,1,207,414.29,363,0,0,363
CUST_2237,3.1,17,0.266,2,108,58.97,259,0,0,259
CUST_2238,1.2,19,0.108,1,295,133.19,693,1,0,693
CUST_2239,4.1,19,0.411,0,60,574.4,537,0,0,537
CUST_2240,23.7,17,-0.165,1,121,97.75,819,0,0,819
CUST_2241,0.5,6,0.516,0,238,699.47,1580,0,0,1580
CUST_2242,13.1,11,-0.214,2,105,283.49,1528,1,0,1528
CUST_2243,80.8,16,0.653,1,278,116.5,953,0,1,28
CUST_2244,29.0,8,-0.465,1,35,619.82,1459,0,1,58
CUST_2245,11.1,11,-0.445,3,37,443.32,1340,0,1,56
CUST_2246,1.0,7,0.045,2,71,279.98,998,0,0,998
CUST_2247,26.7,19,-0.138,1,55,354.57,789,0,0,789
CUST_2248,13.7,10,0.296,3,166,66.06,1820,0,0,1820
CUST_2249,1.8,9,-0.271,1,220,547.02,475,1,0,475
CUST_2250,1.5,4,-0.539,0,75,324.33,1396,0,0,1396
CUST_2251,36.1,15,-0.06,2,209,585.53,354,1,0,354
CUST_2252,16.6,13,0.122,1,210,521.13,906,0,0,906
CUST_2253,26.5,2,-0.715,1,227,538.44,196,0,1,62
CUST_2254,31.7,2,0.113,0,224,644.67,1646,0,0,1646
CUST_2255,12.7,16,-0.361,0,253,523.37,1349,1,0,1349
CUST_2256,10.9,9,-0.215,2,155,364.04,610,0,0,610
CUST_2257,8.4,13,-0.441,1,362,342.45,1236,0,0,1236
CUST_2258,5.7,3,0.863,2,148,139.69,868,0,0,868
CUST_2259,8.6,9,0.367,1,317,634.58,1629,0,0,1629
CUST_2260,22.3,13,-0.475,2,278,620.83,1139,0,0,1139
CUST_2261,13.8,2,0.29,1,230,234.72,1609,0,0,1609
CUST_2262,33.5,8,0.697,1,189,697.01,835,0,0,835
CUST_2263,8.8,9,-0.197,2,224,491.75,1202,0,0,1202
CUST_2264,14.0,16,0.66,3,64,409.02,801,0,0,801
CUST_2265,15.0,2,-0.691,2,107,63.12,957,0,1,4
CUST_2266,13.4,6,0.646,1,79,337.06,890,0,1,32
CUST_2267,18.2,8,0.081,4,132,530.5,985,0,1,12
CUST_2268,4.1,5,-0.554,0,173,117.31,88,0,0,88
CUST_2269,10.8,9,-0.186,1,63,394.68,635,1,1,30
CUST_2270,1.7,1,0.976,2,209,795.08,34,1,1,9
CUST_2271,7.3,9,0.567,2,296,587.4,112,0,0,112
CUST_2272,10.0,10,0.15,0,97,460.15,869,0,0,869
CUST_2273,15.8,4,-0.77,3,171,449.77,1436,0,1,30
CUST_2274,45.1,3,-0.164,2,88,82.82,578,0,1,65
CUST_2275,13.8,10,-0.474,0,361,767.99,1532,0,0,1532
CUST_2276,20.4,15,-0.858,0,225,746.13,1080,0,0,1080
CUST_2277,10.6,11,0.084,0,142,561.8,554,0,0,554
CUST_2278,15.1,14,0.778,1,195,124.26,1031,1,0,1031
CUST_2279,1.1,6,0.351,2,178,205.88,1630,0,0,1630
CUST_2280,4.4,12,-0.501,2,53,187.93,443,0,0,443
CUST_2281,6.7,13,0.147,3,195,439.68,744,0,0,744
CUST_2282,9.6,17,0.886,0,216,205.85,209,0,0,209
CUST_2283,0.7,16,0.446,2,332,571.85,1517,0,0,1517
CUST_2284,2.3,3,0.379,2,297,458.92,812,0,0,812
CUST_2285,4.9,2,0.936,0,24,63.24,930,0,0,930
CUST_2286,53.4,11,0.598,0,66,608.04,556,0,1,58
CUST_2287,6.0,9,-0.727,4,162,191.62,30,0,1,40
CUST_2288,9.9,3,-0.305,0,111,668.66,300,0,0,300
CUST_2289,3.3,18,0.93,2,328,316.28,513,0,0,513
CUST_2290,14.2,15,-0.021,2,205,303.96,985,0,0,985
CUST_2291,4.9,14,-0.777,1,136,58.86,1101,0,0,1101
CUST_2292,3.5,2,-0.083,1,278,790.8,723,0,0,723
CUST_2293,10.9,17,0.394,3,164,509.0,1236,0,0,1236
CUST_2294,0.1,8,0.995,0,270,367.05,869,0,0,869
CUST_2295,0.1,10,-0.352,1,227,122.47,402,1,0,402
CUST_2296,3.7,18,0.028,2,126,574.36,1779,0,0,1779
CUST_2297,0.6,19,0.759,4,269,262.05,568,1,0,568
CUST_2298,1.7,8,-0.289,0,307,791.21,1560,0,0,1560
CUST_2299,6.2,8,-0.781,0,247,762.91,1791,0,0,1791
CUST_2300,24.3,3,0.898,2,339,601.47,699,0,0,699
CUST_2301,12.7,3,-0.023,1,35,778.3,1559,0,1,54
CUST_2302,10.8,12,0.006,1,154,129.23,601,1,1,73
CUST_2303,5.2,17,0.242,1,144,259.94,95,1,0,95
CUST_2304,40.3,4,-0.993,0,259,239.93,1739,0,1,61
CUST_2305,7.6,17,0.862,0,18,104.01,81,0,0,81
CUST_2306,1.4,14,-0.277,2,57,779.17,499,0,0,499
CUST_2307,14.4,19,-0.206,2,262,94.98,272,1,0,272
CUST_2308,1.8,9,-0.652,4,35,692.52,366,0,1,72
CUST_2309,6.4,12,-0.244,1,210,626.12,785,1,0,785
CUST_2310,10.6,5,0.608,1,331,331.9,1174,0,0,1174
CUST_2311,31.1,11,0.6,2,147,64.11,583,0,1,48
CUST_2312,10.2,3,0.872,2,101,54.57,1749,0,1,84
CUST_2313,18.2,15,-0.194,2,75,203.0,1098,1,1,36
CUST_2314,74.0,14,0.417,0,67,420.41,81,1,1,87
CUST_2315,2.1,11,0.014,2,65,393.43,1204,0,0,1204
CUST_2316,4.8,8,0.608,1,302,488.97,442,0,0,442
CUST_2317,7.5,4,0.425,2,221,628.97,1594,1,0,1594
CUST_2318,8.2,12,-0.264,3,150,333.02,598,0,1,9
CUST_2319,7.9,8,-0.327,2,273,170.27,1551,0,0,1551
CUST_2320,35.7,6,-0.495,1,277,650.04,1262,0,1,17
CUST_2321,18.8,15,0.153,0,67,299.52,37,0,0,37
CUST_2322,14.0,12,0.928,2,234,265.16,975,0,0,975
CUST_2323,5.6,16,-0.6,1,202,623.23,1444,0,0,1444
CUST_2324,26.0,16,-0.809,2,232,750.6,276,0,0,276
CUST_2325,46.5,4,-0.761,2,162,736.22,1448,0,1,66
CUST_2326,25.8,11,0.566,3,97,153.08,1760,0,0,1760
CUST_2327,0.0,13,-0.3,1,8,427.37,863,0,0,863
CUST_2328,15.2,9,-0.551,2,248,119.65,1392,1,1,14
CUST_2329,0.8,4,-0.294,4,226,770.73,441,0,0,441
CUST_2330,4.5,12,0.291,2,240,211.42,981,0,0,981
CUST_2331,0.9,9,0.094,0,74,198.07,1593,0,0,1593
CUST_2332,13.9,13,0.487,1,16,716.66,1398,0,0,1398
CUST_2333,17.4,16,-0.322,0,50,775.89,872,0,0,872
CUST_2334,1.8,6,-0.096,0,227,573.22,1349,1,0,1349
CUST_2335,7.3,10,-0.796,2,193,140.75,264,0,1,75
CUST_2336,9.1,13,-0.854,3,279,414.39,671,0,0,671
CUST_2337,6.9,7,-0.075,0,237,662.45,617,0,0,617
CUST_2338,1.9,19,-0.397,3,270,479.36,1498,0,0,1498
CUST_2339,8.1,19,0.226,1,156,149.45,262,0,0,262
CUST_2340,20.9,17,-0.914,2,253,178.92,771,1,1,63
CUST_2341,1.1,13,-0.756,0,307,698.11,1026,0,0,1026
CUST_2342,1.3,13,0.73,2,309,445.27,339,0,0,339
CUST_2343,6.6,2,0.133,0,313,579.38,973,0,0,973
CUST_2344,42.6,10,0.424,0,300,329.8,937,0,0,937
CUST_2345,16.6,13,0.684,4,117,449.36,730,0,0,730
CUST_2346,17.0,9,-0.072,0,332,782.83,507,0,0,507
CUST_2347,6.7,1,0.522,1,49,297.28,1567,0,0,1567
CUST_2348,13.5,14,0.049,0,277,556.09,365,1,0,365
CUST_2349,0.2,16,-0.555,1,51,179.38,1630,0,0,1630
CUST_2350,15.2,15,-0.325,1,180,141.3,81,0,0,81
CUST_2351,36.7,1,-0.019,1,30,637.73,575,0,1,13
CUST_2352,14.2,17,-0.366,2,326,683.08,330,0,0,330
CUST_2353,31.0,13,-0.329,2,245,551.23,1805,0,1,30
CUST_2354,19.3,15,-0.325,2,89,168.65,670,1,1,78
CUST_2355,1.9,16,-0.754,2,30,230.44,1296,1,0,1296
CUST_2356,34.9,16,-0.831,2,101,733.38,385,0,1,44
CUST_2357,1.0,2,-0.907,5,229,266.53,849,0,1,48
CUST_2358,11.5,17,-0.778,4,96,664.15,864,0,0,864
CUST_2359,2.3,11,-0.313,1,66,264.45,1663,0,0,1663
CUST_2360,0.2,8,0.188,1,191,754.6,617,0,0,617
CUST_2361,8.2,3,-0.624,3,210,735.84,1495,1,1,68
CUST_2362,5.2,12,0.776,0,136,82.45,906,0,0,906
CUST_2363,10.0,16,0.617,3,338,627.81,760,0,0,760
CUST_2364,12.9,14,0.041,1,183,177.1,1666,0,0,1666
CUST_2365,0.7,16,0.448,0,55,211.45,1172,0,0,1172
CUST_2366,2.0,17,-0.267,0,249,394.88,1462,0,0,1462
CUST_2367,12.3,11,-0.926,0,281,482.24,1705,0,0,1705
CUST_2368,6.3,17,0.809,1,59,294.35,1424,0,0,1424
CUST_2369,19.6,19,-0.744,3,127,481.54,766,0,0,766
CUST_2370,15.8,1,0.896,1,204,177.99,1820,1,1,55
CUST_2371,28.0,12,0.144,0,213,66.75,1126,0,1,2
CUST_2372,17.7,15,-0.389,1,126,478.42,1502,0,1,48
CUST_2373,8.4,18,-0.009,3,71,438.06,853,1,0,853
CUST_2374,16.8,14,0.003,1,215,567.24,1524,0,0,1524
CUST_2375,4.8,1,-0.953,1,89,537.37,185,0,0,185
CUST_2376,5.5,13,-0.289,2,313,723.11,800,1,1,43
CUST_2377,23.3,15,0.48,3,232,394.6,963,1,0,963
CUST_2378,8.9,7,0.02,4,232,56.28,605,0,0,605
CUST_2379,24.0,15,-0.512,2,62,522.99,1363,0,1,49
CUST_2380,25.9,10,-0.33,2,246,556.35,1089,0,1,37
CUST_2381,29.2,14,0.726,1,134,441.12,277,0,0,277
CUST_2382,37.3,6,0.051,3,1,566.98,1481,0,1,35
CUST_2383,8.5,14,0.057,1,160,292.69,1097,0,0,1097
CUST_2384,5.8,12,0.923,2,139,161.61,482,0,0,482
CUST_2385,13.1,11,-0.358,5,303,548.42,1172,0,0,1172
CUST_2386,7.0,19,-0.041,1,308,233.89,1402,0,0,1402
CUST_2387,13.8,2,0.623,7,201,392.24,722,1,1,43
CUST_2388,18.3,1,0.518,2,124,418.72,938,0,1,60
CUST_2389,17.5,8,-0.468,1,346,407.9,969,0,0,969
CUST_2390,7.0,14,-0.698,0,81,498.84,1441,1,1,79
CUST_2391,2.7,9,0.401,2,323,72.09,1123,0,0,1123
CUST_2392,8.4,2,-0.485,3,163,792.26,976,1,1,24
CUST_2393,2.3,5,0.845,3,349,587.23,483,0,0,483
CUST_2394,33.1,8,-0.742,3,239,369.04,296,1,1,44
CUST_2395,6.4,16,-0.363,1,212,193.5,760,0,0,760
CUST_2396,2.5,16,-0.89,1,148,110.13,1491,0,0,1491
CUST_2397,0.4,13,0.407,1,71,554.14,395,0,0,395
CUST_2398,15.6,15,0.783,2,102,287.72,1755,0,0,1755
CUST_2399,15.2,1,0.272,1,182,222.11,1821,0,0,1821
CUST_2400,6.2,3,0.876,2,183,334.97,1240,0,0,1240
CUST_2401,1.1,6,-0.743,1,12,494.69,1280,0,1,76
CUST_2402,7.9,14,-0.825,2,231,553.78,90,0,0,90
CUST_2403,5.6,4,0.677,3,149,533.88,197,0,0,197
CUST_2404,17.0,18,0.711,1,262,697.45,161,0,0,161
CUST_2405,14.0,15,0.662,3,23,214.07,184,1,1,31
CUST_2406,6.8,9,0.598,1,188,527.56,813,0,0,813
CUST_2407,3.7,18,-0.276,3,132,125.84,751,0,0,751
CUST_2408,66.4,3,-0.565,5,49,460.95,36,0,1,4
CUST_2409,9.1,10,0.858,2,182,487.97,552,0,0,552
CUST_2410,17.5,17,-0.386,3,25,212.18,1765,0,1,38
CUST_2411,2.3,7,-0.203,1,137,343.77,280,1,0,280
CUST_2412,10.0,15,0.399,2,10,670.39,1629,1,0,1629
CUST_2413,0.4,1,-0.413,0,295,161.31,721,0,0,721
CUST_2414,10.6,11,0.638,2,101,375.88,1693,0,0,1693
CUST_2415,49.9,17,-0.86,0,10,749.55,1315,0,1,80
CUST_2416,7.3,5,0.582,1,111,428.08,149,0,0,149
CUST_2417,0.6,7,0.204,3,93,593.85,77,0,0,77
CUST_2418,0.5,19,0.146,1,259,670.15,1122,0,0,1122
CUST_2419,7.4,15,-0.083,1,257,202.83,1315,0,0,1315
CUST_2420,2.6,3,-0.446,3,166,213.66,771,0,1,78
CUST_2421,0.4,15,-0.072,4,208,618.94,1817,1,1,47
CUST_2422,21.2,5,-0.1,0,44,614.98,1498,0,1,66
CUST_2423,9.2,12,0.168,0,329,95.14,1532,1,0,1532
CUST_2424,5.1,5,-0.437,2,204,291.87,1284,0,0,1284
CUST_2425,34.6,3,-0.845,1,358,348.9,253,0,1,52
CUST_2426,1.9,9,-0.71,0,41,671.78,486,0,0,486
CUST_2427,46.8,9,0.398,0,284,366.4,748,0,1,61
CUST_2428,5.7,7,-0.955,2,99,744.45,882,1,1,81
CUST_2429,32.9,2,0.713,3,355,797.46,1419,0,1,3
CUST_2430,13.9,16,0.389,2,271,635.54,978,0,0,978
CUST_2431,26.3,9,0.536,4,5,549.79,57,0,1,59
CUST_2432,62.0,13,0.672,2,41,343.92,906,0,1,54
CUST_2433,5.1,19,-0.755,1,355,100.28,1784,0,0,1784
CUST_2434,48.7,17,0.645,1,252,479.85,930,0,0,930
CUST_2435,7.4,6,0.009,1,75,321.28,878,0,0,878
CUST_2436,7.3,4,0.771,1,41,313.17,130,0,0,130
CUST_2437,6.2,1,0.773,1,350,565.78,87,1,0,87
CUST_2438,11.7,18,-0.952,2,267,397.73,1077,0,0,1077
CUST_2439,2.5,19,-0.234,1,216,614.07,444,0,0,444
CUST_2440,12.1,9,0.053,4,63,348.63,1280,0,0,1280
CUST_2441,11.7,13,0.357,0,178,163.15,1222,0,0,1222
CUST_2442,21.5,8,-0.428,4,28,396.01,1542,0,1,38
CUST_2443,26.9,13,-0.496,1,274,763.26,1299,0,0,1299
CUST_2444,8.7,15,-0.237,2,215,651.14,1777,0,0,1777
CUST_2445,5.4,11,0.002,1,352,204.31,392,0,0,392
CUST_2446,4.5,12,0.902,5,300,343.48,1518,0,0,1518
CUST_2447,3.2,14,0.524,4,53,745.84,1483,1,0,1483
CUST_2448,0.9,4,-0.141,1,79,142.77,450,0,0,450
CUST_2449,6.3,1,-0.891,0,193,240.46,50,1,0,50
CUST_2450,4.7,4,-0.663,3,199,246.67,665,1,1,71
CUST_2451,50.9,19,-0.088,2,12,478.2,1422,0,1,57
CUST_2452,12.2,9,0.628,2,221,358.05,493,1,0,493
CUST_2453,6.4,10,-0.239,0,192,109.9,126,0,0,126
CUST_2454,13.0,4,0.077,1,326,521.89,1703,0,0,1703
CUST_2455,2.2,9,0.784,1,239,124.31,1545,0,0,1545
CUST_2456,8.8,13,0.828,3,269,504.81,1406,0,0,1406
CUST_2457,14.8,12,-0.568,1,297,430.26,1658,0,0,1658
CUST_2458,10.1,11,-0.913,2,98,420.25,1148,0,0,1148
CUST_2459,7.7,12,-0.389,1,219,100.62,53,0,0,53
CUST_2460,76.4,18,0.392,2,331,529.42,409,0,1,87
CUST_2461,31.8,12,0.902,1,103,373.49,425,0,0,425
CUST_2462,14.6,16,-0.846,1,64,358.33,1457,0,0,1457
CUST_2463,12.6,5,-0.943,0,144,497.34,1701,0,0,1701
CUST_2464,14.5,12,0.768,0,37,504.69,1186,0,0,1186
CUST_2465,3.4,11,0.496,2,27,61.27,83,0,0,83
CUST_2466,7.5,9,0.984,1,288,143.92,1345,1,0,1345
CUST_2467,0.6,18,-0.206,2,236,227.39,1043,0,0,1043
CUST_2468,9.7,3,-0.168,2,125,558.48,1165,0,1,77
CUST_2469,11.7,17,-0.655,3,325,482.56,451,0,0,451
CUST_2470,3.9,14,-0.768,2,84,618.22,160,0,0,160
CUST_2471,49.9,1,0.157,1,236,605.46,449,0,1,54
CUST_2472,36.0,17,-0.271,2,245,689.89,1331,0,0,1331
CUST_2473,19.2,8,-0.839,0,265,332.61,805,0,0,805
CUST_2474,11.4,5,0.774,1,248,308.8,1643,0,0,1643
CUST_2475,30.6,5,-0.603,2,291,673.26,804,0,1,83
CUST_2476,2.1,9,0.497,1,204,228.2,1121,0,0,1121
CUST_2477,23.4,3,-0.436,2,227,395.88,1627,0,1,13
CUST_2478,2.0,19,0.626,0,239,195.74,1456,0,0,1456
CUST_2479,23.7,9,-0.763,1,72,735.38,904,0,1,40
CUST_2480,4.8,18,0.512,2,158,355.85,204,0,0,204
CUST_2481,31.4,16,-0.804,2,211,209.37,1333,1,1,41
CUST_2482,43.2,1,-0.106,0,135,569.01,493,1,1,7
CUST_2483,2.4,2,0.468,1,282,233.48,419,0,0,419
CUST_2484,9.3,14,-0.654,1,163,757.63,777,0,0,777
CUST_2485,59.4,14,-0.429,1,136,325.71,165,0,1,79
CUST_2486,9.9,1,0.73,2,170,548.48,438,0,0,438
CUST_2487,29.9,16,0.77,2,151,308.93,253,0,1,20
CUST_2488,13.3,15,-0.91,1,164,655.43,630,0,0,630
CUST_2489,7.1,15,-0.664,2,296,722.69,999,0,0,999
CUST_2490,5.0,12,-0.765,1,103,640.94,648,0,0,648
CUST_2491,3.4,16,-0.641,2,221,686.37,1606,1,0,1606
CUST_2492,21.5,14,0.94,0,281,126.41,1751,0,0,1751
CUST_2493,7.3,15,0.103,1,128,743.05,1241,1,0,1241
CUST_2494,10.7,15,-0.064,1,219,518.23,907,1,0,907
CUST_2495,10.2,19,0.969,2,172,701.91,1440,0,0,1440
CUST_2496,12.9,8,0.114,2,347,563.33,38,0,0,38
CUST_2497,30.1,2,0.322,3,95,201.39,1233,0,1,72
CUST_2498,59.2,2,-0.334,0,51,507.17,1751,0,1,46
CUST_2499,7.9,10,-0.236,1,93,118.21,1497,0,0,1497
CUST_2500,26.4,3,0.189,1,63,571.79,623,0,1,20
CUST_2501,21.7,17,-0.86,1,20,356.75,1742,1,1,72
CUST_2502,12.8,8,-0.488,1,105,163.8,635,1,1,69
CUST_2503,46.9,4,-0.606,1,335,784.42,1499,0,1,34
CUST_2504,3.4,14,-0.968,0,199,725.81,145,0,0,145
CUST_2505,1.7,10,0.074,2,331,720.16,1725,0,0,1725
CUST_2506,28.9,1,0.122,1,351,641.62,274,0,0,274
CUST_2507,8.7,4,-0.232,2,280,568.99,1336,0,0,1336
CUST_2508,28.2,1,-0.463,1,281,541.31,1266,0,0,1266
CUST_2509,33.5,17,0.304,2,99,129.57,1717,0,1,11
CUST_2510,1.0,17,-0.731,2,336,725.42,1731,0,0,1731
CUST_2511,32.2,7,0.037,2,26,710.85,480,0,1,8
CUST_2512,8.9,15,0.536,4,244,610.89,1708,1,0,1708
CUST_2513,10.7,13,-0.671,0,62,745.49,1078,1,0,1078
CUST_2514,14.8,2,0.507,2,341,464.81,1765,0,1,55
CUST_2515,39.1,19,0.522,2,37,385.73,262,0,1,59
CUST_2516,0.3,13,-0.88,4,301,775.96,1569,0,0,1569
CUST_2517,9.7,11,-0.962,2,126,398.1,1341,1,1,17
CUST_2518,17.5,15,0.948,1,70,530.99,714,0,0,714
CUST_2519,19.2,10,-0.613,1,133,329.8,213,1,1,51
CUST_2520,17.7,9,0.644,0,252,527.24,280,0,0,280
CUST_2521,2.2,9,0.124,0,12,590.07,320,0,0,320
CUST_2522,5.3,1,-0.471,5,173,518.49,978,0,1,22
CUST_2523,6.7,17,-0.74,2,89,435.92,827,0,0,827
CUST_2524,24.5,12,-0.007,3,288,275.08,1412,0,0,1412
CUST_2525,4.9,10,-0.185,1,206,532.88,653,0,0,653
CUST_2526,3.5,5,0.398,0,61,731.32,334,0,0,334
CUST_2527,47.4,18,0.808,1,318,55.18,379,0,0,379
CUST_2528,0.1,15,0.61,2,311,150.45,1392,1,0,1392
CUST_2529,91.9,6,-0.451,1,38,139.83,508,0,1,76
CUST_2530,16.9,7,0.758,2,59,742.4,1518,1,1,39
CUST_2531,26.4,17,0.667,3,104,547.06,1045,0,0,1045
CUST_2532,5.2,6,0.858,3,238,763.84,159,0,0,159
CUST_2533,0.2,8,-0.083,3,126,487.11,216,1,1,21
CUST_2534,20.1,12,0.537,3,82,396.3,1474,0,0,1474
CUST_2535,26.9,14,0.183,0,219,644.26,1549,1,1,64
CUST_2536,20.2,12,-0.379,1,104,170.71,1594,0,1,78
CUST_2537,2.3,10,0.989,1,73,336.0,699,0,0,699
CUST_2538,21.0,15,-0.923,0,134,399.71,264,0,0,264
CUST_2539,22.0,7,-0.675,1,61,273.84,307,1,1,71
CUST_2540,16.1,9,0.785,3,0,328.46,1155,1,1,79
CUST_2541,21.8,10,-0.879,1,78,108.58,1512,0,1,31
CUST_2542,28.1,10,0.774,0,64,198.49,1790,0,1,41
CUST_2543,14.3,16,0.43,2,182,301.62,816,0,0,816
CUST_2544,1.4,7,-0.927,0,65,646.92,864,0,0,864
CUST_2545,10.0,5,-0.141,2,322,186.87,1285,0,0,1285
CUST_2546,1.2,3,0.509,2,355,309.98,303,0,0,303
CUST_2547,7.9,18,0.166,1,207,98.69,394,1,0,394
CUST_2548,7.8,11,0.872,3,53,467.83,1531,0,1,41
CUST_2549,1.0,15,0.735,1,220,508.44,497,0,0,497
CUST_2550,6.4,5,-0.335,1,235,699.14,1678,0,0,1678
CUST_2551,1.8,12,-0.831,2,99,664.34,680,0,0,680
CUST_2552,24.8,4,0.889,1,102,264.03,1781,0,0,1781
CUST_2553,44.3,15,0.035,1,181,152.72,855,0,0,855
CUST_2554,1.1,9,-0.851,2,107,167.06,1327,0,0,1327
CUST_2555,46.6,7,0.633,1,11,776.72,1381,0,1,80
CUST_2556,11.1,10,0.737,1,342,554.92,890,0,0,890
CUST_2557,5.3,13,0.279,2,85,81.93,213,1,0,213
CUST_2558,1.2,8,-0.105,2,287,152.58,947,0,0,947
CUST_2559,10.4,12,0.324,1,326,414.35,1247,1,0,1247
CUST_2560,23.7,19,0.413,1,213,205.87,301,0,0,301
CUST_2561,18.4,1,0.786,2,43,652.74,1353,0,1,59
CUST_2562,0.8,16,0.912,1,321,479.91,1637,0,0,1637
CUST_2563,1.1,17,0.029,4,77,509.47,225,0,0,225
CUST_2564,7.7,18,0.597,1,54,397.12,811,0,0,811
CUST_2565,5.2,11,0.929,0,271,242.05,934,0,0,934
CUST_2566,4.0,18,-0.698,3,343,492.05,360,0,0,360
CUST_2567,4.9,7,-0.963,0,70,587.73,1805,0,0,1805
CUST_2568,24.4,18,0.738,1,67,328.21,1539,1,0,1539
CUST_2569,39.7,8,-0.609,0,179,428.71,649,0,1,47
CUST_2570,7.8,6,-0.915,4,173,679.76,528,1,1,85
CUST_2571,35.5,7,-0.68,1,168,161.51,1453,0,1,77
CUST_2572,5.8,10,-0.232,1,260,458.92,1450,0,0,1450
CUST_2573,9.7,11,-0.561,2,124,311.31,1153,0,0,1153
CUST_2574,3.8,13,-0.389,1,130,577.1,110,0,0,110
CUST_2575,15.3,9,0.951,2,233,64.11,890,0,0,890
CUST_2576,57.9,7,0.409,2,153,552.85,1047,0,1,33
CUST_2577,13.9,9,0.424,1,329,127.17,1070,0,0,1070
CUST_2578,6.6,13,-0.811,2,124,98.58,1758,0,0,1758
CUST_2579,15.7,3,0.464,1,353,593.47,1265,0,0,1265
CUST_2580,2.0,3,0.479,1,99,530.26,155,0,0,155
CUST_2581,32.9,1,0.319,2,52,721.2,1691,1,1,79
CUST_2582,10.5,2,-0.543,1,331,439.74,159,1,1,44
CUST_2583,8.9,3,-0.154,2,127,447.52,1710,1,1,66
CUST_2584,13.2,15,0.693,0,13,580.26,1821,0,0,1821
CUST_2585,14.7,6,0.34,2,4,292.55,1588,0,1,36
CUST_2586,1.1,13,0.466,3,249,77.68,243,0,0,243
CUST_2587,17.2,1,0.175,1,26,222.53,1182,0,1,50
CUST_2588,4.2,19,-0.101,0,124,228.51,1577,1,0,1577
CUST_2589,18.8,1,0.518,3,28,301.74,1706,1,1,3
CUST_2590,25.9,2,-0.864,0,2,757.6,1515,0,1,33
CUST_2591,24.4,15,0.346,0,227,653.63,999,0,0,999
CUST_2592,12.1,14,0.994,0,136,751.97,1110,1,0,1110
CUST_2593,11.0,19,0.56,3,256,798.96,627,0,0,627
CUST_2594,2.3,11,-0.419,1,239,375.33,1327,0,0,1327
CUST_2595,22.4,15,-0.444,2,278,220.3,644,0,0,644
CUST_2596,4.7,6,0.334,2,322,470.0,1392,0,0,1392
CUST_2597,10.3,9,0.792,1,159,710.85,1196,0,0,1196
CUST_2598,5.0,5,0.156,1,5,399.3,452,1,0,452
CUST_2599,2.2,2,0.055,2,304,429.05,363,0,0,363
CUST_2600,14.9,6,-0.679,4,142,150.83,717,0,1,27
CUST_2601,0.8,18,0.431,0,180,365.34,1186,0,0,1186
CUST_2602,20.7,19,0.405,2,29,340.25,293,0,0,293
CUST_2603,5.7,9,0.934,3,252,313.77,176,0,0,176
CUST_2604,0.0,6,-0.4,2,39,715.47,1489,0,0,1489
CUST_2605,10.7,14,0.513,0,186,94.48,41,0,0,41
CUST_2606,0.7,13,-0.132,2,318,779.11,84,0,0,84
CUST_2607,4.8,11,0.117,1,303,56.19,259,0,0,259
CUST_2608,18.4,12,0.633,2,226,759.2,1175,0,0,1175
CUST_2609,1.0,19,-0.556,0,219,461.04,890,0,0,890
CUST_2610,27.4,19,-0.314,2,323,576.83,1286,0,0,1286
CUST_2611,0.1,19,0.547,2,42,190.35,191,0,0,191
CUST_2612,4.3,13,0.141,1,143,540.66,1647,0,0,1647
CUST_2613,20.3,14,-0.815,1,277,711.47,1612,0,0,1612
CUST_2614,5.7,18,-0.14,2,318,154.61,832,0,0,832
CUST_2615,1.6,12,0.173,1,173,145.31,1553,0,0,1553
CUST_2616,6.7,4,0.819,2,246,277.98,1725,1,0,1725
CUST_2617,4.7,10,-0.623,1,172,171.29,208,0,0,208
CUST_2618,27.7,17,0.612,2,40,132.98,1415,0,0,1415
CUST_2619,5.6,4,-0.739,1,49,558.74,1261,1,1,79
CUST_2620,23.3,12,-0.516,2,322,210.37,934,1,1,2
CUST_2621,33.4,13,-0.513,1,179,550.26,581,0,1,27
CUST_2622,8.5,4,0.755,0,341,696.45,755,0,0,755
CUST_2623,36.1,10,-0.602,5,158,539.02,1485,0,1,25
CUST_2624,7.1,3,0.574,1,36,139.53,1509,0,1,12
CUST_2625,49.9,15,-0.076,2,26,480.18,1557,1,1,17
CUST_2626,1.4,2,0.998,2,255,345.22,1207,0,0,1207
CUST_2627,17.4,17,0.678,1,277,307.53,1391,0,0,1391
CUST_2628,10.2,6,0.479,1,248,288.9,322,0,0,322
CUST_2629,7.4,8,0.741,1,180,747.07,465,0,0,465
CUST_2630,15.0,3,0.268,2,16,606.88,425,0,0,425
CUST_2631,18.3,18,0.687,1,124,150.39,195,1,0,195
CUST_2632,0.1,1,-0.478,3,311,407.0,1023,0,0,1023
CUST_2633,2.7,16,-0.805,1,211,288.67,1505,0,0,1505
CUST_2634,18.7,7,0.232,0,236,783.45,813,0,0,813
CUST_2635,16.5,3,-0.131,2,298,783.52,986,0,0,986
CUST_2636,50.7,4,-0.147,1,199,289.65,1589,0,1,74
CUST_2637,21.5,9,0.053,0,180,314.08,430,0,0,430
CUST_2638,45.2,5,-0.277,1,129,499.56,144,0,1,35
CUST_2639,18.2,19,0.252,2,120,409.48,380,0,0,380
CUST_2640,5.3,15,-0.939,2,186,209.83,1313,0,0,1313
CUST_2641,1.7,8,0.94,2,226,545.31,847,0,0,847
CUST_2642,22.8,6,0.849,2,161,300.6,905,0,0,905
CUST_2643,15.5,18,0.871,1,111,540.29,1279,1,1,81
CUST_2644,0.7,19,-0.27,2,133,337.76,643,0,0,643
CUST_2645,6.7,15,0.064,3,185,575.16,1539,0,0,1539
CUST_2646,47.1,7,0.908,0,174,550.85,160,0,1,33
CUST_2647,10.4,10,0.805,2,260,431.61,293,1,0,293
CUST_2648,8.5,6,0.58,2,316,578.55,1577,0,0,1577
CUST_2649,9.2,14,-0.185,1,311,395.72,863,0,0,863
CUST_2650,3.5,17,0.129,0,357,137.1,210,0,0,210
CUST_2651,6.9,9,0.586,0,268,186.58,378,1,0,378
CUST_2652,6.9,19,-0.454,1,281,234.49,500,1,0,500
CUST_2653,0.8,5,0.253,2,223,97.42,190,0,0,190
CUST_2654,21.9,7,0.656,2,251,583.54,143,1,1,10
CUST_2655,8.1,19,0.415,0,63,325.54,47,0,0,47
CUST_2656,25.9,7,-0.041,0,317,120.14,1157,0,0,1157
CUST_2657,28.5,2,0.169,1,123,664.97,1239,0,1,57
CUST_2658,3.6,16,0.977,3,69,562.74,1395,0,0,1395
CUST_2659,16.1,13,0.204,1,237,389.17,1515,1,0,1515
CUST_2660,9.6,8,0.571,0,74,235.57,1658,0,0,1658
CUST_2661,31.8,6,0.453,1,9,163.81,172,0,1,55
CUST_2662,3.6,6,0.403,2,267,393.78,684,0,0,684
CUST_2663,17.0,9,0.433,1,87,713.93,993,0,0,993
CUST_2664,14.0,4,-0.091,2,49,191.3,1665,0,1,71
CUST_2665,5.2,11,-0.052,5,142,476.49,482,0,0,482
CUST_2666,2.2,5,-0.064,0,58,771.26,480,0,0,480
CUST_2667,15.8,17,-0.933,3,317,527.84,91,0,0,91
CUST_2668,20.1,7,-0.518,1,210,379.97,625,1,1,81
CUST_2669,5.7,15,-0.691,3,71,587.28,969,0,1,14
CUST_2670,15.5,15,0.773,4,243,668.43,1329,0,0,1329
CUST_2671,7.5,14,-0.45,1,238,492.89,1732,1,0,1732
CUST_2672,18.7,13,-0.723,2,189,703.87,1348,0,1,45
CUST_2673,3.3,11,-0.76,2,49,435.94,1182,0,1,2
CUST_2674,33.1,13,0.4,1,204,672.52,393,0,0,393
CUST_2675,5.1,9,-0.988,0,53,764.01,1120,0,0,1120
CUST_2676,6.9,10,-0.057,3,309,425.93,76,0,0,76
CUST_2677,0.9,4,-0.762,2,223,503.75,998,1,0,998
CUST_2678,1.8,17,0.699,2,155,507.1,1427,1,0,1427
CUST_2679,10.9,14,0.917,2,359,636.08,851,0,0,851
CUST_2680,4.7,18,0.918,2,50,667.22,689,0,0,689
CUST_2681,27.1,11,-0.116,0,240,70.42,791,1,1,87
CUST_2682,0.2,16,0.289,0,329,600.02,1190,0,0,1190
CUST_2683,7.1,1,0.199,0,160,637.86,1148,1,0,1148
CUST_2684,6.2,7,-0.3,0,128,575.32,267,0,1,26
CUST_2685,0.3,10,-0.112,1,84,585.27,825,1,0,825
CUST_2686,2.0,9,-0.871,5,68,81.05,64,1,1,13
CUST_2687,8.0,3,0.591,0,54,381.53,1349,1,0,1349
CUST_2688,10.2,14,-0.518,2,84,663.63,899,0,0,899
CUST_2689,7.8,15,-0.079,2,344,750.51,521,0,0,521
CUST_2690,11.4,2,-0.039,0,328,222.1,287,0,0,287
CUST_2691,13.6,14,0.121,2,79,484.4,416,0,0,416
CUST_2692,0.1,16,0.636,0,219,653.25,299,0,0,299
CUST_2693,9.4,7,0.384,2,109,614.31,896,1,1,89
CUST_2694,49.7,4,0.326,2,252,514.17,1377,0,1,40
CUST_2695,11.0,18,0.053,0,316,64.02,1100,0,0,1100
CUST_2696,17.0,5,-0.808,2,163,592.91,635,0,1,86
CUST_2697,5.6,6,-0.196,1,102,629.93,723,0,1,61
CUST_2698,22.3,7,0.915,1,112,592.14,983,0,1,14
CUST_2699,22.2,15,0.991,4,251,624.36,1755,1,1,72
CUST_2700,11.1,1,0.461,3,151,373.19,1540,0,0,1540
CUST_2701,56.0,4,-0.545,0,335,795.31,1616,0,1,67
CUST_2702,2.0,1,-0.796,5,250,628.09,1771,0,1,76
CUST_2703,0.3,11,-0.17,2,353,484.01,440,0,0,440
CUST_2704,22.1,18,0.713,4,87,750.64,874,0,0,874
CUST_2705,24.7,14,0.444,0,99,731.15,154,0,0,154
CUST_2706,1.9,11,0.768,1,119,660.93,241,0,0,241
CUST_2707,4.6,10,0.232,1,302,472.77,1422,0,0,1422
CUST_2708,0.3,17,-0.739,1,203,445.33,974,0,0,974
CUST_2709,5.2,4,-0.77,1,148,296.53,949,0,0,949
CUST_2710,22.3,15,-0.904,5,200,238.16,1319,1,1,26
CUST_2711,10.9,16,0.134,1,294,434.27,164,0,0,164
CUST_2712,6.4,13,-0.514,0,2,483.34,814,0,0,814
CUST_2713,7.0,9,0.469,1,67,233.39,819,0,0,819
CUST_2714,0.0,11,0.372,3,153,741.95,344,0,0,344
CUST_2715,5.3,11,-0.364,3,181,467.96,329,0,0,329
CUST_2716,15.6,6,-0.646,0,12,444.88,1351,0,0,1351
CUST_2717,54.9,1,-0.795,1,188,376.73,308,0,1,63
CUST_2718,28.2,6,0.475,0,19,93.55,403,0,0,403
CUST_2719,0.4,13,-0.099,0,338,711.8,755,0,0,755
CUST_2720,34.3,5,-0.353,2,282,287.75,1541,1,1,59
CUST_2721,22.9,15,0.713,1,9,531.85,91,0,0,91
CUST_2722,22.7,18,0.187,2,187,505.58,908,0,0,908
CUST_2723,9.2,14,0.036,1,344,488.37,1107,0,0,1107
CUST_2724,7.6,15,0.487,1,18,444.28,367,0,0,367
CUST_2725,5.4,5,0.631,2,142,186.08,1428,0,0,1428
CUST_2726,1.0,4,0.372,2,102,260.45,906,1,1,18
CUST_2727,3.9,2,-0.12,1,302,443.14,503,0,0,503
CUST_2728,4.2,7,-0.241,1,240,642.01,141,0,0,141
CUST_2729,9.9,10,0.543,1,151,373.99,1019,0,0,1019
CUST_2730,20.6,16,0.036,2,271,202.94,1322,1,0,1322
CUST_2731,9.6,10,0.409,1,336,115.96,353,0,0,353
CUST_2732,0.9,18,0.781,2,187,547.26,648,1,0,648
CUST_2733,47.5,17,0.832,4,209,367.5,824,0,1,26
CUST_2734,42.9,13,-0.445,0,176,144.03,912,0,1,35
CUST_2735,23.1,1,-0.624,2,193,555.85,1733,0,1,81
CUST_2736,71.2,1,-0.477,2,176,205.68,1639,0,1,26
CUST_2737,11.8,15,0.503,1,65,431.76,777,0,0,777
CUST_2738,49.4,1,-0.26,3,309,279.64,1657,0,1,44
CUST_2739,1.2,6,-0.653,1,1,748.77,1138,0,1,7
CUST_2740,6.8,13,-0.803,4,316,221.22,401,0,0,401
CUST_2741,3.8,1,-0.345,2,270,364.94,1128,1,1,12
CUST_2742,3.3,5,-0.728,0,59,769.62,625,0,0,625
CUST_2743,2.3,9,-0.687,2,42,289.04,1810,0,0,1810
CUST_2744,14.6,17,0.368,0,92,533.44,537,0,0,537
CUST_2745,22.8,16,-0.961,1,225,287.55,257,0,0,257
CUST_2746,13.0,8,-0.765,3,285,133.01,624,1,1,25
CUST_2747,2.4,17,0.689,2,62,520.66,1447,0,0,1447
CUST_2748,25.0,15,0.69,1,279,737.02,44,0,0,44
CUST_2749,15.2,1,-0.342,2,13,389.42,1034,0,1,75
CUST_2750,7.4,12,-0.824,3,27,519.63,842,0,0,842
CUST_2751,16.8,5,0.41,2,141,506.67,210,0,1,45
CUST_2752,4.5,6,-0.28,1,107,361.32,1561,0,0,1561
CUST_2753,6.4,1,-0.909,3,289,511.17,367,0,1,51
CUST_2754,37.4,1,-0.684,2,77,244.49,1316,1,1,42
CUST_2755,5.1,10,-0.726,3,246,333.53,955,0,0,955
CUST_2756,9.5,10,0.178,1,11,381.74,107,1,1,20
CUST_2757,33.1,3,0.796,0,183,698.01,258,0,0,258
CUST_2758,18.5,17,0.586,2,316,311.25,1798,0,0,1798
CUST_2759,1.0,19,0.093,1,360,526.35,1083,0,0,1083
CUST_2760,2.4,11,-0.156,0,295,210.05,403,0,0,403
CUST_2761,0.1,18,0.237,0,239,239.43,184,0,0,184
CUST_2762,15.0,2,-0.112,3,262,536.32,846,0,1,20
CUST_2763,8.9,9,-0.508,2,334,621.73,1238,0,0,1238
CUST_2764,2.2,17,0.358,4,72,396.59,477,0,0,477
CUST_2765,47.5,14,0.746,2,67,301.32,898,0,1,12
CUST_2766,11.3,4,-0.254,2,286,732.7,476,1,1,56
CUST_2767,4.2,17,0.683,0,325,151.86,461,1,0,461
CUST_2768,10.4,17,-0.138,2,219,590.54,796,0,0,796
CUST_2769,17.1,12,-0.197,1,46,567.63,1222,0,1,53
CUST_2770,1.2,18,-0.943,0,57,567.68,1134,0,0,1134
CUST_2771,4.8,3,0.391,0,23,751.57,827,0,0,827
CUST_2772,24.7,11,0.615,2,289,596.14,1263,0,1,24
CUST_2773,9.2,18,0.327,0,318,276.17,1312,0,0,1312
CUST_2774,11.9,4,-0.697,1,23,315.06,1017,0,1,1
CUST_2775,8.5,17,-0.793,1,63,343.33,578,1,0,578
CUST_2776,0.7,18,0.146,0,254,73.11,1339,1,0,1339
CUST_2777,2.7,5,-0.197,2,147,735.13,1107,1,0,1107
CUST_2778,8.8,14,-0.142,1,115,105.16,498,1,0,498
CUST_2779,3.5,10,0.936,2,97,574.85,398,0,0,398
CUST_2780,0.8,15,0.448,1,238,597.62,1777,0,0,1777
CUST_2781,27.8,1,-0.176,1,282,682.79,883,0,1,73
CUST_2782,59.6,16,-0.962,0,299,465.02,1153,0,1,24
CUST_2783,23.6,11,-0.932,0,92,593.95,1650,0,1,60
CUST_2784,28.8,6,0.37,0,64,277.04,1013,0,1,82
CUST_2785,4.2,16,0.675,2,173,609.19,754,1,0,754
CUST_2786,48.5,2,0.415,0,309,307.56,1011,0,1,39
CUST_2787,3.3,1,-0.188,1,234,727.13,627,0,0,627
CUST_2788,45.4,9,-0.938,1,166,172.54,1628,0,1,52
CUST_2789,78.9,12,0.935,0,236,286.82,1500,1,1,2
CUST_2790,18.7,17,0.973,3,6,424.08,1245,0,0,1245
CUST_2791,59.6,15,0.099,0,309,631.89,443,1,1,48
CUST_2792,12.6,19,-0.859,1,42,611.6,1535,1,1,88
CUST_2793,4.5,10,0.082,1,275,208.04,122,0,0,122
CUST_2794,8.6,12,0.785,2,339,158.18,1306,1,0,1306
CUST_2795,13.5,14,0.36,0,152,277.98,1703,0,0,1703
CUST_2796,1.1,9,0.44,1,42,412.82,994,0,0,994
CUST_2797,14.6,13,-0.83,2,212,454.25,590,0,0,590
CUST_2798,59.6,3,-0.787,0,200,371.85,1686,1,1,74
CUST_2799,3.2,14,-0.745,1,154,547.32,1092,0,0,1092
CUST_2800,23.6,10,0.809,3,219,370.67,575,0,0,575
CUST_2801,35.8,16,0.052,4,152,759.75,1411,0,1,26
CUST_2802,43.2,7,0.583,2,35,245.73,807,0,1,31
CUST_2803,48.3,4,-0.769,4,225,520.53,1062,0,1,52
CUST_2804,11.1,11,0.855,4,321,508.53,217,1,0,217
CUST_2805,56.8,16,0.642,0,120,261.18,637,0,0,637
CUST_2806,21.2,4,-0.55,1,8,358.77,674,0,1,61
CUST_2807,2.6,17,0.748,1,338,324.11,704,0,0,704
CUST_2808,9.7,13,-0.473,0,334,179.37,168,1,0,168
CUST_2809,19.0,11,-0.589,1,180,407.97,327,0,0,327
CUST_2810,4.3,3,-0.472,0,20,340.0,1133,0,1,40
CUST_2811,15.4,9,0.82,0,271,183.74,1656,1,0,1656
CUST_2812,16.5,6,0.831,3,193,387.41,1309,0,1,12
CUST_2813,2.7,11,-0.342,1,25,366.38,1713,0,1,27
CUST_2814,12.5,16,0.411,2,284,148.52,208,1,0,208
CUST_2815,22.2,19,0.351,1,97,148.39,1310,0,0,1310
CUST_2816,10.4,5,0.613,3,218,535.63,247,0,0,247
CUST_2817,0.2,14,-0.407,1,326,579.94,296,0,0,296
CUST_2818,0.1,17,0.02,0,272,755.89,1370,0,0,1370
CUST_2819,6.6,3,0.335,2,287,115.25,620,0,0,620
CUST_2820,39.1,4,-0.947,0,65,138.4,708,0,1,18
CUST_2821,3.9,16,-0.247,1,314,88.86,645,0,0,645
CUST_2822,15.1,16,0.392,1,110,449.17,879,0,0,879
CUST_2823,3.8,4,-0.495,4,211,517.06,1337,0,0,1337
CUST_2824,5.8,19,0.915,1,170,352.64,1398,0,0,1398
CUST_2825,28.3,17,-0.94,4,338,648.43,756,0,0,756
CUST_2826,19.6,13,0.916,2,58,565.02,104,0,0,104
CUST_2827,1.5,1,-0.566,1,29,789.38,766,0,1,87
CUST_2828,8.4,12,-0.902,2,266,153.42,365,0,0,365
CUST_2829,0.4,4,-0.415,2,153,93.74,833,1,1,88
CUST_2830,9.8,11,0.573,1,349,256.1,884,0,0,884
CUST_2831,16.3,5,0.505,2,1,64.29,1635,0,0,1635
CUST_2832,1.9,2,-0.582,3,168,749.46,392,1,1,37
CUST_2833,5.1,17,-0.606,1,213,277.96,219,0,0,219
CUST_2834,7.6,8,0.285,2,250,464.32,1525,0,0,1525
CUST_2835,37.8,6,-0.084,3,30,288.55,1159,0,1,59
CUST_2836,75.0,9,0.585,1,318,234.36,99,0,1,85
CUST_2837,0.7,13,-0.952,2,182,164.27,551,0,0,551
CUST_2838,21.5,11,0.221,1,188,290.27,1267,0,0,1267
CUST_2839,7.0,16,0.461,0,212,511.56,1012,0,0,1012
CUST_2840,7.5,16,0.987,0,126,778.72,546,0,0,546
CUST_2841,21.1,2,0.358,4,291,468.57,57,0,1,77
CUST_2842,37.6,10,-0.536,1,295,449.53,1368,1,1,19
CUST_2843,45.2,12,-0.784,1,22,76.45,934,0,1,56
CUST_2844,12.9,8,0.282,0,17,680.07,1806,0,1,36
CUST_2845,6.6,11,0.046,1,78,83.63,1560,1,0,1560
CUST_2846,23.2,10,0.798,1,33,729.67,1289,0,0,1289
CUST_2847,4.3,13,0.453,2,106,454.0,121,1,0,121
CUST_2848,12.5,17,0.019,1,304,176.35,392,0,0,392
CUST_2849,6.7,7,-0.193,0,198,388.78,67,0,0,67
CUST_2850,16.0,3,-0.191,1,190,796.24,1784,0,0,1784
CUST_2851,4.1,13,-0.547,0,231,278.81,693,0,0,693
CUST_2852,3.2,19,-0.965,0,61,252.09,733,0,0,733
CUST_2853,37.6,7,0.15,1,41,138.5,1686,1,1,78
CUST_2854,1.6,9,-0.575,1,23,497.86,520,0,0,520
CUST_2855,10.6,19,-0.583,4,162,116.92,1736,0,0,1736
CUST_2856,3.7,13,-0.749,2,182,624.51,1163,0,0,1163
CUST_2857,0.6,8,-0.621,2,332,739.42,173,0,0,173
CUST_2858,0.6,18,-0.936,3,94,748.9,1631,0,0,1631
CUST_2859,2.9,2,0.348,2,82,130.94,863,0,1,42
CUST_2860,30.2,18,-0.197,3,92,468.7,1250,0,1,62
CUST_2861,5.0,18,0.123,2,277,122.83,1099,0,0,1099
CUST_2862,45.1,11,0.274,1,104,479.01,1202,0,1,86
CUST_2863,13.1,1,0.945,1,84,661.24,1625,0,0,1625
CUST_2864,8.6,14,-0.863,0,60,453.34,167,1,0,167
CUST_2865,13.0,16,-0.164,2,207,704.04,519,0,0,519
CUST_2866,10.9,11,-0.508,3,157,651.26,431,0,1,1
CUST_2867,21.3,1,-0.047,0,68,257.41,631,0,1,47
CUST_2868,5.0,7,0.841,2,261,522.58,753,0,0,753
CUST_2869,6.5,16,0.448,1,340,55.56,710,0,0,710
CUST_2870,33.7,14,0.324,2,233,347.03,961,1,1,81
CUST_2871,43.9,15,-0.118,0,138,228.47,654,1,1,64
CUST_2872,33.5,14,0.342,1,279,752.84,370,0,0,370
CUST_2873,8.2,11,-0.935,1,334,354.04,1631,0,0,1631
CUST_2874,22.7,16,0.172,2,230,540.55,331,1,0,331
CUST_2875,9.7,19,0.108,3,359,598.99,147,1,0,147
CUST_2876,10.3,17,-0.307,0,50,629.91,1790,0,0,1790
CUST_2877,3.4,6,-0.597,0,238,601.83,180,0,0,180
CUST_2878,13.4,11,0.615,1,18,266.87,1220,0,0,1220
CUST_2879,3.1,17,-0.892,3,177,564.55,636,0,0,636
CUST_2880,6.0,9,-0.861,1,208,461.76,801,0,0,801
CUST_2881,29.0,18,-0.119,0,130,498.03,1478,0,0,1478
CUST_2882,3.5,17,-0.495,1,230,50.61,1824,1,0,1824
CUST_2883,1.1,12,0.491,4,91,243.69,1026,0,0,1026
CUST_2884,1.1,5,0.268,1,30,748.01,466,0,0,466
CUST_2885,42.4,11,0.545,1,361,267.56,661,0,0,661
CUST_2886,10.6,4,-0.351,1,248,378.51,1127,0,0,1127
CUST_2887,7.9,4,0.481,3,123,190.01,391,0,0,391
CUST_2888,25.0,3,0.725,1,135,153.95,125,0,1,38
CUST_2889,27.1,17,-0.309,3,272,206.5,321,0,1,24
CUST_2890,6.1,7,-0.32,6,354,465.24,1230,0,0,1230
CUST_2891,17.7,4,0.8,1,99,739.27,56,0,0,56
CUST_2892,22.1,13,-0.9,4,218,294.65,850,0,1,86
CUST_2893,15.9,12,-0.3,0,103,292.56,334,0,0,334
CUST_2894,2.5,1,-0.763,0,300,473.11,752,1,0,752
CUST_2895,31.3,19,-0.942,1,96,317.56,899,0,1,12
CUST_2896,11.6,18,-0.774,0,315,732.81,798,0,0,798
CUST_2897,5.0,11,-0.138,1,202,333.39,1015,1,0,1015
CUST_2898,8.3,3,0.374,0,20,417.83,971,0,0,971
CUST_2899,0.6,17,-0.421,0,197,450.04,234,0,0,234
CUST_2900,2.1,12,0.699,1,111,636.55,896,1,0,896
CUST_2901,21.8,10,-0.125,1,148,472.93,1044,1,1,57
CUST_2902,0.0,8,0.936,5,242,229.37,607,0,0,607
CUST_2903,8.1,15,0.908,2,182,142.99,691,1,0,691
CUST_2904,11.1,5,0.547,2,283,753.33,708,0,0,708
CUST_2905,0.8,4,0.865,4,336,651.17,249,1,0,249
CUST_2906,54.2,19,0.414,1,337,67.22,329,0,0,329
CUST_2907,3.8,4,0.791,1,301,666.15,287,0,0,287
CUST_2908,5.4,15,-0.527,1,299,492.95,744,0,0,744
CUST_2909,5.4,17,-0.309,1,88,439.17,269,1,1,10
CUST_2910,3.9,12,0.506,2,221,59.17,1282,0,0,1282
CUST_2911,0.0,3,-0.151,1,247,635.65,1527,1,0,1527
CUST_2912,19.6,10,0.675,3,176,198.55,1209,0,1,61
CUST_2913,51.1,15,0.755,1,117,595.99,247,0,1,76
CUST_2914,3.8,10,-0.401,0,173,61.9,494,0,0,494
CUST_2915,16.3,18,0.647,1,218,647.27,224,0,0,224
CUST_2916,20.3,1,-0.691,2,217,67.28,299,0,1,33
CUST_2917,28.3,3,-0.332,3,318,226.92,1581,0,1,37
CUST_2918,8.2,12,0.036,2,76,251.21,1806,1,0,1806
CUST_2919,5.4,1,-0.547,1,87,168.13,1817,0,0,1817
CUST_2920,5.9,3,0.159,1,77,410.79,592,0,0,592
CUST_2921,18.7,3,0.157,4,200,262.77,385,1,1,70
CUST_2922,25.5,5,-0.586,4,63,794.97,569,0,1,7
CUST_2923,3.0,19,0.591,2,3,484.98,505,0,0,505
CUST_2924,7.0,1,0.263,2,82,474.86,594,0,1,15
CUST_2925,34.8,4,-0.364,1,192,215.65,337,1,1,86
CUST_2926,24.7,4,-0.536,0,5,356.52,657,0,1,32
CUST_2927,62.9,17,0.758,2,192,142.98,438,0,1,79
CUST_2928,21.1,14,0.671,2,216,621.9,1494,0,0,1494
CUST_2929,7.5,18,-0.54,3,346,298.37,550,1,0,550
CUST_2930,13.4,1,-0.929,1,21,613.97,1576,0,1,70
CUST_2931,16.2,16,0.609,0,144,328.77,514,0,0,514
CUST_2932,1.2,3,0.231,1,284,791.57,1672,0,0,1672
CUST_2933,11.8,9,-0.798,0,144,178.34,1311,0,0,1311
CUST_2934,18.5,4,0.175,2,1,51.14,723,0,1,89
CUST_2935,2.7,5,-0.096,1,287,496.12,959,0,0,959
CUST_2936,22.8,11,0.549,1,358,764.71,1223,0,0,1223
CUST_2937,13.1,9,-0.582,2,224,535.29,1514,1,1,57
CUST_2938,45.6,3,-0.094,4,213,114.29,680,0,1,61
CUST_2939,0.7,6,-0.688,2,165,455.36,826,1,1,56
CUST_2940,4.6,11,0.915,1,140,732.12,140,0,0,140
CUST_2941,13.8,9,0.557,3,316,54.88,633,0,0,633
CUST_2942,5.3,15,0.473,5,63,175.18,249,0,0,249
CUST_2943,18.8,3,0.38,2,332,660.92,1058,0,0,1058
CUST_2944,21.3,1,-0.153,5,211,720.43,1585,0,1,82
CUST_2945,1.6,19,0.847,1,288,580.37,1666,0,0,1666
CUST_2946,10.8,14,-0.854,1,97,793.67,1348,0,0,1348
CUST_2947,10.7,17,0.607,2,165,117.66,1511,1,0,1511
CUST_2948,6.9,14,-0.57,1,125,459.26,698,0,0,698
CUST_2949,40.5,17,-0.352,0,156,563.75,924,1,1,85
CUST_2950,26.4,14,0.039,1,249,576.98,542,0,0,542
CUST_2951,17.9,12,0.565,1,60,645.11,1265,1,1,74
CUST_2952,18.8,16,0.677,1,31,738.22,148,1,0,148
CUST_2953,9.3,1,0.167,2,273,321.23,414,0,0,414
CUST_2954,38.1,13,-0.194,3,300,82.22,289,0,1,44
CUST_2955,17.8,6,0.893,1,20,321.83,1452,1,1,28
CUST_2956,19.6,17,-0.507,5,11,553.71,1228,0,1,46
CUST_2957,29.7,12,0.606,1,243,210.09,1467,0,0,1467
CUST_2958,4.8,19,0.224,2,102,657.48,163,1,0,163
CUST_2959,24.7,6,-0.246,3,275,214.82,131,0,0,131
CUST_2960,3.3,7,-0.997,2,6,57.55,414,0,0,414
CUST_2961,6.4,1,-0.107,3,346,431.06,484,0,0,484
CUST_2962,6.1,1,-0.447,1,129,594.85,1115,0,0,1115
CUST_2963,57.6,5,-0.791,3,298,312.24,989,0,1,86
CUST_2964,29.1,6,-0.85,2,96,611.67,930,0,1,84
CUST_2965,18.1,16,-0.305,1,276,378.8,595,1,0,595
CUST_2966,19.5,16,0.23,0,284,178.79,36,0,0,36
CUST_2967,12.4,14,0.675,0,287,117.92,897,1,0,897
CUST_2968,44.1,1,-0.633,2,172,582.94,544,0,1,52
CUST_2969,10.3,13,-0.151,1,331,339.29,361,0,0,361
CUST_2970,7.2,10,-0.216,2,204,734.58,1432,0,0,1432
CUST_2971,2.7,10,0.027,0,102,455.19,474,0,0,474
CUST_2972,23.1,9,0.619,2,112,311.32,364,0,0,364
CUST_2973,19.9,13,0.107,3,359,311.74,1521,0,0,1521
CUST_2974,7.3,3,0.693,4,130,148.58,690,0,1,20
CUST_2975,0.4,18,0.037,1,38,495.34,317,0,0,317
CUST_2976,27.4,2,0.208,0,306,486.63,1065,0,1,36
CUST_2977,0.2,17,-0.125,2,7,650.0,1026,0,0,1026
CUST_2978,18.2,19,0.646,2,45,200.9,1157,0,0,1157
CUST_2979,52.7,13,0.848,0,193,268.09,1676,0,1,24
CUST_2980,8.6,13,0.278,2,5,122.93,1316,1,0,1316
CUST_2981,4.0,1,0.642,2,57,271.51,1488,0,0,1488
CUST_2982,18.3,2,-0.882,2,168,371.08,202,1,1,84
CUST_2983,25.5,1,0.812,0,121,773.02,1660,0,0,1660
CUST_2984,11.9,5,-0.622,2,248,539.8,350,1,1,53
CUST_2985,51.2,3,-0.487,2,206,637.16,1768,0,1,40
CUST_2986,0.8,7,-0.893,4,114,294.13,1098,0,1,50
CUST_2987,10.5,13,0.931,3,238,158.38,1599,0,0,1599
CUST_2988,19.0,18,0.704,2,53,242.54,240,1,0,240
CUST_2989,29.8,7,0.826,1,75,242.35,936,0,1,35
CUST_2990,3.0,1,0.694,1,168,487.34,766,0,0,766
CUST_2991,24.1,5,-0.041,2,47,306.1,446,0,1,37
CUST_2992,12.1,17,0.848,1,223,693.05,293,0,0,293
CUST_2993,7.6,8,0.939,1,69,791.41,330,0,0,330
CUST_2994,2.1,15,0.005,1,154,307.47,1509,0,0,1509
CUST_2995,30.1,4,-0.649,1,46,578.8,1279,0,1,85
CUST_2996,2.6,2,0.317,3,278,543.11,133,0,0,133
CUST_2997,5.6,5,0.951,1,201,195.85,1016,0,0,1016
CUST_2998,5.1,1,0.744,2,141,738.51,250,0,0,250
CUST_2999,30.8,5,0.724,0,316,199.58,363,0,0,363
CUST_3000,16.8,6,0.868,1,125,602.72,447,0,0,447
CUST_3001,23.9,2,0.788,1,331,310.71,1354,0,0,1354
CUST_3002,4.3,1,0.553,2,152,325.31,664,0,0,664
CUST_3003,14.7,4,0.437,1,64,391.59,1538,0,0,1538
CUST_3004,12.7,7,-0.47,2,95,698.38,990,0,0,990
CUST_3005,26.8,1,0.243,1,180,155.19,1510,0,1,78
CUST_3006,35.5,1,0.043,2,361,90.93,465,0,1,74
CUST_3007,0.2,8,0.724,2,177,351.53,423,0,0,423
CUST_3008,16.8,16,-0.017,3,128,91.69,763,0,0,763
CUST_3009,0.8,13,-0.745,3,38,565.7,72,0,0,72
CUST_3010,11.9,18,-0.99,3,299,620.24,239,1,0,239
CUST_3011,5.1,10,0.356,1,360,691.03,995,0,0,995
CUST_3012,5.5,12,0.1,1,349,607.88,40,0,0,40
CUST_3013,6.5,1,-0.338,2,132,737.26,245,0,1,48
CUST_3014,14.6,10,-0.662,1,108,611.23,1217,0,1,25
CUST_3015,6.1,9,-0.067,3,71,752.06,254,0,0,254
CUST_3016,19.8,3,-0.799,0,207,194.83,1790,0,0,1790
CUST_3017,7.8,19,-0.328,2,64,424.9,1299,0,0,1299
CUST_3018,1.1,9,-0.242,3,240,795.45,687,0,0,687
CUST_3019,23.0,10,-0.069,1,78,561.18,1756,0,0,1756
CUST_3020,5.0,19,-0.067,0,87,708.98,802,0,0,802
CUST_3021,8.5,16,-0.486,1,177,72.8,45,0,0,45
CUST_3022,17.3,18,0.7,1,261,703.82,1247,0,0,1247
CUST_3023,6.1,14,-0.289,2,65,573.28,1062,0,0,1062
CUST_3024,0.9,3,-0.541,2,324,178.07,543,0,0,543
CUST_3025,7.0,2,-0.648,1,104,69.26,322,1,1,59
CUST_3026,43.4,1,-0.355,3,97,244.94,1137,0,1,61
CUST_3027,15.4,18,-0.865,0,95,736.83,1262,0,0,1262
CUST_3028,16.7,9,-0.934,1,45,551.1,87,0,1,63
CUST_3029,15.0,13,0.21,2,30,739.6,1014,0,1,26
CUST_3030,3.3,2,0.238,1,203,384.61,880,1,0,880
CUST_3031,8.1,7,0.059,1,147,752.47,1565,0,0,1565
CUST_3032,20.9,16,0.525,1,131,397.22,1671,0,0,1671
CUST_3033,1.6,19,-0.922,2,185,203.19,677,1,0,677
CUST_3034,4.9,15,0.872,2,188,163.55,1384,0,0,1384
CUST_3035,4.9,11,-0.81,0,126,795.36,490,0,0,490
CUST_3036,8.5,1,0.348,2,363,300.4,1642,0,0,1642
CUST_3037,59.0,7,-0.733,0,296,170.04,998,0,1,74
CUST_3038,1.0,8,0.76,0,308,56.31,1378,0,0,1378
CUST_3039,11.0,10,0.021,3,86,264.18,1263,0,0,1263
CUST_3040,3.0,5,-0.835,1,120,716.84,1797,0,0,1797
CUST_3041,52.9,9,0.233,2,331,450.51,1178,0,1,52
CUST_3042,1.8,1,-0.982,2,303,524.33,721,0,0,721
CUST_3043,7.8,2,0.552,2,134,741.79,1515,0,0,1515
CUST_3044,20.1,19,0.301,2,327,434.63,319,1,0,319
CUST_3045,18.3,14,-0.575,1,198,678.71,1267,0,0,1267
CUST_3046,8.2,10,-0.25,2,170,292.87,1485,0,1,68
CUST_3047,6.4,9,-0.984,0,259,782.83,1150,1,0,1150
CUST_3048,7.6,10,0.387,3,123,109.11,949,0,0,949
CUST_3049,4.6,6,-0.355,1,241,593.62,278,0,0,278
CUST_3050,3.4,17,0.143,2,70,545.42,1556,0,0,1556
CUST_3051,9.9,6,0.913,2,58,193.75,762,0,0,762
CUST_3052,4.7,4,-0.401,1,108,341.63,554,0,0,554
CUST_3053,5.1,3,0.98,1,40,284.62,1558,1,1,38
CUST_3054,16.0,19,0.265,3,285,120.87,1144,0,0,1144
CUST_3055,51.9,18,-0.516,0,145,488.59,734,0,1,88
CUST_3056,13.9,4,-0.126,4,285,795.25,1764,0,1,56
CUST_3057,1.2,8,0.481,1,51,469.69,801,0,0,801
CUST_3058,1.2,17,-0.107,2,175,458.94,605,0,0,605
CUST_3059,45.4,5,-0.863,2,278,80.24,871,1,1,69
CUST_3060,5.3,13,-0.663,3,164,154.42,773,0,1,87
CUST_3061,1.4,1,0.583,0,326,434.91,1792,0,0,1792
CUST_3062,13.7,13,0.297,0,251,788.88,196,1,0,196
CUST_3063,14.7,4,0.14,1,102,707.46,1304,0,0,1304
CUST_3064,15.7,14,-0.665,1,52,305.16,1500,0,0,1500
CUST_3065,4.7,3,0.676,2,254,457.25,1239,0,0,1239
CUST_3066,0.2,5,0.921,1,360,464.53,278,0,0,278
CUST_3067,50.3,7,-0.918,1,172,564.02,369,0,1,18
CUST_3068,4.3,1,-0.844,2,250,565.84,1499,0,1,80
CUST_3069,16.9,12,0.769,3,176,642.34,1191,0,0,1191
CUST_3070,18.4,11,0.631,3,48,68.73,138,0,0,138
CUST_3071,14.1,8,0.236,2,110,757.76,859,0,0,859
CUST_3072,5.6,6,0.89,2,209,102.55,446,0,0,446
CUST_3073,4.7,2,0.293,0,247,407.12,455,0,0,455
CUST_3074,13.7,19,-0.568,1,174,739.68,1097,0,0,1097
CUST_3075,30.2,14,0.457,2,106,415.75,371,0,0,371
CUST_3076,44.0,1,0.291,1,152,97.73,1032,0,1,26
CUST_3077,1.7,10,0.971,2,346,221.93,230,0,0,230
CUST_3078,2.5,16,-0.572,2,154,484.0,407,0,0,407
CUST_3079,43.4,4,0.196,1,139,115.9,1157,0,1,78
CUST_3080,20.0,11,0.56,1,150,367.76,487,0,0,487
CUST_3081,32.2,16,-0.322,0,272,296.82,1020,0,0,1020
CUST_3082,3.4,1,-0.241,1,43,661.41,1468,1,1,43
CUST_3083,13.3,16,0.776,2,70,132.6,930,1,0,930
CUST_3084,18.1,19,-0.192,1,124,562.1,661,0,0,661
CUST_3085,17.1,9,0.249,0,151,354.94,1455,1,0,1455
CUST_3086,7.9,9,0.778,1,348,490.81,1443,0,0,1443
CUST_3087,0.2,9,-0.58,5,315,204.15,1415,1,0,1415
CUST_3088,13.1,17,0.964,3,308,507.28,1487,0,0,1487
CUST_3089,4.4,12,0.404,0,219,555.48,1436,0,0,1436
CUST_3090,9.0,13,-0.008,1,214,102.67,1081,0,0,1081
CUST_3091,47.4,8,-0.138,0,329,668.26,1160,0,1,34
CUST_3092,7.6,16,0.909,2,143,695.94,569,0,0,569
CUST_3093,27.5,18,-0.589,2,106,97.67,1239,0,1,32
CUST_3094,3.1,1,-0.377,2,353,502.39,224,0,0,224
CUST_3095,16.7,1,-0.384,1,280,495.51,1199,0,0,1199
CUST_3096,56.6,12,-0.422,1,321,59.34,801,0,1,28
CUST_3097,1.6,6,-0.063,1,305,306.76,901,0,0,901
CUST_3098,0.1,9,0.978,0,324,776.69,718,0,0,718
CUST_3099,8.5,5,0.778,2,333,466.59,157,0,0,157
CUST_3100,1.5,16,-0.344,0,63,749.91,135,0,0,135
CUST_3101,20.7,18,-0.154,2,283,556.73,1469,0,0,1469
CUST_3102,36.9,17,0.339,1,264,71.29,381,0,0,381
CUST_3103,8.5,18,-0.966,1,5,108.28,1436,0,0,1436
CUST_3104,4.5,1,0.64,0,167,591.63,1776,0,0,1776
CUST_3105,8.5,19,0.76,3,354,465.93,1402,0,0,1402
CUST_3106,19.3,8,0.714,1,172,145.36,1534,0,0,1534
CUST_3107,0.1,3,-0.25,3,337,510.55,863,1,0,863
CUST_3108,13.4,5,-0.076,0,118,657.72,343,1,1,41
CUST_3109,14.3,8,-0.975,1,225,614.74,1576,0,1,24
CUST_3110,15.2,19,-0.201,0,173,234.62,1030,1,0,1030
CUST_3111,4.2,18,-0.079,0,128,243.65,1413,0,0,1413
CUST_3112,18.8,18,0.814,0,186,775.88,1374,0,0,1374
CUST_3113,1.4,1,0.788,2,62,715.55,413,0,0,413
CUST_3114,3.3,15,0.932,3,273,288.75,1031,0,0,1031
CUST_3115,31.5,18,0.77,1,85,668.04,46,1,1,2
CUST_3116,20.1,7,-0.984,2,209,171.3,1423,0,0,1423
CUST_3117,0.2,16,0.283,1,192,197.63,1119,0,0,1119
CUST_3118,4.3,16,-0.864,3,237,185.9,915,0,0,915
CUST_3119,3.6,15,-0.455,1,19,115.79,1166,1,1,84
CUST_3120,4.7,6,0.157,0,181,691.01,1697,0,0,1697
CUST_3121,4.3,9,0.401,2,47,484.11,1469,0,0,1469
CUST_3122,1.0,7,0.309,2,227,244.22,100,0,0,100
CUST_3123,9.2,14,-0.902,4,53,686.49,1114,1,1,54
CUST_3124,19.8,11,-0.793,2,101,651.99,473,0,1,70
CUST_3125,14.0,16,-0.743,1,88,125.71,998,0,0,998
CUST_3126,16.8,6,-0.817,2,143,533.1,1367,0,1,83
CUST_3127,1.3,16,-0.644,0,147,591.38,512,0,0,512
CUST_3128,45.4,16,0.377,2,229,586.87,1297,0,1,66
CUST_3129,27.3,12,0.662,2,302,592.36,546,0,0,546
CUST_3130,24.5,17,-0.182,2,249,177.09,1423,0,0,1423
CUST_3131,26.0,5,0.386,1,224,286.31,346,0,1,18
CUST_3132,40.5,13,-0.6,1,160,683.13,1074,0,1,65
CUST_3133,11.8,8,0.947,3,167,723.79,727,0,0,727
CUST_3134,3.4,5,-0.3,3,109,259.39,750,0,0,750
CUST_3135,14.4,12,0.692,2,260,67.26,260,0,0,260
CUST_3136,20.4,9,0.891,3,172,694.83,1579,1,1,36
CUST_3137,20.1,3,0.729,3,296,332.82,893,0,0,893
CUST_3138,11.1,3,-0.866,1,242,297.1,1644,0,0,1644
CUST_3139,1.1,1,0.301,1,208,310.25,1522,0,0,1522
CUST_3140,7.0,18,-0.76,1,242,361.77,1747,0,0,1747
CUST_3141,38.0,12,-0.989,2,253,333.7,1131,0,1,37
CUST_3142,13.2,9,-0.896,1,81,474.82,592,0,0,592
CUST_3143,11.6,9,0.832,2,30,109.21,798,1,0,798
CUST_3144,4.7,18,0.817,0,3,778.66,837,0,0,837
CUST_3145,6.9,18,-0.548,0,193,752.34,559,0,0,559
CUST_3146,33.9,7,0.094,3,55,750.8,319,0,1,69
CUST_3147,16.5,4,0.91,2,260,709.46,1271,1,0,1271
CUST_3148,23.2,13,-0.007,3,80,545.24,129,0,0,129
CUST_3149,9.1,17,-0.213,1,53,215.83,178,0,0,178
CUST_3150,14.9,2,-0.034,3,95,87.11,1438,0,1,37
CUST_3151,4.3,14,0.58,1,348,124.49,1208,0,0,1208
CUST_3152,18.3,3,-0.045,1,335,292.99,424,1,1,1
CUST_3153,8.4,5,0.567,2,256,427.91,405,0,0,405
CUST_3154,8.8,14,-0.137,3,203,794.94,131,0,0,131
CUST_3155,15.7,3,-0.496,2,210,376.58,1680,1,1,7
CUST_3156,41.3,7,-0.347,4,328,443.48,811,0,1,29
CUST_3157,1.0,18,-0.844,1,316,571.37,121,0,0,121
CUST_3158,26.1,13,-0.005,1,125,185.55,440,0,0,440
CUST_3159,5.2,10,-0.704,3,6,749.62,435,0,0,435
CUST_3160,8.8,13,0.623,2,124,446.78,50,0,0,50
CUST_3161,0.3,16,-0.159,1,270,257.19,661,0,0,661
CUST_3162,5.4,9,0.53,3,107,751.33,1461,0,0,1461
CUST_3163,10.5,2,0.909,0,259,519.09,48,0,0,48
CUST_3164,0.9,5,0.699,3,318,412.77,1589,1,0,1589
CUST_3165,10.1,17,0.903,0,69,485.12,1591,0,0,1591
CUST_3166,39.3,4,0.136,0,37,611.23,182,0,1,48
CUST_3167,1.7,17,-0.669,1,174,165.9,330,0,0,330
CUST_3168,21.7,9,0.871,0,187,698.62,442,0,0,442
CUST_3169,7.9,2,0.737,1,226,769.63,231,0,1,34
CUST_3170,16.0,18,0.729,1,257,475.25,168,1,0,168
CUST_3171,4.5,11,0.387,1,196,561.7,53,0,0,53
CUST_3172,2.6,13,0.25,1,7,694.88,41,0,0,41
CUST_3173,2.6,8,-0.971,2,50,331.11,164,1,1,61
CUST_3174,1.1,1,0.496,0,221,794.62,965,0,0,965
CUST_3175,3.1,17,-0.817,2,18,560.38,110,0,0,110
CUST_3176,16.4,12,-0.48,0,349,368.0,1408,1,0,1408
CUST_3177,32.0,4,0.103,1,246,558.0,1123,0,1,42
CUST_3178,25.2,13,-0.097,1,30,441.26,1257,1,1,83
CUST_3179,17.3,9,-0.968,1,79,133.73,620,0,0,620
CUST_3180,1.8,7,0.648,3,357,646.9,1021,0,0,1021
CUST_3181,5.1,5,0.758,1,21,473.28,1332,0,0,1332
CUST_3182,5.6,5,0.364,1,288,646.88,740,0,0,740
CUST_3183,4.3,17,0.082,1,241,166.18,1432,1,0,1432
CUST_3184,10.9,9,0.921,2,213,453.77,1347,1,0,1347
CUST_3185,11.5,6,-0.76,0,199,624.97,1468,0,1,22
CUST_3186,6.6,19,0.476,1,164,791.23,826,0,0,826
CUST_3187,6.5,16,-0.743,1,139,713.3,1481,0,0,1481
CUST_3188,26.5,2,-0.236,3,319,698.26,1209,0,1,54
CUST_3189,23.4,10,0.171,0,284,235.6,1641,0,0,1641
CUST_3190,5.5,16,0.474,0,12,678.49,760,0,0,760
CUST_3191,36.8,5,-0.993,2,25,176.96,306,1,1,68
CUST_3192,45.8,15,-0.479,0,21,198.58,1318,1,1,14
CUST_3193,5.9,13,0.076,3,348,132.59,78,0,0,78
CUST_3194,6.6,13,0.066,2,75,693.2,639,0,0,639
CUST_3195,10.6,13,0.275,2,91,131.19,322,0,0,322
CUST_3196,42.5,15,-0.392,0,328,153.58,1074,0,0,1074
CUST_3197,31.4,14,0.081,2,265,234.42,1497,1,1,4
CUST_3198,1.6,8,-0.62,0,47,479.5,1588,0,0,1588
CUST_3199,7.5,11,-0.626,1,169,710.14,501,1,1,64
CUST_3200,12.1,18,0.153,1,345,363.67,1191,0,0,1191
CUST_3201,10.5,4,0.371,1,244,459.71,259,0,0,259
CUST_3202,3.2,10,-0.759,3,227,174.87,867,1,0,867
CUST_3203,29.4,1,-0.754,2,186,249.46,1458,0,1,80
CUST_3204,16.9,5,0.131,1,167,150.44,386,1,0,386
CUST_3205,27.3,13,-0.46,3,202,357.44,570,0,0,570
CUST_3206,29.4,1,-0.215,2,5,492.75,856,1,1,79
CUST_3207,20.7,8,-0.199,2,131,263.01,965,0,1,69
CUST_3208,8.7,3,-0.643,0,244,684.5,1074,0,0,1074
CUST_3209,14.1,3,-0.997,2,90,785.93,1664,0,1,43
CUST_3210,2.6,7,0.706,1,310,140.12,1628,0,0,1628
CUST_3211,16.8,4,0.43,2,125,63.4,843,1,1,77
CUST_3212,3.0,3,0.381,2,241,642.33,674,1,0,674
CUST_3213,17.8,15,0.093,2,248,192.98,556,0,0,556
CUST_3214,3.9,8,0.402,2,6,314.86,1051,1,1,77
CUST_3215,1.9,3,0.871,0,87,345.67,1158,0,0,1158
CUST_3216,2.7,7,0.331,0,85,737.45,652,0,0,652
CUST_3217,0.0,18,-0.47,1,354,544.13,880,0,0,880
CUST_3218,19.0,11,0.141,3,144,80.46,1389,0,0,1389
CUST_3219,19.8,11,-0.115,2,330,61.11,453,0,0,453
CUST_3220,10.9,17,0.113,2,197,199.68,652,0,0,652
CUST_3221,2.6,6,0.035,1,362,288.63,33,0,0,33
CUST_3222,1.3,8,0.718,2,163,413.39,498,0,0,498
CUST_3223,0.3,1,0.304,0,144,678.38,693,0,0,693
CUST_3224,2.7,10,-0.622,1,341,286.11,1607,0,0,1607
CUST_3225,33.2,19,-0.874,1,0,332.4,916,0,1,76
CUST_3226,4.1,3,-0.151,3,119,297.0,567,1,0,567
CUST_3227,6.6,4,-0.969,2,66,56.72,1247,0,1,60
CUST_3228,1.7,11,-0.363,3,354,766.4,389,0,0,389
CUST_3229,3.8,15,-0.264,3,48,154.25,549,0,0,549
CUST_3230,11.0,1,-0.249,2,306,265.75,1126,1,1,61
CUST_3231,14.0,9,0.959,4,326,146.98,1131,0,0,1131
CUST_3232,4.2,11,-0.392,2,286,417.91,1713,0,0,1713
CUST_3233,0.9,19,-0.47,4,23,749.12,97,1,0,97
CUST_3234,7.4,13,-0.741,0,210,125.53,724,0,0,724
CUST_3235,4.0,16,0.022,2,292,380.67,1387,0,0,1387
CUST_3236,3.7,4,-0.693,2,62,66.78,114,0,1,10
CUST_3237,48.2,1,0.233,1,55,628.17,1549,1,1,67
CUST_3238,14.4,13,-0.69,2,17,530.92,108,0,0,108
CUST_3239,12.2,1,0.153,1,361,574.77,1604,1,0,1604
CUST_3240,8.1,5,0.653,1,76,404.25,1359,0,0,1359
CUST_3241,8.4,5,-0.915,2,259,730.72,49,0,1,12
CUST_3242,11.7,14,-0.161,2,120,357.17,1635,0,0,1635
CUST_3243,17.9,14,-0.078,2,183,435.56,185,0,0,185
CUST_3244,18.2,8,0.582,1,47,571.47,1170,1,1,78
CUST_3245,2.8,4,-0.064,2,146,440.42,909,0,0,909
CUST_3246,10.4,7,0.135,0,281,192.0,968,0,0,968
CUST_3247,8.0,19,0.582,1,363,287.8,1503,0,0,1503
CUST_3248,30.7,15,0.12,1,293,119.22,57,0,0,57
CUST_3249,15.0,4,-0.283,0,79,374.46,639,0,1,43
CUST_3250,11.4,19,-0.828,3,235,507.04,1003,0,0,1003
CUST_3251,1.8,9,0.46,1,228,138.9,1382,1,0,1382
CUST_3252,14.0,13,0.742,2,283,522.94,1716,0,0,1716
CUST_3253,1.9,14,0.94,1,60,719.65,1417,1,0,1417
CUST_3254,6.2,14,0.853,1,219,303.29,448,0,0,448
CUST_3255,2.3,10,0.595,2,344,216.52,51,0,0,51
CUST_3256,17.7,16,0.287,1,88,719.75,290,0,0,290
CUST_3257,3.5,5,0.563,1,263,568.96,89,1,1,5
CUST_3258,7.5,6,-0.136,1,227,129.05,966,0,0,966
CUST_3259,33.9,2,0.19,0,102,356.08,1466,0,1,66
CUST_3260,3.4,13,-0.303,2,87,555.57,192,0,0,192
CUST_3261,10.6,13,-0.347,2,22,480.79,1167,0,0,1167
CUST_3262,8.2,19,0.513,0,292,513.91,383,0,0,383
CUST_3263,0.3,18,-0.092,1,266,475.35,225,0,0,225
CUST_3264,23.6,19,-0.576,2,16,648.55,1098,0,0,1098
CUST_3265,1.1,1,-0.596,1,284,290.32,654,1,0,654
CUST_3266,9.6,8,0.718,0,312,581.35,934,0,0,934
CUST_3267,12.3,16,0.356,1,161,793.31,208,0,0,208
CUST_3268,14.9,2,0.092,2,77,342.47,1546,0,0,1546
CUST_3269,17.5,8,-0.198,2,121,643.29,354,0,0,354
CUST_3270,4.4,6,-0.138,1,111,234.58,399,1,0,399
CUST_3271,0.2,16,-0.885,2,238,261.42,597,0,0,597
CUST_3272,19.3,11,-0.09,1,209,751.15,1400,0,0,1400
CUST_3273,11.5,17,0.591,0,348,69.45,808,0,0,808
CUST_3274,27.1,19,-0.224,1,1,213.07,955,0,0,955
CUST_3275,25.8,11,-0.233,4,202,412.19,144,0,0,144
CUST_3276,27.8,8,-0.969,2,286,351.39,386,0,1,80
CUST_3277,10.0,4,-0.084,1,116,521.88,1220,0,1,6
CUST_3278,6.1,11,-0.949,2,299,194.54,1407,0,0,1407
CUST_3279,23.5,8,0.141,1,345,102.91,144,1,0,144
CUST_3280,9.0,9,0.014,0,113,327.0,1461,0,0,1461
CUST_3281,3.0,2,0.68,0,73,443.27,1645,0,0,1645
CUST_3282,29.0,16,0.164,0,240,471.5,827,0,0,827
CUST_3283,32.1,6,-0.353,2,301,501.12,352,0,0,352
CUST_3284,9.4,19,0.032,1,53,461.5,1594,0,0,1594
CUST_3285,1.2,8,0.399,1,158,234.31,71,0,0,71
CUST_3286,7.4,14,-0.812,2,108,623.41,1513,0,0,1513
CUST_3287,24.4,16,0.242,3,279,115.84,1172,0,0,1172
CUST_3288,34.8,12,0.833,3,152,198.77,603,0,0,603
CUST_3289,3.4,5,-0.402,0,162,604.53,1720,0,0,1720
CUST_3290,1.0,19,0.253,1,56,259.79,1503,0,0,1503
CUST_3291,31.5,18,0.643,3,327,420.11,470,0,1,17
CUST_3292,7.4,9,0.024,4,324,295.4,1242,0,0,1242
CUST_3293,11.7,2,0.436,1,213,430.24,314,0,0,314
CUST_3294,51.7,12,-0.378,1,27,309.99,133,1,1,57
CUST_3295,1.0,2,-0.388,2,203,795.66,598,1,0,598
CUST_3296,15.7,10,0.335,3,32,318.11,486,1,1,89
CUST_3297,1.2,1,0.411,1,308,520.29,340,0,0,340
CUST_3298,7.1,4,0.874,1,121,716.26,1737,1,0,1737
CUST_3299,24.4,12,-0.55,1,15,528.45,1437,0,1,15
CUST_3300,8.5,9,-0.064,1,153,474.39,1721,1,0,1721
CUST_3301,88.1,4,-0.499,1,342,476.92,1218,1,1,49
CUST_3302,12.3,9,-0.84,3,217,422.35,436,0,1,36
CUST_3303,5.8,6,-0.194,1,104,655.69,874,0,0,874
CUST_3304,3.7,1,-0.252,0,76,87.82,610,0,0,610
CUST_3305,6.5,10,-0.459,0,86,713.85,1529,0,0,1529
CUST_3306,7.0,14,-0.406,1,30,489.72,1111,0,0,1111
CUST_3307,1.1,18,-0.279,1,99,686.65,748,0,0,748
CUST_3308,6.9,6,0.978,0,154,57.79,1469,0,0,1469
CUST_3309,9.4,18,0.566,0,291,701.96,626,0,0,626
CUST_3310,19.2,16,-0.857,2,314,140.1,1666,1,0,1666
CUST_3311,16.0,15,0.745,0,105,590.91,1304,0,0,1304
CUST_3312,18.5,16,0.267,1,229,362.39,1273,0,0,1273
CUST_3313,0.1,8,0.781,5,2,560.8,1213,0,0,1213
CUST_3314,3.7,13,-0.317,2,221,521.14,216,1,0,216
CUST_3315,16.3,11,-0.071,1,120,172.55,925,0,0,925
CUST_3316,9.9,7,0.792,5,159,435.96,1652,0,0,1652
CUST_3317,0.1,17,-0.455,3,270,257.92,493,0,0,493
CUST_3318,24.5,18,0.831,1,330,470.33,1551,0,0,1551
CUST_3319,22.2,19,0.657,1,193,603.5,359,0,0,359
CUST_3320,11.9,13,0.961,2,217,110.94,378,0,0,378
CUST_3321,1.0,15,-0.351,1,190,436.82,529,0,0,529
CUST_3322,21.8,1,-0.528,1,251,513.22,1720,0,1,73
CUST_3323,13.1,16,-0.338,1,225,271.53,519,0,0,519
CUST_3324,22.8,5,0.909,1,0,764.75,1034,0,1,84
CUST_3325,20.9,3,-0.334,3,132,440.23,309,0,1,47
CUST_3326,24.4,10,0.13,1,89,186.89,884,0,1,47
CUST_3327,10.9,19,-0.193,1,5,130.84,1217,1,1,10
CUST_3328,2.3,5,-0.208,2,243,456.24,1034,0,0,1034
CUST_3329,16.7,7,-0.613,1,132,331.43,427,0,0,427
CUST_3330,14.5,14,0.074,3,115,194.41,1121,1,1,47
CUST_3331,20.3,3,0.699,0,72,73.02,457,1,1,44
CUST_3332,2.8,13,-0.901,0,155,474.95,1485,0,0,1485
CUST_3333,3.3,13,0.778,0,210,498.95,404,1,0,404
CUST_3334,33.2,10,0.331,0,68,156.35,1045,1,1,17
CUST_3335,20.8,2,0.233,3,299,501.3,1777,0,1,17
CUST_3336,35.8,6,0.252,3,143,763.98,661,0,1,39
CUST_3337,21.3,8,-0.407,4,198,783.72,1018,0,1,43
CUST_3338,13.6,4,-0.17,2,205,716.37,726,1,1,76
CUST_3339,15.9,12,0.599,2,200,655.31,1476,0,0,1476
CUST_3340,33.0,15,-0.387,2,238,207.03,957,0,0,957
CUST_3341,13.0,8,-0.06,3,67,167.33,1781,1,1,1
CUST_3342,15.0,7,-0.961,4,170,383.71,1695,1,1,58
CUST_3343,2.6,14,0.467,3,296,514.72,107,0,0,107
CUST_3344,9.6,19,-0.165,0,69,688.01,517,0,0,517
CUST_3345,18.9,14,0.051,4,286,223.97,1223,0,1,5
CUST_3346,4.7,13,-0.771,3,16,409.74,1091,1,0,1091
CUST_3347,3.4,1,0.983,1,136,535.58,596,1,0,596
CUST_3348,5.6,19,-0.395,5,218,384.2,980,1,1,82
CUST_3349,4.1,1,0.27,2,310,390.65,1343,1,0,1343
CUST_3350,3.6,4,0.162,1,5,218.84,587,0,0,587
CUST_3351,8.3,10,0.57,1,197,790.0,200,0,0,200
CUST_3352,35.8,3,-0.412,0,131,406.39,671,0,1,65
CUST_3353,10.6,9,0.512,3,362,449.56,1729,0,0,1729
CUST_3354,3.1,3,-0.235,3,343,213.92,1635,0,1,84
CUST_3355,1.2,6,-0.178,1,183,435.6,321,0,0,321
CUST_3356,17.9,6,0.345,0,17,241.51,610,1,0,610
CUST_3357,7.2,12,0.569,1,212,201.75,451,0,0,451
CUST_3358,25.9,1,0.334,1,47,256.79,134,1,1,58
CUST_3359,16.2,16,0.8,1,28,52.07,595,0,0,595
CUST_3360,23.9,5,-0.43,1,152,477.61,1459,0,1,82
CUST_3361,4.8,9,0.801,0,331,340.61,909,0,0,909
CUST_3362,17.7,10,-0.738,1,237,724.02,1512,1,1,58
CUST_3363,4.6,13,0.319,3,318,80.53,904,0,0,904
CUST_3364,42.0,15,0.095,2,264,82.4,277,1,0,277
CUST_3365,15.2,12,-0.011,2,198,714.41,956,0,0,956
CUST_3366,5.9,5,-0.378,0,13,144.98,338,0,0,338
CUST_3367,4.7,5,0.007,0,275,51.62,1426,1,0,1426
CUST_3368,3.2,18,-0.676,1,9,184.19,1159,0,0,1159
CUST_3369,17.8,12,-0.261,1,138,667.91,344,0,0,344
CUST_3370,3.7,3,-0.803,1,166,652.04,638,0,0,638
CUST_3371,13.6,7,0.144,0,146,305.1,974,0,0,974
CUST_3372,4.6,17,-0.808,0,244,551.02,568,0,0,568
CUST_3373,16.3,19,-0.679,3,69,430.44,101,0,1,44
CUST_3374,25.3,18,-0.829,2,327,728.55,407,1,0,407
CUST_3375,22.6,1,-0.237,2,320,92.32,1549,0,1,28
CUST_3376,21.5,5,0.684,1,103,659.88,1238,0,0,1238
CUST_3377,3.1,2,0.814,1,228,177.95,163,0,0,163
CUST_3378,1.4,1,-0.856,2,315,343.72,1227,0,1,80
CUST_3379,18.0,7,0.269,4,137,193.97,1663,0,1,54
CUST_3380,6.9,11,0.369,1,318,576.96,422,0,0,422
CUST_3381,8.5,11,0.068,1,35,558.74,1117,0,1,17
CUST_3382,0.5,18,0.334,1,117,460.92,1025,0,0,1025
CUST_3383,4.5,17,-0.533,1,254,573.62,444,0,0,444
CUST_3384,0.5,2,-0.021,1,312,529.67,432,1,0,432
CUST_3385,31.7,7,-0.218,3,334,632.33,1166,0,1,28
CUST_3386,4.2,7,-0.821,2,19,229.55,94,0,1,52
CUST_3387,12.2,10,0.251,3,297,371.68,1781,0,0,1781
CUST_3388,0.6,3,-0.01,2,20,163.72,895,0,0,895
CUST_3389,16.5,12,-0.45,2,255,372.2,430,0,0,430
CUST_3390,5.9,3,-0.053,1,247,576.27,319,0,0,319
CUST_3391,34.2,11,0.551,2,165,568.54,1536,0,1,45
CUST_3392,32.9,12,0.603,3,348,582.07,1473,0,0,1473
CUST_3393,5.9,4,0.299,3,254,281.58,1368,1,1,82
CUST_3394,34.7,16,-0.065,2,77,546.66,1142,0,0,1142
CUST_3395,83.4,18,0.151,0,279,325.6,788,0,1,64
CUST_3396,26.2,4,-0.23,1,281,758.37,873,0,0,873
CUST_3397,28.0,6,-0.747,0,364,307.52,690,0,0,690
CUST_3398,4.3,15,-0.229,2,33,502.26,386,0,0,386
CUST_3399,12.9,1,0.061,2,98,612.61,907,0,1,86
CUST_3400,1.0,3,0.198,1,142,729.81,1027,0,1,87
CUST_3401,1.5,5,0.872,0,54,378.45,781,0,0,781
CUST_3402,102.1,17,0.555,3,2,320.36,1571,0,1,51
CUST_3403,5.9,14,-0.696,0,331,372.52,778,1,0,778
CUST_3404,20.7,9,-0.652,1,218,292.77,394,1,1,66
CUST_3405,24.6,3,-0.799,1,210,540.44,296,0,1,57
CUST_3406,29.3,13,0.476,1,304,749.54,435,0,0,435
CUST_3407,90.7,3,0.412,2,148,144.55,1803,0,1,3
CUST_3408,4.1,11,0.973,1,231,470.69,168,1,0,168
CUST_3409,0.6,2,0.044,2,87,723.24,1218,1,1,40
CUST_3410,7.9,15,0.653,0,210,125.09,1750,0,0,1750
CUST_3411,2.1,13,0.153,3,222,420.4,695,0,0,695
CUST_3412,0.3,19,0.748,0,295,698.92,1159,1,0,1159
CUST_3413,6.7,16,0.442,2,147,725.34,1202,0,0,1202
CUST_3414,23.0,18,0.286,0,206,435.76,214,0,0,214
CUST_3415,12.5,7,0.13,5,359,68.71,1463,1,1,51
CUST_3416,5.6,13,0.446,0,226,129.23,812,1,0,812
CUST_3417,15.9,4,-0.161,1,359,490.04,900,0,0,900
CUST_3418,4.0,9,-0.807,2,183,142.89,732,1,0,732
CUST_3419,0.2,10,-0.92,1,40,162.06,1728,0,1,4
CUST_3420,21.7,9,-0.042,1,181,629.09,936,0,0,936
CUST_3421,14.7,7,0.199,2,43,613.02,230,0,1,39
CUST_3422,21.6,15,-0.842,2,209,682.08,647,0,1,84
CUST_3423,0.6,8,-0.426,0,336,129.3,1780,0,0,1780
CUST_3424,27.2,19,-0.356,3,249,198.61,249,1,1,57
CUST_3425,14.5,11,0.126,2,83,674.72,886,1,1,39
CUST_3426,12.4,5,-0.443,3,138,590.82,1523,1,1,68
CUST_3427,14.7,2,-0.809,0,230,654.47,1782,0,0,1782
CUST_3428,30.0,10,-0.67,2,11,792.31,1041,0,1,15
CUST_3429,13.3,16,-0.652,3,272,698.32,1487,1,0,1487
CUST_3430,13.0,13,0.685,2,89,440.35,1082,1,0,1082
CUST_3431,70.1,8,-0.431,1,24,283.08,1803,1,1,6
CUST_3432,21.2,9,0.429,2,25,477.26,93,0,1,32
CUST_3433,8.8,11,0.136,1,152,528.94,966,1,0,966
CUST_3434,18.4,11,0.954,0,59,301.48,1149,1,1,25
CUST_3435,7.4,16,-0.454,2,59,628.2,1719,0,0,1719
CUST_3436,3.9,10,-0.683,0,282,119.57,569,0,0,569
CUST_3437,13.6,12,-0.896,2,170,634.54,539,1,1,46
CUST_3438,39.5,6,-0.518,0,75,74.0,1393,0,1,79
CUST_3439,39.7,12,0.368,0,275,423.47,1741,0,0,1741
CUST_3440,6.3,10,-0.829,3,207,696.08,280,0,0,280
CUST_3441,11.3,18,-0.511,2,154,114.87,1759,0,0,1759
CUST_3442,3.6,18,0.711,1,179,438.3,1332,0,0,1332
CUST_3443,81.5,4,0.166,1,81,169.54,68,0,1,87
CUST_3444,59.5,9,-0.861,0,9,721.11,98,0,1,5
CUST_3445,15.7,7,-0.905,4,242,674.26,306,1,1,62
CUST_3446,24.5,18,-0.878,0,177,750.44,1173,0,0,1173
CUST_3447,18.8,8,0.884,2,285,706.24,1139,0,0,1139
CUST_3448,13.5,11,0.7,2,256,602.41,206,0,0,206
CUST_3449,0.8,7,0.69,2,309,188.67,1000,0,0,1000
CUST_3450,9.1,9,0.848,2,3,276.88,635,0,0,635
CUST_3451,16.8,8,0.011,1,214,422.64,1145,0,0,1145
CUST_3452,17.0,3,-0.505,0,29,491.67,1473,0,1,76
CUST_3453,7.0,17,-0.197,0,345,636.64,110,1,0,110
CUST_3454,42.6,2,0.438,1,64,220.22,370,0,1,8
CUST_3455,2.7,15,0.752,1,123,146.21,450,0,0,450
CUST_3456,10.4,14,-0.13,0,284,411.96,257,1,0,257
CUST_3457,17.6,18,0.071,0,152,168.38,502,0,0,502
CUST_3458,17.9,16,0.864,1,39,570.3,117,0,0,117
CUST_3459,15.7,4,-0.785,0,25,481.72,1403,0,1,49
CUST_3460,4.8,6,0.725,2,272,605.83,1693,0,0,1693
CUST_3461,2.5,6,-0.681,1,158,97.58,219,0,0,219
CUST_3462,15.2,11,-0.032,1,188,773.52,896,0,0,896
CUST_3463,13.7,17,-0.563,0,263,50.0,1010,0,0,1010
CUST_3464,3.0,3,0.206,0,68,294.08,1699,0,0,1699
CUST_3465,18.3,13,0.117,2,0,559.73,1010,0,1,46
CUST_3466,9.1,3,-0.24,0,78,83.86,165,0,0,165
CUST_3467,16.5,16,0.727,2,227,112.51,1378,1,0,1378
CUST_3468,27.2,15,0.32,1,326,107.51,69,0,0,69
CUST_3469,2.8,11,0.442,0,45,486.13,1703,0,0,1703
CUST_3470,0.3,18,-0.699,1,107,721.94,1340,0,0,1340
CUST_3471,22.7,15,0.766,3,354,466.58,285,1,0,285
CUST_3472,14.1,5,-0.666,3,123,502.68,976,0,1,29
CUST_3473,18.0,16,-0.554,1,147,309.5,1650,0,0,1650
CUST_3474,27.3,16,-0.744,1,251,64.06,1473,0,0,1473
CUST_3475,24.4,17,-0.119,0,1,66.21,568,0,1,3
CUST_3476,48.6,9,0.775,1,221,716.23,1795,0,1,54
CUST_3477,11.5,3,-0.495,2,188,126.93,1344,0,0,1344
CUST_3478,10.1,13,-0.252,0,70,799.84,1369,1,0,1369
CUST_3479,7.7,3,0.692,3,358,173.32,887,0,0,887
CUST_3480,2.5,7,0.236,1,332,555.98,161,0,0,161
CUST_3481,12.8,6,0.503,2,96,761.72,1656,0,0,1656
CUST_3482,4.9,9,-0.572,4,231,321.72,897,0,0,897
CUST_3483,38.1,12,0.433,0,29,600.82,770,0,1,71
CUST_3484,13.1,15,-0.545,4,29,313.14,568,0,0,568
CUST_3485,13.5,3,0.975,0,214,278.71,1356,0,0,1356
CUST_3486,6.6,10,0.12,3,172,201.35,311,1,0,311
CUST_3487,0.8,1,0.391,2,279,665.7,521,0,0,521
CUST_3488,0.5,19,-0.763,0,210,243.04,309,0,0,309
CUST_3489,8.3,19,-0.499,2,316,262.37,1553,0,0,1553
CUST_3490,1.3,13,-0.721,1,124,799.23,1252,0,0,1252
CUST_3491,14.0,12,-0.22,1,79,295.48,1428,0,0,1428
CUST_3492,31.9,1,-0.432,1,183,367.08,1353,0,1,80
CUST_3493,32.2,19,0.466,1,14,792.54,938,1,1,72
CUST_3494,16.1,16,-0.783,0,10,326.98,695,0,0,695
CUST_3495,3.6,15,0.504,2,341,324.61,1352,0,0,1352
CUST_3496,29.8,16,-0.909,1,88,670.79,584,0,0,584
CUST_3497,32.6,11,-0.596,1,2,283.95,1375,0,1,18
CUST_3498,3.3,6,0.584,2,23,225.34,1163,0,0,1163
CUST_3499,20.1,11,0.486,1,88,367.41,1676,0,0,1676
CUST_3500,5.1,3,-0.047,1,8,575.48,500,0,0,500
CUST_3501,24.3,15,-0.9,2,45,82.43,441,0,1,86
CUST_3502,88.4,1,0.22,2,93,330.44,542,0,1,79
CUST_3503,0.5,7,-0.187,1,70,309.68,1533,1,1,77
CUST_3504,34.1,1,-0.367,2,187,233.61,1193,0,1,22
CUST_3505,14.6,17,0.281,0,138,540.72,907,1,0,907
CUST_3506,54.4,9,-0.127,2,9,267.49,719,1,1,85
CUST_3507,9.4,13,-0.815,2,2,505.05,978,0,0,978
CUST_3508,28.2,11,0.832,1,18,428.25,1557,1,1,24
CUST_3509,1.0,6,0.557,0,129,212.89,89,0,0,89
CUST_3510,6.1,1,-0.887,2,220,249.92,1236,1,1,29
CUST_3511,1.0,7,0.05,0,129,177.95,448,1,1,1
CUST_3512,55.5,12,-0.833,0,112,92.47,986,1,1,1
CUST_3513,25.5,19,0.675,2,137,514.39,854,0,0,854
CUST_3514,28.7,17,0.226,1,42,554.59,937,0,0,937
CUST_3515,41.7,4,-0.655,1,217,174.5,762,0,1,78
CUST_3516,1.3,3,-0.959,1,57,511.54,1280,0,1,28
CUST_3517,7.3,1,-0.937,2,112,786.56,420,0,0,420
CUST_3518,1.1,18,0.015,2,187,105.8,1197,0,0,1197
CUST_3519,3.6,15,0.469,2,121,417.78,765,1,0,765
CUST_3520,3.9,8,-0.758,0,84,599.78,1617,1,0,1617
CUST_3521,9.5,1,-0.557,2,105,84.51,1646,1,1,62
CUST_3522,4.7,14,-0.345,2,355,633.71,690,0,0,690
CUST_3523,1.6,4,-0.564,2,98,784.63,56,0,1,2
CUST_3524,2.7,5,-0.217,2,8,116.37,1797,0,0,1797
CUST_3525,2.4,13,0.119,0,5,666.67,652,0,0,652
CUST_3526,54.2,15,0.37,2,107,333.94,1561,0,1,79
CUST_3527,21.4,6,0.928,0,151,158.09,913,0,0,913
CUST_3528,51.5,1,0.862,2,337,419.89,1644,1,1,11
CUST_3529,8.7,19,0.14,4,236,103.64,156,1,0,156
CUST_3530,4.9,13,0.468,2,26,441.58,1509,1,0,1509
CUST_3531,24.0,6,0.902,1,118,64.52,310,0,0,310
CUST_3532,5.9,15,-0.833,3,210,596.46,1448,0,0,1448
CUST_3533,5.3,16,-0.989,1,99,415.98,348,1,0,348
CUST_3534,4.0,16,-0.94,0,2,394.2,470,0,0,470
CUST_3535,2.1,10,0.127,0,293,197.14,370,0,0,370
CUST_3536,4.4,9,0.526,1,329,320.95,723,0,0,723
CUST_3537,6.6,9,-0.266,1,328,186.4,148,1,0,148
CUST_3538,16.8,17,0.09,3,16,601.54,807,0,1,70
CUST_3539,1.0,17,0.033,4,105,199.27,719,0,0,719
CUST_3540,3.5,17,-0.81,1,229,512.56,742,0,0,742
CUST_3541,24.8,12,-0.357,1,303,259.71,1421,0,0,1421
CUST_3542,2.4,13,-0.961,2,176,542.74,414,1,0,414
CUST_3543,6.3,12,-0.779,1,83,455.34,539,0,0,539
CUST_3544,30.0,14,0.624,0,262,367.58,1635,1,0,1635
CUST_3545,2.5,10,0.659,0,195,554.75,1211,0,0,1211
CUST_3546,1.3,19,0.604,5,248,361.79,1663,0,0,1663
CUST_3547,9.9,2,0.454,0,148,666.03,1770,1,0,1770
CUST_3548,5.4,4,0.587,1,205,597.2,115,0,0,115
CUST_3549,12.4,19,0.342,4,80,455.48,390,0,0,390
CUST_3550,24.4,7,0.34,1,188,707.8,1035,0,1,3
CUST_3551,2.2,15,0.335,2,205,671.65,821,0,0,821
CUST_3552,13.0,15,0.028,2,307,448.88,1138,0,0,1138
CUST_3553,10.6,6,-0.273,1,268,101.34,388,0,0,388
CUST_3554,2.3,3,0.46,2,289,474.5,756,0,0,756
CUST_3555,14.7,6,-0.403,0,360,316.44,1186,0,0,1186
CUST_3556,4.8,16,0.086,5,299,455.08,1440,0,0,1440
CUST_3557,10.0,2,-0.133,1,254,535.35,1300,0,1,46
CUST_3558,1.3,7,-0.447,1,7,533.63,1194,1,1,16
CUST_3559,9.2,11,0.949,1,113,555.14,476,0,0,476
CUST_3560,5.5,7,-0.482,0,4,559.45,1129,0,1,28
CUST_3561,25.9,4,-0.381,2,341,131.96,1151,1,1,28
CUST_3562,0.9,7,-0.677,2,72,193.78,1356,0,0,1356
CUST_3563,8.1,4,0.646,1,347,522.91,1519,1,1,11
CUST_3564,9.2,12,0.173,1,120,356.13,1108,0,0,1108
CUST_3565,19.4,5,0.226,2,301,622.14,334,1,1,56
CUST_3566,12.8,19,0.641,0,233,143.68,800,0,0,800
CUST_3567,16.5,5,-0.314,3,65,193.64,563,0,1,72
CUST_3568,22.5,19,-0.613,0,229,468.85,64,1,0,64
CUST_3569,29.7,3,-0.603,1,30,425.56,1593,0,1,53
CUST_3570,5.7,11,0.465,0,306,249.8,1542,0,0,1542
CUST_3571,11.6,7,0.228,2,296,356.26,711,1,0,711
CUST_3572,27.5,17,-0.587,0,50,76.24,1193,1,1,35
CUST_3573,68.3,9,-0.71,3,146,77.78,1044,0,1,52
CUST_3574,33.0,9,-0.759,2,94,121.2,670,0,1,36
CUST_3575,7.0,10,0.256,1,328,482.59,1153,0,0,1153
CUST_3576,3.3,13,-1.0,1,37,697.79,1019,1,0,1019
CUST_3577,10.1,15,-0.963,1,197,245.17,1426,0,0,1426
CUST_3578,20.3,5,-0.221,1,240,75.45,788,0,1,28
CUST_3579,10.2,3,0.383,2,172,581.47,1076,0,0,1076
CUST_3580,9.9,8,0.39,0,255,691.51,313,0,0,313
CUST_3581,27.3,10,-0.14,3,40,153.63,142,0,1,63
CUST_3582,6.7,13,0.382,1,128,339.31,402,0,0,402
CUST_3583,29.5,3,0.042,2,53,169.05,226,0,1,60
CUST_3584,7.8,8,0.954,1,85,129.77,1217,0,0,1217
CUST_3585,6.0,9,-0.675,1,211,536.13,922,0,0,922
CUST_3586,9.1,12,0.201,2,268,775.65,851,1,0,851
CUST_3587,21.6,11,-0.018,1,295,558.62,1484,0,0,1484
CUST_3588,2.0,2,-0.611,1,20,788.61,1621,0,0,1621
CUST_3589,3.3,18,0.5,2,214,375.8,39,0,0,39
CUST_3590,45.4,9,-0.449,2,188,723.4,1698,0,1,75
CUST_3591,2.9,2,-0.237,3,160,203.81,427,0,0,427
CUST_3592,12.6,2,-0.25,1,200,138.43,181,0,1,16
CUST_3593,13.0,3,-0.512,2,28,576.89,220,0,1,83
CUST_3594,10.1,16,-0.139,0,243,328.56,306,1,0,306
CUST_3595,15.5,19,-0.053,2,182,288.27,522,0,0,522
CUST_3596,3.9,4,0.488,0,31,553.46,1296,1,0,1296
CUST_3597,12.1,18,0.53,1,266,300.11,517,0,0,517
CUST_3598,7.0,18,-0.683,2,35,479.42,305,0,0,305
CUST_3599,16.3,10,0.186,3,92,274.59,219,0,1,10
CUST_3600,2.3,11,0.792,1,158,637.82,1680,0,0,1680
CUST_3601,12.7,17,-0.782,2,179,284.29,893,0,0,893
CUST_3602,3.1,16,-0.054,3,305,451.25,1360,0,0,1360
CUST_3603,4.9,13,0.501,1,217,67.38,325,0,0,325
CUST_3604,3.7,2,0.223,2,328,643.8,1287,0,0,1287
CUST_3605,3.0,2,-0.799,1,352,515.25,370,0,0,370
CUST_3606,26.2,14,-0.207,1,342,194.18,622,0,0,622
CUST_3607,5.0,4,0.014,0,226,211.53,1246,0,0,1246
CUST_3608,39.3,17,0.992,0,211,246.87,912,0,0,912
CUST_3609,52.6,13,-0.643,1,352,482.4,1417,0,1,22
CUST_3610,12.7,4,0.965,0,162,461.24,979,0,0,979
CUST_3611,2.3,3,-0.248,0,157,255.4,287,0,0,287
CUST_3612,7.0,12,-0.599,0,109,570.55,1006,0,0,1006
CUST_3613,24.0,8,-0.172,0,54,716.78,1564,0,1,86
CUST_3614,6.9,2,0.228,2,349,82.64,1284,0,0,1284
CUST_3615,1.4,6,-0.573,0,213,362.9,43,1,0,43
CUST_3616,12.2,10,-0.417,1,364,495.14,1067,0,0,1067
CUST_3617,28.0,12,0.709,1,14,489.83,585,1,1,59
CUST_3618,23.8,10,0.998,1,152,64.65,1037,0,0,1037
CUST_3619,2.9,10,-0.364,1,19,207.92,239,0,1,76
CUST_3620,16.8,3,-0.702,0,51,96.37,1093,0,1,43
CUST_3621,3.7,10,0.586,3,342,476.72,1087,0,0,1087
CUST_3622,3.7,9,0.201,0,320,534.04,776,0,0,776
CUST_3623,31.1,19,-0.799,1,83,169.81,1287,0,1,5
CUST_3624,4.3,14,0.894,3,325,299.76,1343,0,0,1343
CUST_3625,4.6,2,-0.844,3,223,297.35,884,0,0,884
CUST_3626,0.0,5,0.251,4,128,664.85,1486,0,1,2
CUST_3627,30.7,8,-0.152,0,349,195.99,877,1,1,49
CUST_3628,23.6,7,0.113,2,15,461.24,1794,0,1,56
CUST_3629,14.8,6,-0.574,2,273,637.2,980,0,0,980
CUST_3630,20.8,11,0.376,0,76,672.18,1371,0,0,1371
CUST_3631,2.5,12,0.919,3,299,549.92,669,0,0,669
CUST_3632,9.2,18,-0.083,0,305,274.65,437,0,0,437
CUST_3633,6.5,19,0.046,2,91,667.28,1774,0,0,1774
CUST_3634,1.5,10,-0.52,3,269,606.62,845,0,0,845
CUST_3635,10.0,14,0.784,0,51,578.35,1133,0,0,1133
CUST_3636,38.0,3,0.942,1,348,100.5,205,0,0,205
CUST_3637,0.6,18,0.573,1,120,82.45,1798,1,0,1798
CUST_3638,5.2,15,0.086,2,49,571.52,1044,0,0,1044
CUST_3639,3.5,6,0.914,5,272,758.6,877,0,0,877
CUST_3640,4.1,10,-0.692,3,119,630.29,1338,0,0,1338
CUST_3641,35.9,12,-0.043,0,94,673.61,1683,0,0,1683
CUST_3642,9.5,7,0.075,1,148,458.74,1731,1,0,1731
CUST_3643,9.4,17,-0.016,3,288,278.44,347,0,0,347
CUST_3644,21.4,1,0.605,0,256,558.3,439,0,0,439
CUST_3645,2.5,18,0.341,2,183,583.98,1195,0,0,1195
CUST_3646,10.0,15,-0.747,2,259,556.52,276,0,0,276
CUST_3647,8.4,19,-0.307,1,149,760.03,206,1,0,206
CUST_3648,13.6,1,-0.322,0,204,325.38,840,0,0,840
CUST_3649,115.9,5,0.131,3,171,79.74,1397,0,1,65
CUST_3650,22.0,15,-0.417,0,312,731.33,293,0,0,293
CUST_3651,7.6,3,-0.765,1,221,170.37,197,0,0,197
CUST_3652,26.4,1,0.307,1,167,572.99,1078,0,1,84
CUST_3653,2.8,8,0.702,5,243,704.9,732,1,0,732
CUST_3654,0.5,12,0.863,1,217,282.61,1580,0,0,1580
CUST_3655,3.4,19,0.945,1,55,672.81,557,0,0,557
CUST_3656,6.2,12,0.562,2,62,299.04,1363,0,0,1363
CUST_3657,10.7,13,-0.721,1,102,645.69,1692,0,1,7
CUST_3658,14.3,1,0.706,0,166,102.37,57,0,0,57
CUST_3659,36.2,19,-0.2,3,6,541.43,1423,1,1,30
CUST_3660,10.7,6,0.46,1,141,557.85,1437,0,0,1437
CUST_3661,10.4,8,0.063,3,124,418.57,1347,0,0,1347
CUST_3662,0.8,4,0.657,2,89,565.32,693,0,0,693
CUST_3663,0.5,5,-0.149,0,310,742.39,1532,0,0,1532
CUST_3664,12.0,7,-0.876,3,215,600.39,609,1,1,67
CUST_3665,8.6,4,0.114,1,122,770.97,66,0,0,66
CUST_3666,27.4,4,-0.657,2,185,386.46,917,0,1,69
CUST_3667,2.6,15,0.931,3,152,446.22,576,0,0,576
CUST_3668,0.4,5,0.054,1,248,247.8,675,0,0,675
CUST_3669,8.9,9,0.107,3,113,789.2,907,0,0,907
CUST_3670,4.1,2,0.815,1,95,91.35,702,0,0,702
CUST_3671,0.8,7,0.249,0,197,318.97,401,1,0,401
CUST_3672,19.3,17,-0.395,1,335,273.27,765,0,0,765
CUST_3673,1.8,16,-0.408,0,2,339.88,1675,0,0,1675
CUST_3674,14.1,17,0.003,0,148,738.29,131,0,0,131
CUST_3675,4.9,2,0.733,3,110,326.03,1408,0,0,1408
CUST_3676,2.9,11,0.589,2,19,737.73,494,0,1,71
CUST_3677,7.2,2,0.925,1,202,367.5,723,0,0,723
CUST_3678,24.3,1,-0.856,1,181,691.08,509,0,1,8
CUST_3679,7.5,2,-0.463,1,330,441.31,939,0,1,75
CUST_3680,20.8,9,-0.84,1,226,283.51,1712,1,1,73
CUST_3681,2.0,2,0.502,3,291,387.01,245,0,0,245
CUST_3682,22.2,15,-0.718,2,357,368.29,1028,1,0,1028
CUST_3683,4.1,10,-0.8,3,75,244.94,1704,0,1,81
CUST_3684,17.0,15,0.123,6,316,267.23,1380,0,0,1380
CUST_3685,12.5,10,-0.177,2,315,189.84,729,0,0,729
CUST_3686,39.7,17,0.43,0,222,302.0,629,0,0,629
CUST_3687,7.3,9,-0.026,4,35,518.3,1300,0,1,51
CUST_3688,1.0,18,-0.149,2,323,339.92,1042,0,0,1042
CUST_3689,0.3,4,-0.149,0,299,584.24,1751,0,0,1751
CUST_3690,26.3,9,0.744,3,332,790.23,1141,0,0,1141
CUST_3691,11.2,16,-0.21,3,89,332.83,363,1,0,363
CUST_3692,22.4,4,-0.333,0,28,396.98,693,1,1,71
CUST_3693,4.0,16,-0.323,2,175,173.08,808,0,0,808
CUST_3694,6.3,19,-0.607,4,219,344.16,1253,0,0,1253
CUST_3695,0.5,1,0.721,1,135,595.12,1436,0,0,1436
CUST_3696,48.9,6,-0.707,2,351,213.05,1481,0,1,55
CUST_3697,16.5,10,0.817,2,174,186.54,1388,1,0,1388
CUST_3698,40.6,16,-0.433,4,125,332.28,1031,0,1,78
CUST_3699,4.6,4,0.799,3,170,663.99,1811,0,0,1811
CUST_3700,14.2,13,0.582,0,265,517.74,479,0,0,479
CUST_3701,17.0,16,0.164,3,133,768.18,245,0,0,245
CUST_3702,5.7,6,0.339,0,271,728.41,970,1,0,970
CUST_3703,28.3,11,-0.348,3,25,163.35,615,1,1,33
CUST_3704,44.1,3,0.148,1,276,81.91,701,0,1,24
CUST_3705,32.4,10,-0.415,1,99,349.32,1308,0,1,35
CUST_3706,20.2,1,-0.195,1,361,441.56,1582,1,1,64
CUST_3707,4.9,11,0.529,3,29,436.68,1046,0,0,1046
CUST_3708,5.0,12,-0.512,0,132,150.58,534,0,0,534
CUST_3709,49.6,14,0.678,2,350,143.61,467,1,0,467
CUST_3710,0.2,8,-0.248,1,138,85.15,1703,0,0,1703
CUST_3711,18.9,11,0.064,2,190,688.14,499,0,0,499
CUST_3712,18.4,4,0.884,0,186,760.81,35,0,1,29
CUST_3713,14.6,7,0.363,2,139,136.76,248,0,1,18
CUST_3714,69.2,10,0.291,4,319,209.84,1566,0,1,58
CUST_3715,5.6,19,0.423,3,236,117.4,605,0,0,605
CUST_3716,6.2,4,0.836,6,296,708.13,1774,0,0,1774
CUST_3717,1.2,2,-0.503,3,199,769.03,542,0,1,3
CUST_3718,8.8,18,0.226,1,283,246.35,898,0,0,898
CUST_3719,4.5,14,-0.199,1,79,277.69,1242,0,0,1242
CUST_3720,6.3,16,-0.976,3,258,322.0,1004,0,0,1004
CUST_3721,27.0,11,-0.749,2,100,426.85,1300,1,1,41
CUST_3722,41.1,10,-0.35,3,31,561.85,798,0,1,65
CUST_3723,3.1,17,0.13,2,276,428.29,1006,1,0,1006
CUST_3724,7.0,14,0.763,4,120,763.25,715,0,0,715
CUST_3725,39.6,4,0.582,1,54,124.92,650,0,0,650
CUST_3726,1.0,19,0.107,3,17,648.95,1625,0,0,1625
CUST_3727,1.5,2,-0.852,2,308,300.86,584,1,1,51
CUST_3728,2.7,7,-0.428,5,120,333.16,1481,1,1,27
CUST_3729,13.6,9,-0.267,3,109,581.62,579,1,1,9
CUST_3730,2.4,19,0.243,1,330,747.03,392,0,0,392
CUST_3731,51.7,16,-0.87,3,60,587.15,1823,0,1,36
CUST_3732,8.9,16,0.06,3,263,631.9,623,0,0,623
CUST_3733,10.4,18,0.803,2,267,613.08,1449,0,0,1449
CUST_3734,4.2,11,0.411,0,296,290.73,1786,0,0,1786
CUST_3735,9.6,7,0.594,1,126,617.7,652,0,0,652
CUST_3736,16.3,9,0.363,2,136,638.39,1189,0,0,1189
CUST_3737,20.9,4,-0.587,2,77,450.05,463,0,1,58
CUST_3738,21.0,13,-0.779,1,206,452.57,347,0,0,347
CUST_3739,12.9,4,0.659,1,183,619.79,564,0,0,564
CUST_3740,35.2,19,0.391,1,88,662.77,1554,0,1,76
CUST_3741,25.5,2,0.15,4,319,302.9,1402,1,1,47
CUST_3742,21.2,9,-0.621,1,228,651.17,1112,1,0,1112
CUST_3743,0.9,12,0.207,2,63,660.66,807,0,0,807
CUST_3744,0.1,2,-0.937,3,325,225.59,169,0,0,169
CUST_3745,3.6,6,-0.762,2,54,587.71,922,0,1,2
CUST_3746,16.3,5,-0.376,3,292,189.9,657,0,1,79
CUST_3747,7.9,5,-0.113,1,280,119.79,1257,0,0,1257
CUST_3748,7.7,5,-0.759,3,278,480.91,187,0,0,187
CUST_3749,32.4,4,-0.76,2,187,731.49,1383,0,1,43
CUST_3750,33.9,9,0.452,1,190,76.59,1003,0,0,1003
CUST_3751,36.0,10,0.139,2,272,669.88,225,0,0,225
CUST_3752,5.7,16,0.067,1,94,429.85,1484,0,0,1484
CUST_3753,17.6,10,-0.095,0,89,695.67,753,0,0,753
CUST_3754,4.8,10,0.953,2,246,682.61,582,1,0,582
CUST_3755,3.2,19,-0.9,2,74,706.47,1572,0,0,1572
CUST_3756,3.1,10,-0.639,1,61,626.66,891,0,0,891
CUST_3757,6.3,6,0.295,0,221,682.24,913,1,0,913
CUST_3758,8.4,17,-0.727,0,266,182.02,1670,0,0,1670
CUST_3759,26.7,5,0.179,0,120,277.89,1525,0,1,74
CUST_3760,1.9,6,0.136,0,311,231.86,487,0,0,487
CUST_3761,19.9,15,0.942,1,308,606.82,849,0,0,849
CUST_3762,11.4,19,0.767,2,340,165.23,1098,0,0,1098
CUST_3763,5.1,18,0.891,1,27,186.67,67,0,0,67
CUST_3764,10.2,4,-0.773,0,341,709.22,705,0,0,705
CUST_3765,5.3,8,0.736,3,301,579.41,1646,0,0,1646
CUST_3766,13.6,16,-0.742,0,273,706.53,370,0,0,370
CUST_3767,8.5,19,0.266,2,22,154.52,1623,0,0,1623
CUST_3768,2.7,3,0.44,1,98,349.24,331,0,0,331
CUST_3769,1.9,10,-0.678,4,284,262.36,664,0,0,664
CUST_3770,11.9,2,0.265,0,307,57.26,1760,0,0,1760
CUST_3771,34.9,4,-0.895,6,109,263.39,1246,0,1,3
CUST_3772,6.3,6,-0.413,1,202,334.69,927,0,0,927
CUST_3773,19.8,11,0.842,2,105,119.16,645,0,0,645
CUST_3774,16.1,14,-0.657,2,45,474.87,1677,0,0,1677
CUST_3775,40.2,16,-0.869,3,256,337.38,161,0,0,161
CUST_3776,25.8,19,-0.113,0,143,84.85,1661,0,0,1661
CUST_3777,12.5,2,0.701,2,24,577.98,1648,0,1,63
CUST_3778,16.1,17,-0.847,0,61,596.96,1521,0,0,1521
CUST_3779,34.3,9,-0.289,4,229,675.85,1223,0,1,31
CUST_3780,7.7,17,0.8,3,81,414.16,1614,0,0,1614
CUST_3781,5.9,15,-0.764,2,335,776.49,974,1,0,974
CUST_3782,0.2,7,-0.379,1,210,735.55,914,1,1,44
CUST_3783,26.3,19,0.557,3,196,463.51,1700,1,0,1700
CUST_3784,24.2,3,0.086,2,346,383.71,1318,1,1,31
CUST_3785,1.7,1,0.665,1,197,52.28,1252,1,0,1252
CUST_3786,12.9,4,-0.777,3,161,583.25,1336,0,1,89
CUST_3787,9.4,18,0.841,1,207,473.72,1458,0,0,1458
CUST_3788,1.9,8,0.87,2,308,753.16,1600,1,0,1600
CUST_3789,59.1,19,-0.689,2,43,495.67,1533,0,1,54
CUST_3790,3.6,6,-0.932,1,287,794.64,1257,0,0,1257
CUST_3791,1.0,1,0.98,2,278,690.36,500,0,0,500
CUST_3792,13.6,8,-0.035,2,274,765.2,1806,0,0,1806
CUST_3793,20.1,1,0.144,3,220,295.75,378,0,1,85
CUST_3794,0.5,19,0.232,1,284,162.0,72,0,0,72
CUST_3795,16.1,11,0.579,6,145,647.65,805,0,0,805
CUST_3796,11.4,15,0.624,0,68,639.65,511,1,0,511
CUST_3797,1.6,11,-0.612,0,139,208.59,1430,0,0,1430
CUST_3798,2.8,19,-0.527,1,9,623.56,107,0,0,107
CUST_3799,12.6,10,0.754,0,110,486.48,1089,0,0,1089
CUST_3800,5.3,12,0.639,1,36,132.14,1436,0,0,1436
CUST_3801,41.8,1,0.235,0,80,426.34,845,0,1,3
CUST_3802,25.6,7,0.989,1,95,748.35,1227,1,1,1
CUST_3803,61.6,17,0.47,1,54,429.84,957,1,1,60
CUST_3804,4.5,10,-0.568,1,131,641.52,676,0,0,676
CUST_3805,52.5,6,0.693,3,222,71.68,1383,0,1,8
CUST_3806,8.5,17,-0.171,1,62,596.06,681,0,0,681
CUST_3807,6.4,18,-0.928,4,11,760.13,1108,0,0,1108
CUST_3808,0.8,5,-0.357,3,145,424.65,793,0,0,793
CUST_3809,0.8,18,0.527,2,263,303.28,308,0,0,308
CUST_3810,17.7,17,0.92,3,31,534.99,488,0,0,488
CUST_3811,9.2,16,-0.448,0,48,737.2,721,1,0,721
CUST_3812,3.9,8,-0.507,0,359,182.58,554,0,0,554
CUST_3813,14.3,13,0.127,2,186,352.77,1769,1,0,1769
CUST_3814,4.4,16,0.623,2,342,167.22,1508,0,0,1508
CUST_3815,12.9,11,0.493,1,98,422.49,1628,0,0,1628
CUST_3816,6.7,6,0.12,3,166,455.32,521,1,1,47
CUST_3817,26.0,3,0.263,1,305,758.15,103,0,1,40
CUST_3818,25.8,1,-0.516,1,212,359.39,1508,0,1,36
CUST_3819,9.7,18,-0.135,1,198,475.22,848,0,0,848
CUST_3820,6.5,5,-0.489,0,245,713.95,184,1,0,184
CUST_3821,6.8,13,0.769,2,153,291.05,548,0,0,548
CUST_3822,24.6,10,-0.775,2,95,555.62,404,0,1,83
CUST_3823,6.0,5,0.359,2,62,617.87,1359,0,0,1359
CUST_3824,3.5,14,-0.479,5,193,297.9,372,0,0,372
CUST_3825,1.3,17,-0.049,2,321,173.26,694,1,0,694
CUST_3826,9.4,1,-0.401,1,358,427.18,73,0,0,73
CUST_3827,9.9,2,-0.354,1,301,317.6,577,0,0,577
CUST_3828,27.6,7,-0.479,6,271,249.85,1494,0,1,28
CUST_3829,3.8,10,0.506,2,89,780.07,1150,0,0,1150
CUST_3830,7.2,7,-0.269,1,327,426.61,194,0,0,194
CUST_3831,24.8,16,0.453,1,271,692.36,775,0,0,775
CUST_3832,26.0,5,-0.088,3,84,196.49,1156,0,1,6
CUST_3833,7.3,12,0.094,3,294,754.58,465,0,0,465
CUST_3834,9.2,17,0.087,0,35,645.82,1434,0,0,1434
CUST_3835,5.4,16,0.952,0,17,656.52,476,0,0,476
CUST_3836,40.4,16,-0.266,2,76,342.32,1060,0,1,36
CUST_3837,1.9,19,-0.585,0,48,414.23,1147,0,0,1147
CUST_3838,40.7,15,0.824,3,358,495.02,473,0,1,70
CUST_3839,17.3,12,-0.65,0,235,642.32,508,0,0,508
CUST_3840,11.4,10,0.669,1,43,686.79,1686,0,1,45
CUST_3841,0.5,2,-0.7,2,108,108.53,1547,0,0,1547
CUST_3842,9.7,7,0.317,1,128,728.05,66,1,1,4
CUST_3843,7.9,13,-0.699,1,6,753.12,1586,0,0,1586
CUST_3844,2.6,3,0.846,2,303,494.67,127,0,0,127
CUST_3845,16.0,15,0.13,2,111,190.06,843,0,0,843
CUST_3846,53.2,1,-0.341,0,212,663.81,1074,0,1,67
CUST_3847,12.4,3,-0.719,0,303,461.44,1285,1,1,28
CUST_3848,18.8,10,-0.258,1,306,662.9,497,0,0,497
CUST_3849,1.1,15,0.41,2,362,661.11,383,0,0,383
CUST_3850,8.1,6,-0.23,0,65,115.05,101,0,0,101
CUST_3851,1.9,15,-0.508,1,30,505.27,1405,1,0,1405
CUST_3852,14.2,7,0.155,0,294,412.36,1105,1,1,50
CUST_3853,41.8,5,-0.164,2,264,759.59,1275,1,1,89
CUST_3854,16.3,4,-0.668,1,296,272.48,1053,0,1,3
CUST_3855,1.2,18,-0.692,3,318,204.5,1378,0,0,1378
CUST_3856,6.6,3,0.415,2,13,722.82,1019,0,1,23
CUST_3857,12.0,17,0.949,2,57,161.54,489,0,0,489
CUST_3858,7.7,18,-0.534,2,343,564.89,1220,0,0,1220
CUST_3859,26.9,18,0.546,1,241,275.01,1336,1,0,1336
CUST_3860,25.3,2,-0.825,0,352,475.88,530,0,1,65
CUST_3861,14.2,13,-0.237,0,247,512.16,746,0,0,746
CUST_3862,7.0,15,0.013,1,97,363.03,396,0,0,396
CUST_3863,4.4,5,-0.463,2,161,781.22,1703,0,0,1703
CUST_3864,1.7,3,0.059,1,246,148.87,1089,0,0,1089
CUST_3865,6.6,5,0.765,1,325,343.55,636,0,0,636
CUST_3866,8.0,5,0.889,1,341,372.8,557,0,0,557
CUST_3867,16.9,5,-0.799,2,3,523.29,1028,0,1,62
CUST_3868,16.1,3,-0.456,2,305,355.44,778,0,1,9
CUST_3869,1.1,3,0.958,4,260,122.78,1729,0,0,1729
CUST_3870,7.5,18,-0.459,3,330,760.57,631,0,0,631
CUST_3871,3.0,4,0.385,1,44,362.06,649,0,0,649
CUST_3872,2.6,1,-0.493,2,210,307.01,1649,0,1,45
CUST_3873,26.3,16,-0.287,1,243,385.04,284,1,0,284
CUST_3874,0.6,8,-0.617,0,202,212.45,959,0,0,959
CUST_3875,8.1,17,0.713,1,202,125.17,706,0,0,706
CUST_3876,2.8,8,0.765,1,26,161.43,1253,0,0,1253
CUST_3877,31.7,7,-0.406,0,117,174.99,865,0,1,74
CUST_3878,12.2,8,0.647,0,225,198.26,698,0,0,698
CUST_3879,3.9,12,-0.284,1,359,364.97,1084,1,0,1084
CUST_3880,10.5,16,-0.802,2,204,517.92,1631,0,0,1631
CUST_3881,19.7,12,0.516,1,246,521.67,630,0,0,630
CUST_3882,47.6,19,0.193,1,48,50.07,515,0,1,44
CUST_3883,3.7,10,-0.451,4,252,740.72,288,0,0,288
CUST_3884,32.6,7,-0.494,0,77,667.14,282,0,1,33
CUST_3885,40.8,12,0.951,2,256,772.95,523,0,1,87
CUST_3886,37.2,5,0.725,2,119,319.99,1287,0,1,13
CUST_3887,15.1,16,0.62,1,34,548.6,1160,1,1,50
CUST_3888,14.9,9,-0.744,0,311,176.02,1634,0,0,1634
CUST_3889,7.7,7,0.51,1,142,662.77,819,0,0,819
CUST_3890,20.9,14,-0.571,4,196,171.03,365,0,0,365
CUST_3891,11.4,11,0.955,0,259,294.49,1766,1,0,1766
CUST_3892,17.0,7,-0.896,0,83,418.13,82,0,0,82
CUST_3893,8.4,10,-0.296,3,191,495.9,1806,0,0,1806
CUST_3894,19.7,9,-0.143,1,21,469.72,716,0,1,66
CUST_3895,26.1,4,0.648,2,23,126.57,1095,1,1,46
CUST_3896,2.4,16,0.532,3,74,366.26,1313,0,0,1313
CUST_3897,26.8,10,-0.25,2,133,742.18,1422,0,1,33
CUST_3898,11.7,19,0.131,2,166,704.28,239,0,0,239
CUST_3899,27.9,17,0.671,2,109,493.09,1519,1,1,84
CUST_3900,8.5,9,-0.964,4,89,479.24,1095,0,1,30
CUST_3901,7.1,13,0.604,1,36,133.76,1042,0,0,1042
CUST_3902,37.0,1,0.894,0,309,200.19,1406,0,1,53
CUST_3903,4.3,2,-0.936,3,50,239.48,711,0,1,89
CUST_3904,27.9,13,-0.909,0,59,416.15,923,0,1,46
CUST_3905,9.9,9,-0.311,1,71,598.52,1312,0,0,1312
CUST_3906,10.8,7,-0.824,3,127,395.54,366,0,1,75
CUST_3907,5.5,16,-0.041,2,306,144.55,745,0,0,745
CUST_3908,12.8,19,0.457,0,61,379.51,1448,0,0,1448
CUST_3909,5.9,7,0.134,0,304,171.97,878,0,0,878
CUST_3910,0.6,6,-0.607,3,178,613.36,704,0,0,704
CUST_3911,4.8,18,0.31,2,27,174.88,134,0,0,134
CUST_3912,0.1,19,0.37,4,239,411.9,1743,1,0,1743
CUST_3913,57.5,11,0.865,2,231,570.06,732,1,1,61
CUST_3914,50.6,12,-0.706,2,152,221.15,1177,0,1,89
CUST_3915,7.5,10,0.385,1,332,107.02,1763,0,0,1763
CUST_3916,19.5,13,0.823,1,6,472.47,1152,0,0,1152
CUST_3917,6.4,12,0.003,0,64,90.65,35,0,0,35
CUST_3918,16.7,10,-0.276,1,122,490.83,829,0,0,829
CUST_3919,24.6,18,-0.659,1,35,615.12,1320,0,0,1320
CUST_3920,44.0,4,0.734,2,237,296.99,1096,0,1,7
CUST_3921,7.7,5,-0.212,1,72,416.26,682,0,1,59
CUST_3922,22.9,5,0.85,2,29,746.57,1322,0,0,1322
CUST_3923,4.6,12,0.696,0,226,403.33,580,0,0,580
CUST_3924,69.6,3,-0.247,2,302,797.42,971,0,1,33
CUST_3925,0.4,8,0.148,1,346,167.75,703,0,0,703
CUST_3926,13.9,2,-0.946,2,284,581.7,1248,0,0,1248
CUST_3927,16.2,18,-0.474,0,4,539.46,957,0,0,957
CUST_3928,17.5,9,0.421,1,64,704.23,353,0,1,81
CUST_3929,1.9,13,0.356,2,234,119.33,645,0,0,645
CUST_3930,41.8,7,-0.293,4,114,260.15,786,0,1,44
CUST_3931,3.0,10,0.617,3,318,149.13,1118,0,0,1118
CUST_3932,14.6,9,-0.528,0,245,749.82,230,1,0,230
CUST_3933,3.8,15,-0.077,2,348,369.98,271,1,0,271
CUST_3934,5.5,5,-0.055,2,16,732.55,1060,0,0,1060
CUST_3935,11.9,12,-0.318,2,306,270.81,1272,0,0,1272
CUST_3936,8.1,1,0.909,1,36,144.78,32,1,1,13
CUST_3937,2.6,12,0.393,2,343,272.4,883,0,0,883
CUST_3938,2.8,6,0.078,0,218,497.88,1517,0,0,1517
CUST_3939,8.1,19,0.021,3,136,683.92,997,0,0,997
CUST_3940,21.2,19,-0.681,2,245,339.04,994,0,0,994
CUST_3941,34.2,16,-0.256,0,37,736.11,334,0,0,334
CUST_3942,1.3,19,0.346,1,250,233.17,343,0,0,343
CUST_3943,7.5,3,0.849,5,52,570.16,507,1,1,55
CUST_3944,1.6,10,0.633,1,345,601.79,825,0,0,825
CUST_3945,0.3,18,-0.399,1,308,255.47,912,0,0,912
CUST_3946,16.3,13,-0.132,3,202,70.23,1464,0,0,1464
CUST_3947,13.8,18,-0.834,2,48,323.93,527,0,0,527
CUST_3948,2.7,3,-0.796,3,121,83.9,1587,1,1,80
CUST_3949,4.0,3,-0.06,1,325,725.57,1659,0,0,1659
CUST_3950,0.4,12,0.06,1,15,765.14,1410,0,0,1410
CUST_3951,27.0,7,-0.472,1,268,601.53,100,0,1,5
CUST_3952,55.1,8,0.286,0,235,595.01,1787,0,1,84
CUST_3953,2.2,9,0.407,1,120,230.67,1066,0,0,1066
CUST_3954,3.9,14,-0.402,2,138,105.44,435,0,0,435
CUST_3955,30.4,5,0.517,1,86,651.58,1570,0,1,48
CUST_3956,39.1,19,-0.589,2,129,469.37,1075,0,1,14
CUST_3957,8.2,16,0.089,1,251,561.22,924,0,0,924
CUST_3958,0.8,12,0.609,0,349,634.73,1362,0,0,1362
CUST_3959,0.6,4,0.074,2,274,357.08,1348,0,0,1348
CUST_3960,12.8,8,0.816,1,359,158.41,1602,0,0,1602
CUST_3961,7.5,7,-0.883,2,300,646.28,60,0,0,60
CUST_3962,0.4,15,0.177,2,46,390.32,1115,1,0,1115
CUST_3963,13.1,6,0.124,0,78,670.19,1274,0,0,1274
CUST_3964,0.2,5,0.321,1,297,378.27,1412,0,0,1412
CUST_3965,23.2,14,0.667,0,363,212.76,1646,0,0,1646
CUST_3966,5.5,13,0.452,3,341,178.25,1436,0,0,1436
CUST_3967,0.6,10,0.581,3,218,607.94,1798,0,0,1798
CUST_3968,13.3,18,-0.422,2,110,481.17,1571,0,0,1571
CUST_3969,7.6,4,-0.225,2,226,353.45,1670,0,1,40
CUST_3970,54.6,8,0.254,3,274,419.09,1390,1,1,30
CUST_3971,11.8,11,0.107,0,255,462.23,191,0,0,191
CUST_3972,4.8,17,0.922,1,38,229.56,593,0,0,593
CUST_3973,18.5,18,-0.626,2,134,333.62,187,0,0,187
CUST_3974,4.8,11,-0.297,1,294,269.31,42,0,0,42
CUST_3975,35.2,16,0.146,2,97,341.32,1239,0,1,86
CUST_3976,7.0,12,0.736,0,33,425.42,763,0,0,763
CUST_3977,12.0,13,0.859,0,67,180.02,782,0,0,782
CUST_3978,0.8,16,-0.328,1,190,345.14,338,0,0,338
CUST_3979,8.3,1,-0.866,3,198,339.12,177,0,1,88
CUST_3980,26.8,16,-0.157,2,47,264.5,1050,0,1,17
CUST_3981,24.6,15,-0.211,0,258,798.87,1108,1,1,49
CUST_3982,3.8,6,0.973,1,212,105.22,956,0,0,956
CUST_3983,3.8,12,-0.138,2,161,532.21,600,0,0,600
CUST_3984,25.5,8,-0.389,1,112,180.83,1763,0,1,5
CUST_3985,40.0,7,-0.269,0,136,679.64,1663,0,1,13
CUST_3986,1.5,2,-0.206,2,316,735.65,697,0,0,697
CUST_3987,9.0,12,0.643,2,11,351.11,1815,1,1,39
CUST_3988,6.2,14,-0.838,1,358,667.61,721,0,0,721
CUST_3989,30.7,16,-0.367,2,237,237.43,539,0,1,45
CUST_3990,1.3,11,0.933,3,283,155.05,615,0,0,615
CUST_3991,3.6,9,-0.694,7,175,286.91,1626,1,1,59
CUST_3992,20.9,10,0.485,3,224,306.26,966,0,0,966
CUST_3993,0.8,17,-0.287,1,74,348.02,74,1,0,74
CUST_3994,10.2,12,0.164,1,134,329.72,1700,0,0,1700
CUST_3995,8.8,6,-0.801,2,81,358.36,1775,0,1,30
CUST_3996,6.1,19,-0.387,1,82,582.53,115,0,0,115
CUST_3997,7.5,11,0.002,2,141,234.19,1345,1,0,1345
CUST_3998,11.3,9,-0.537,3,208,63.93,293,0,0,293
CUST_3999,2.6,6,0.084,1,214,417.26,1321,0,0,1321
CUST_4000,12.7,16,-0.56,0,309,386.22,1037,0,0,1037
CUST_4001,24.6,16,0.3,0,254,95.05,1278,0,0,1278
CUST_4002,21.4,6,0.809,0,187,150.35,245,0,0,245
CUST_4003,2.5,5,-0.829,2,246,432.44,260,0,0,260
CUST_4004,2.4,4,-0.567,2,254,226.06,1755,1,1,88
CUST_4005,4.7,2,0.689,2,322,708.2,683,0,0,683
CUST_4006,6.7,6,0.263,2,161,179.97,1230,0,0,1230
CUST_4007,7.9,9,-0.843,1,344,65.09,1616,0,0,1616
CUST_4008,17.1,17,-0.027,1,166,385.67,731,0,0,731
CUST_4009,0.9,14,-0.58,1,77,789.62,1570,0,0,1570
CUST_4010,0.5,7,-0.602,2,174,525.4,1776,0,0,1776
CUST_4011,7.5,19,0.881,0,19,315.52,736,1,0,736
CUST_4012,17.9,1,0.523,3,95,62.65,542,0,1,71
CUST_4013,3.2,15,0.392,1,179,413.71,1157,0,0,1157
CUST_4014,15.4,18,-0.522,3,94,204.85,1154,0,0,1154
CUST_4015,4.5,3,-0.763,3,70,535.82,1693,0,1,24
CUST_4016,32.6,18,0.742,1,189,487.26,334,1,1,80
CUST_4017,33.9,2,-0.988,1,131,248.91,1814,0,1,32
CUST_4018,5.3,10,-0.224,0,138,101.66,380,0,0,380
CUST_4019,3.9,11,-0.445,3,274,616.26,832,0,0,832
CUST_4020,7.9,3,0.141,2,101,489.1,480,1,1,78
CUST_4021,4.1,7,-0.499,1,282,681.59,1322,1,0,1322
CUST_4022,16.7,8,-0.378,1,28,244.85,1425,0,1,23
CUST_4023,26.2,19,0.7,0,17,539.65,962,0,0,962
CUST_4024,16.8,18,0.206,0,243,139.01,1091,1,0,1091
CUST_4025,26.1,13,-0.709,2,174,268.86,931,0,0,931
CUST_4026,7.6,13,0.453,1,88,542.4,791,0,0,791
CUST_4027,2.5,19,-0.585,2,19,669.19,762,0,0,762
CUST_4028,20.1,12,-0.134,1,325,290.69,92,0,0,92
CUST_4029,6.7,17,0.293,2,355,649.14,1818,0,0,1818
CUST_4030,16.7,12,-0.456,0,17,558.31,534,0,0,534
CUST_4031,4.7,13,-0.232,1,37,311.51,974,0,0,974
CUST_4032,1.3,12,0.468,0,88,707.3,294,0,0,294
CUST_4033,73.6,19,0.876,2,339,431.92,1729,1,1,45
CUST_4034,2.5,14,0.058,2,149,536.19,564,0,0,564
CUST_4035,66.9,7,-0.98,2,203,421.72,1132,0,1,30
CUST_4036,56.8,13,-0.323,1,232,389.54,1683,0,1,13
CUST_4037,23.7,6,-0.203,5,103,685.98,1238,1,1,26
CUST_4038,16.2,19,-0.322,2,110,271.03,975,0,0,975
CUST_4039,12.9,19,-0.127,0,224,77.47,524,0,0,524
CUST_4040,30.2,4,0.265,0,220,709.84,1624,0,1,51
CUST_4041,5.1,19,-0.758,1,25,668.77,1423,1,0,1423
CUST_4042,9.5,9,-0.455,0,63,324.92,932,1,1,34
CUST_4043,14.5,16,0.015,1,253,189.09,793,0,0,793
CUST_4044,7.9,4,-0.369,2,248,556.65,1654,0,1,87
CUST_4045,8.4,6,0.982,1,223,109.07,1794,0,0,1794
CUST_4046,6.0,8,-0.137,1,313,367.82,884,0,0,884
CUST_4047,12.5,16,0.74,1,130,114.4,360,0,0,360
CUST_4048,28.5,5,0.793,1,29,498.43,1493,0,1,72
CUST_4049,3.4,10,0.672,0,274,70.41,1291,0,0,1291
CUST_4050,40.9,13,-0.906,1,9,521.93,933,0,1,16
CUST_4051,17.5,14,0.895,3,88,554.9,321,0,0,321
CUST_4052,26.0,7,-0.743,3,146,415.36,455,1,1,27
CUST_4053,12.2,6,-0.931,1,126,181.26,324,0,0,324
CUST_4054,22.7,7,-0.171,4,185,126.05,862,1,1,84
CUST_4055,0.2,5,-0.611,2,123,284.97,529,0,0,529
CUST_4056,25.6,18,-0.632,1,106,398.91,1609,0,1,17
CUST_4057,0.6,12,-0.424,1,340,531.66,874,0,0,874
CUST_4058,33.1,6,-0.503,0,5,50.94,1645,1,1,68
CUST_4059,72.4,1,0.37,1,50,583.3,1739,0,1,86
CUST_4060,5.2,4,-0.626,2,313,584.53,682,1,0,682
CUST_4061,3.5,19,0.086,3,135,383.4,1090,0,0,1090
CUST_4062,21.7,12,0.973,2,1,307.55,1579,1,1,7
CUST_4063,4.4,15,-0.135,2,17,681.73,663,0,0,663
CUST_4064,30.1,3,0.284,1,248,638.44,1450,0,1,72
CUST_4065,1.6,8,0.939,2,184,787.46,779,1,0,779
CUST_4066,2.0,11,-0.725,1,221,328.95,425,1,0,425
CUST_4067,58.1,16,-0.163,3,227,730.12,1620,1,1,24
CUST_4068,16.8,9,0.7,0,347,115.55,1075,0,0,1075
CUST_4069,28.1,3,0.865,2,193,358.6,1393,0,1,1
CUST_4070,5.9,5,0.202,2,311,399.03,524,1,0,524
CUST_4071,16.9,14,-0.713,0,209,380.66,1456,0,0,1456
CUST_4072,13.5,15,0.803,1,298,518.82,1256,0,0,1256
CUST_4073,13.9,6,-0.651,2,328,177.66,955,0,0,955
CUST_4074,17.2,4,-0.294,5,71,699.84,979,0,1,66
CUST_4075,12.8,8,-0.249,1,116,463.82,1399,0,0,1399
CUST_4076,8.4,19,-0.105,1,263,728.16,1068,0,0,1068
CUST_4077,4.8,5,0.58,0,4,51.97,1083,0,0,1083
CUST_4078,22.0,13,0.604,0,268,522.49,1082,0,0,1082
CUST_4079,3.8,16,0.439,0,6,359.34,1817,0,0,1817
CUST_4080,17.7,1,-0.956,2,20,428.82,189,0,1,24
CUST_4081,4.0,13,0.13,1,36,607.85,1682,0,0,1682
CUST_4082,14.7,11,0.495,1,172,220.36,699,1,0,699
CUST_4083,20.6,8,-0.111,0,61,203.67,649,0,0,649
CUST_4084,3.7,8,0.89,0,205,577.26,656,0,0,656
CUST_4085,0.9,14,0.648,1,100,441.02,301,0,0,301
CUST_4086,2.1,13,0.276,5,118,225.23,449,0,0,449
CUST_4087,14.0,3,-0.875,0,178,413.01,879,0,1,6
CUST_4088,28.4,4,0.305,2,131,394.67,518,0,1,62
CUST_4089,0.7,15,0.823,3,341,568.58,205,0,0,205
CUST_4090,19.9,15,-0.241,2,74,52.0,1284,1,0,1284
CUST_4091,6.3,13,0.676,0,289,490.07,825,0,0,825
CUST_4092,9.8,9,-0.374,3,44,504.26,1371,0,1,59
CUST_4093,39.6,10,0.14,3,143,609.13,791,0,1,50
CUST_4094,6.1,12,0.297,2,136,716.92,496,1,0,496
CUST_4095,9.4,14,0.356,3,207,380.14,469,0,0,469
CUST_4096,0.2,1,0.765,3,230,306.89,1109,0,0,1109
CUST_4097,1.3,14,-0.531,1,271,126.74,1384,0,0,1384
CUST_4098,4.5,14,-0.475,2,94,302.63,302,1,0,302
CUST_4099,0.4,8,0.408,2,260,101.36,731,0,0,731
CUST_4100,15.0,16,-0.646,0,126,652.12,1074,0,0,1074
CUST_4101,8.3,14,-0.071,2,166,655.25,194,0,0,194
CUST_4102,11.9,1,-0.96,4,17,362.93,1545,0,1,87
CUST_4103,2.9,16,-0.718,3,147,244.73,912,0,0,912
CUST_4104,5.3,18,0.358,3,246,138.52,1471,0,0,1471
CUST_4105,16.4,7,0.495,1,129,688.43,1633,1,0,1633
CUST_4106,50.4,15,-0.769,2,295,708.12,1021,0,1,12
CUST_4107,0.8,17,-0.545,0,265,249.72,985,1,0,985
CUST_4108,33.2,19,-0.802,2,319,516.32,1320,0,0,1320
CUST_4109,12.9,13,-0.133,4,41,243.99,1783,0,0,1783
CUST_4110,12.4,9,-0.748,0,202,218.84,1391,0,0,1391
CUST_4111,10.4,15,-0.125,4,180,65.91,914,0,0,914
CUST_4112,1.1,3,0.464,3,348,482.87,1661,1,0,1661
CUST_4113,1.4,1,0.367,1,180,162.46,217,1,0,217
CUST_4114,13.8,16,-0.439,1,295,59.28,1528,0,0,1528
CUST_4115,6.3,8,0.348,2,143,128.64,237,0,0,237
CUST_4116,37.4,13,0.855,2,60,285.33,103,1,1,36
CUST_4117,7.8,8,-0.305,1,208,551.87,703,1,0,703
CUST_4118,2.3,17,-0.342,2,165,201.97,702,0,0,702
CUST_4119,18.8,14,0.143,2,299,715.69,1447,0,0,1447
CUST_4120,5.2,7,-0.509,2,142,266.37,519,0,1,68
CUST_4121,11.2,15,0.303,0,350,298.42,601,0,0,601
CUST_4122,18.0,16,0.665,2,60,213.48,1079,1,0,1079
CUST_4123,34.6,19,-0.081,3,262,240.35,903,0,0,903
CUST_4124,23.6,6,0.359,4,123,105.6,1590,0,1,64
CUST_4125,16.9,1,0.304,0,237,271.08,1823,0,0,1823
CUST_4126,17.1,12,-0.923,2,29,694.71,544,0,1,16
CUST_4127,43.8,18,-0.633,4,254,566.32,1310,0,1,22
CUST_4128,5.3,16,0.787,0,89,706.45,309,0,0,309
CUST_4129,0.0,12,0.878,4,138,128.64,847,0,0,847
CUST_4130,4.8,13,0.561,1,361,391.71,968,0,0,968
CUST_4131,3.7,8,0.842,1,347,221.94,789,0,0,789
CUST_4132,16.3,1,-0.388,1,206,590.91,585,1,1,89
CUST_4133,15.1,7,-0.505,4,92,777.68,1086,0,1,12
CUST_4134,13.5,15,-0.231,0,133,661.52,1347,1,0,1347
CUST_4135,0.2,13,-0.889,2,203,76.46,1677,0,0,1677
CUST_4136,19.6,13,0.62,0,306,287.49,1361,0,0,1361
CUST_4137,5.9,9,0.968,1,335,71.43,320,0,0,320
CUST_4138,16.4,15,0.648,3,109,80.13,814,0,0,814
CUST_4139,12.2,4,0.11,0,37,109.64,855,0,0,855
CUST_4140,6.3,13,-0.409,3,21,257.25,1357,0,1,55
CUST_4141,2.2,12,-0.605,2,224,278.15,1096,0,0,1096
CUST_4142,1.5,5,-0.272,1,345,350.34,1609,0,0,1609
CUST_4143,26.7,7,0.334,1,167,353.7,1000,0,0,1000
CUST_4144,37.6,8,-0.106,0,134,628.56,1652,0,1,82
CUST_4145,15.7,5,0.868,1,109,156.05,771,1,1,64
CUST_4146,1.6,9,0.708,1,223,168.31,1533,0,0,1533
CUST_4147,7.7,14,-0.795,0,167,519.94,112,0,0,112
CUST_4148,19.6,12,-0.737,0,106,478.81,1257,0,1,79
CUST_4149,22.7,4,0.352,0,23,165.5,671,1,1,69
CUST_4150,1.9,8,-0.538,1,296,689.2,1191,1,0,1191
CUST_4151,0.0,17,0.582,1,306,296.79,112,0,0,112
CUST_4152,18.7,8,0.183,1,357,325.23,1740,0,0,1740
CUST_4153,6.6,1,-0.54,3,210,365.35,677,1,1,2
CUST_4154,4.4,2,-0.043,2,170,292.03,648,1,0,648
CUST_4155,0.2,4,-0.188,2,68,468.09,180,0,0,180
CUST_4156,11.7,1,0.746,5,221,341.49,973,0,1,5
CUST_4157,28.6,7,-0.936,1,152,244.58,1674,0,1,28
CUST_4158,47.4,1,0.792,1,349,728.36,1787,0,1,81
CUST_4159,12.5,9,0.304,0,280,281.26,889,1,0,889
CUST_4160,10.8,3,0.475,2,200,573.87,348,0,0,348
CUST_4161,1.3,12,-0.995,1,218,310.42,1300,0,0,1300
CUST_4162,11.9,19,0.256,1,103,376.41,1090,0,0,1090
CUST_4163,7.2,15,0.177,2,298,226.96,1321,0,0,1321
CUST_4164,14.0,16,0.074,2,314,614.25,1639,0,0,1639
CUST_4165,7.4,10,0.572,2,309,602.9,144,1,0,144
CUST_4166,4.1,6,0.112,1,334,66.68,1134,0,0,1134
CUST_4167,1.5,17,0.714,1,229,95.15,734,0,0,734
CUST_4168,5.7,17,-0.535,1,53,741.78,755,0,0,755
CUST_4169,1.5,19,0.612,3,188,716.62,1580,0,0,1580
CUST_4170,2.9,18,-0.641,3,221,429.57,1389,0,0,1389
CUST_4171,65.5,11,0.626,3,74,420.02,1137,0,1,4
CUST_4172,8.8,7,0.881,2,348,659.32,916,1,0,916
CUST_4173,11.4,10,-0.329,0,171,153.84,807,0,0,807
CUST_4174,31.0,7,0.06,4,41,540.27,839,0,1,75
CUST_4175,81.3,5,0.317,2,156,406.99,183,0,1,59
CUST_4176,13.1,12,-0.841,2,334,607.5,282,0,0,282
CUST_4177,25.1,16,-0.012,3,80,72.58,531,0,1,29
CUST_4178,5.9,18,-0.279,2,207,494.54,477,0,0,477
CUST_4179,5.5,3,0.745,4,313,467.55,1326,0,0,1326
CUST_4180,7.7,15,0.753,2,85,680.64,959,0,0,959
CUST_4181,16.7,5,0.402,5,231,557.63,854,0,1,44
CUST_4182,17.2,13,0.311,3,176,710.12,883,0,0,883
CUST_4183,5.7,19,0.467,2,106,715.45,536,0,0,536
CUST_4184,2.1,12,-0.268,0,138,356.12,161,0,0,161
CUST_4185,15.0,5,-0.191,1,101,153.08,1764,0,0,1764
CUST_4186,2.1,6,0.107,1,309,522.71,1378,0,0,1378
CUST_4187,13.0,7,0.876,1,29,705.31,380,0,1,85
CUST_4188,17.7,10,0.448,1,193,106.22,1136,0,0,1136
CUST_4189,18.1,16,0.102,4,320,468.44,847,0,0,847
CUST_4190,21.0,8,0.541,1,243,136.25,155,1,1,54
CUST_4191,30.9,9,-0.258,2,313,70.25,1267,1,1,58
CUST_4192,10.4,4,0.461,0,184,559.73,864,1,0,864
CUST_4193,19.7,8,-0.179,3,292,561.39,1780,0,0,1780
CUST_4194,14.5,7,-0.441,2,246,500.49,1803,1,1,37
CUST_4195,3.1,15,0.219,1,117,694.42,1653,0,0,1653
CUST_4196,0.4,3,0.374,1,72,110.66,925,0,0,925
CUST_4197,5.0,17,-0.081,2,68,128.95,984,0,0,984
CUST_4198,8.8,11,0.131,1,241,698.4,491,0,0,491
CUST_4199,14.4,9,0.388,1,151,427.46,654,0,0,654
CUST_4200,28.5,5,0.535,2,318,254.79,134,1,1,2
CUST_4201,3.3,10,0.791,1,93,603.62,1424,0,0,1424
CUST_4202,2.0,15,-0.291,1,270,720.8,92,0,0,92
CUST_4203,49.6,14,0.903,1,228,567.2,992,0,0,992
CUST_4204,1.7,4,0.275,1,29,643.95,780,1,1,33
CUST_4205,9.8,2,0.575,2,112,261.87,1522,0,0,1522
CUST_4206,13.2,12,0.4,2,334,266.58,55,1,0,55
CUST_4207,11.7,1,-0.589,1,147,698.09,1693,0,1,21
CUST_4208,1.3,5,-0.857,2,56,511.15,30,0,1,66
CUST_4209,0.9,6,0.453,4,176,225.62,123,0,0,123
CUST_4210,1.7,11,0.022,1,311,443.12,912,0,0,912
CUST_4211,13.2,8,0.404,4,55,564.4,481,0,1,75
CUST_4212,11.8,7,-0.046,0,264,213.91,1065,0,0,1065
CUST_4213,4.0,4,-0.376,2,236,541.18,1731,0,1,87
CUST_4214,15.2,6,-0.43,1,277,81.61,327,0,0,327
CUST_4215,25.7,16,0.461,1,76,277.77,1473,0,0,1473
CUST_4216,0.6,15,-0.446,1,123,555.48,1632,0,0,1632
CUST_4217,10.3,14,0.429,2,27,162.01,1220,0,0,1220
CUST_4218,17.5,12,-0.232,0,141,216.65,283,1,1,33
CUST_4219,4.4,12,0.542,2,157,709.32,1818,1,0,1818
CUST_4220,5.5,16,-0.714,3,166,555.74,1811,1,0,1811
CUST_4221,14.3,15,-0.59,1,184,424.19,1624,0,0,1624
CUST_4222,34.2,13,0.372,1,11,208.17,1347,0,1,61
CUST_4223,24.9,11,0.12,1,168,306.06,1197,0,0,1197
CUST_4224,13.1,17,-0.592,3,318,480.75,238,0,0,238
CUST_4225,19.7,15,0.806,1,105,166.48,1279,0,0,1279
CUST_4226,6.8,14,-0.448,3,253,411.31,1511,0,0,1511
CUST_4227,15.4,10,-0.158,2,97,356.73,936,1,1,26
CUST_4228,9.4,12,-0.595,1,118,407.52,313,0,0,313
CUST_4229,3.2,16,-0.224,1,225,129.17,1656,1,0,1656
CUST_4230,18.1,15,-0.017,2,151,129.87,1539,0,0,1539
CUST_4231,12.2,10,-0.41,1,202,773.08,1164,0,0,1164
CUST_4232,6.7,4,0.538,0,162,784.53,1805,0,0,1805
CUST_4233,36.3,9,-0.212,1,296,369.62,379,0,1,45
CUST_4234,0.3,9,0.459,1,121,641.75,1386,0,0,1386
CUST_4235,5.7,11,-0.586,1,15,541.84,1133,1,0,1133
CUST_4236,0.9,11,-0.246,0,335,137.69,1439,0,0,1439
CUST_4237,21.8,7,-0.984,2,105,272.51,1457,1,1,83
CUST_4238,18.2,10,0.517,1,261,285.24,1769,0,0,1769
CUST_4239,6.0,4,0.252,2,19,496.83,1803,1,1,40
CUST_4240,16.9,5,0.636,3,243,484.98,1381,0,0,1381
CUST_4241,7.6,5,-0.089,2,243,742.63,1347,0,0,1347
CUST_4242,21.2,11,0.599,0,211,642.53,1547,0,0,1547
CUST_4243,9.1,9,0.295,2,223,692.64,213,0,0,213
CUST_4244,8.0,16,-0.993,0,352,718.42,241,0,0,241
CUST_4245,40.9,9,-0.493,1,261,650.96,1304,1,1,60
CUST_4246,4.3,4,-0.012,2,219,299.66,1792,0,0,1792
CUST_4247,1.9,2,0.237,1,7,211.26,196,0,0,196
CUST_4248,13.2,14,-0.869,4,13,478.83,1596,0,1,52
CUST_4249,52.3,3,0.41,0,129,567.18,1716,0,1,80
CUST_4250,7.1,18,0.087,1,21,339.93,1215,0,0,1215
CUST_4251,1.0,6,0.052,1,224,686.25,1661,0,0,1661
CUST_4252,6.2,11,-0.416,0,234,770.42,1326,0,0,1326
CUST_4253,10.6,18,0.19,0,340,477.05,904,1,0,904
CUST_4254,2.6,12,-0.945,1,198,392.44,1589,0,0,1589
CUST_4255,16.1,5,-0.871,0,133,682.17,1472,0,0,1472
CUST_4256,91.4,9,0.468,0,177,68.2,1683,1,1,70
CUST_4257,9.0,18,-0.356,1,43,146.76,436,0,0,436
CUST_4258,6.6,19,-0.306,3,7,684.24,1445,0,0,1445
CUST_4259,7.7,3,-0.583,1,279,599.02,467,0,0,467
CUST_4260,1.8,9,-0.109,0,26,362.1,1140,0,0,1140
CUST_4261,32.2,4,-0.896,2,50,716.64,434,0,1,2
CUST_4262,8.0,17,-0.399,1,68,313.59,304,0,0,304
CUST_4263,7.3,17,0.054,2,280,525.38,1468,0,0,1468
CUST_4264,16.2,2,-0.069,0,43,525.75,591,0,0,591
CUST_4265,8.8,9,0.999,1,174,188.25,1380,0,0,1380
CUST_4266,15.7,9,-0.222,3,118,263.64,141,1,1,67
CUST_4267,1.0,5,-0.226,1,364,737.01,821,0,0,821
CUST_4268,25.2,15,0.007,3,268,187.56,331,0,0,331
CUST_4269,42.3,15,-0.619,0,180,180.18,165,0,1,72
CUST_4270,15.7,3,0.753,2,52,409.71,362,0,1,37
CUST_4271,46.4,19,0.145,0,292,119.15,1056,0,1,85
CUST_4272,2.5,3,-0.616,0,190,720.97,1215,1,0,1215
CUST_4273,9.7,6,0.587,1,193,125.11,1565,0,0,1565
CUST_4274,13.8,4,-0.931,3,39,512.42,106,0,1,56
CUST_4275,13.1,13,0.965,1,77,304.84,214,0,0,214
CUST_4276,7.7,13,0.73,0,188,653.2,599,0,0,599
CUST_4277,6.2,11,0.159,1,94,492.36,1533,0,0,1533
CUST_4278,2.0,5,-0.777,4,24,341.23,1216,0,1,88
CUST_4279,7.5,1,-0.569,2,102,787.9,1074,1,1,46
CUST_4280,2.7,9,-0.441,4,301,99.67,1630,0,0,1630
CUST_4281,19.9,17,-0.518,1,158,483.34,1631,0,1,60
CUST_4282,3.5,1,-0.005,1,357,792.18,982,0,0,982
CUST_4283,0.9,3,0.889,1,207,568.21,1351,1,0,1351
CUST_4284,12.1,15,-0.112,4,346,604.83,328,0,0,328
CUST_4285,13.6,10,0.323,2,93,74.07,1335,1,1,61
CUST_4286,30.8,8,0.377,3,323,66.02,501,1,1,4
CUST_4287,12.9,12,0.743,3,38,77.08,439,0,0,439
CUST_4288,6.4,15,-0.932,0,335,793.79,1445,0,0,1445
CUST_4289,24.4,9,-0.191,0,163,784.64,716,0,0,716
CUST_4290,11.7,10,0.569,0,340,300.88,194,0,0,194
CUST_4291,1.2,9,0.63,0,321,268.24,1135,0,0,1135
CUST_4292,12.5,15,0.855,0,54,159.47,687,1,0,687
CUST_4293,35.8,1,0.406,2,71,296.86,1769,0,1,11
CUST_4294,7.6,2,-0.51,1,41,327.61,193,1,1,36
CUST_4295,5.3,19,0.011,0,325,611.21,133,0,0,133
CUST_4296,2.3,14,-0.935,2,131,699.72,1183,0,0,1183
CUST_4297,2.5,8,0.294,2,20,610.05,625,1,0,625
CUST_4298,8.5,6,0.109,2,0,534.86,149,0,0,149
CUST_4299,13.6,12,0.334,0,165,624.43,288,0,0,288
CUST_4300,1.3,15,0.86,2,59,603.87,1157,1,0,1157
CUST_4301,42.1,14,0.375,2,75,406.81,393,0,1,33
CUST_4302,21.1,1,-0.359,0,90,301.89,1599,0,1,65
CUST_4303,13.3,11,-0.603,1,206,262.09,398,0,0,398
CUST_4304,26.4,3,0.709,0,87,559.52,1739,1,1,3
CUST_4305,1.3,19,-0.611,0,81,769.48,987,0,0,987
CUST_4306,9.7,18,-0.677,1,16,485.79,1379,0,0,1379
CUST_4307,14.9,2,-0.587,0,328,734.39,1797,0,0,1797
CUST_4308,26.5,7,0.018,4,209,60.67,1238,0,1,45
CUST_4309,23.0,8,-0.752,2,311,645.85,423,0,0,423
CUST_4310,4.9,19,0.876,0,52,690.2,1397,0,0,1397
CUST_4311,42.4,15,0.933,1,127,523.25,559,1,1,23
CUST_4312,2.0,10,0.948,2,145,750.55,1470,1,0,1470
CUST_4313,31.2,1,-0.922,4,303,492.43,1284,0,1,26
CUST_4314,53.1,6,0.892,2,309,230.4,164,0,1,89
CUST_4315,2.9,13,0.995,2,247,211.79,74,1,0,74
CUST_4316,19.2,14,0.885,0,0,466.88,653,1,0,653
CUST_4317,0.6,3,0.342,2,40,729.86,1545,0,0,1545
CUST_4318,7.8,11,0.402,2,72,104.28,954,0,0,954
CUST_4319,10.9,3,-0.755,2,159,503.29,624,1,1,74
CUST_4320,13.0,19,0.749,0,211,627.35,1475,0,0,1475
CUST_4321,41.2,10,-0.881,2,332,136.55,1604,1,1,64
CUST_4322,16.7,15,-0.365,2,295,137.58,795,1,0,795
CUST_4323,9.8,11,0.982,1,138,324.6,1198,0,0,1198
CUST_4324,24.9,15,-0.155,0,303,255.41,1370,1,0,1370
CUST_4325,45.1,13,-0.738,1,42,198.74,1616,0,1,55
CUST_4326,0.3,5,0.939,1,178,199.02,322,0,0,322
CUST_4327,60.7,4,0.968,1,188,148.0,1632,0,1,62
CUST_4328,1.4,13,-0.626,1,245,508.14,565,0,0,565
CUST_4329,25.3,9,0.73,1,297,566.09,663,0,0,663
CUST_4330,4.9,17,-0.219,2,153,577.2,495,0,0,495
CUST_4331,2.1,2,-0.237,2,103,449.27,78,0,1,66
CUST_4332,8.7,5,-0.475,3,10,764.68,690,0,1,15
CUST_4333,15.5,16,-0.911,0,24,710.4,488,1,0,488
CUST_4334,7.2,7,-0.464,1,295,768.22,726,0,0,726
CUST_4335,0.8,1,-0.892,1,24,341.6,791,1,1,79
CUST_4336,13.7,12,0.849,2,83,708.34,454,0,0,454
CUST_4337,34.9,11,0.323,1,105,622.16,1710,0,0,1710
CUST_4338,7.2,12,0.773,1,240,304.98,784,0,0,784
CUST_4339,3.7,19,0.435,2,118,129.94,906,0,0,906
CUST_4340,8.8,12,-0.737,1,107,561.97,690,0,0,690
CUST_4341,0.7,12,0.881,1,329,152.34,97,0,0,97
CUST_4342,25.8,14,0.8,2,179,270.33,538,0,0,538
CUST_4343,26.3,2,-0.304,1,130,425.27,765,0,1,44
CUST_4344,13.3,2,-0.777,2,294,559.91,239,0,1,58
CUST_4345,6.5,4,0.408,4,90,744.67,733,0,1,42
CUST_4346,24.1,16,0.457,1,240,494.93,1353,0,0,1353
CUST_4347,12.1,10,0.794,5,246,553.56,153,0,0,153
CUST_4348,26.2,13,-0.895,2,167,282.51,825,0,1,4
CUST_4349,15.0,2,-0.717,2,222,565.47,321,1,1,69
CUST_4350,23.0,3,0.196,3,277,378.34,450,0,1,14
CUST_4351,13.7,19,0.238,0,189,692.7,841,0,0,841
CUST_4352,8.0,6,-0.933,0,18,344.34,79,0,0,79
CUST_4353,47.5,19,-0.206,2,13,401.2,212,0,1,53
CUST_4354,11.7,19,0.168,1,242,374.44,276,1,0,276
CUST_4355,13.9,8,0.476,3,108,658.34,1141,0,0,1141
CUST_4356,3.7,14,-0.368,2,189,765.27,679,0,0,679
CUST_4357,14.7,10,-0.032,0,217,295.46,579,0,0,579
CUST_4358,12.7,3,0.628,1,298,406.27,590,0,0,590
CUST_4359,3.1,6,0.908,2,310,579.44,101,0,0,101
CUST_4360,0.9,15,-0.539,1,235,721.54,799,0,0,799
CUST_4361,13.9,18,-0.494,3,167,420.28,585,0,0,585
CUST_4362,21.6,14,0.88,0,267,131.67,1344,0,0,1344
CUST_4363,11.1,19,-0.208,1,192,326.5,533,0,0,533
CUST_4364,3.9,10,0.437,2,241,462.77,657,0,0,657
CUST_4365,16.5,15,0.225,2,161,363.14,690,0,0,690
CUST_4366,1.3,4,-0.429,1,363,189.92,1366,0,0,1366
CUST_4367,8.7,2,0.307,2,338,77.74,1341,0,0,1341
CUST_4368,2.7,3,0.311,1,278,565.56,1783,0,1,4
CUST_4369,3.1,7,0.185,2,134,794.55,537,0,0,537
CUST_4370,3.4,16,-0.801,0,192,739.4,1124,0,0,1124
CUST_4371,7.3,10,0.99,4,88,562.45,190,0,0,190
CUST_4372,0.8,19,-0.199,0,41,681.15,156,1,0,156
CUST_4373,7.6,17,0.277,0,92,241.8,1509,0,0,1509
CUST_4374,10.8,19,0.772,5,214,516.83,1735,0,0,1735
CUST_4375,9.9,5,-0.153,0,348,95.45,1582,0,0,1582
CUST_4376,7.2,13,0.548,0,0,580.39,1357,0,0,1357
CUST_4377,27.4,13,0.944,1,334,777.4,519,0,0,519
CUST_4378,2.4,11,-0.282,1,163,695.6,268,0,0,268
CUST_4379,10.6,11,-0.189,5,105,450.83,205,0,1,86
CUST_4380,1.0,16,0.811,0,231,641.56,239,1,0,239
CUST_4381,1.1,15,-0.681,1,45,757.92,1622,0,0,1622
CUST_4382,12.8,17,-0.943,1,204,212.01,388,0,0,388
CUST_4383,12.5,18,0.818,2,20,644.94,1242,0,0,1242
CUST_4384,31.6,19,0.643,2,176,252.39,1562,0,0,1562
CUST_4385,12.2,4,0.945,4,166,707.71,1609,0,1,18
CUST_4386,48.2,5,-0.884,0,293,123.77,663,1,1,35
CUST_4387,0.7,7,-0.688,0,264,183.66,1086,0,0,1086
CUST_4388,1.5,2,-0.789,3,275,590.46,530,0,0,530
CUST_4389,0.7,1,0.367,2,339,181.08,341,1,0,341
CUST_4390,3.1,12,0.212,1,7,168.54,1593,0,0,1593
CUST_4391,11.7,10,-0.281,1,269,466.6,1204,0,0,1204
CUST_4392,15.6,8,-0.885,2,317,676.24,1628,0,0,1628
CUST_4393,0.7,1,0.279,2,211,251.35,1572,0,0,1572
CUST_4394,43.8,12,0.14,1,162,680.85,140,0,1,13
CUST_4395,27.7,2,-0.774,1,310,655.97,1695,0,1,16
CUST_4396,5.3,10,0.818,0,44,484.33,1185,0,0,1185
CUST_4397,1.2,17,-0.602,2,232,534.92,549,0,0,549
CUST_4398,2.8,3,0.487,1,52,80.33,1358,0,0,1358
CUST_4399,2.0,7,0.77,4,232,325.35,1082,0,0,1082
CUST_4400,2.0,12,0.159,1,341,247.55,879,0,0,879
CUST_4401,11.0,8,-0.506,3,170,162.5,962,0,1,35
CUST_4402,4.2,12,-0.382,3,5,342.24,1404,0,0,1404
CUST_4403,6.7,3,0.771,1,43,316.18,1571,0,1,35
CUST_4404,68.4,17,-0.403,1,90,596.67,1545,1,1,24
CUST_4405,17.3,9,0.492,2,195,498.57,437,0,0,437
CUST_4406,44.6,10,0.98,0,3,734.83,1561,0,1,53
CUST_4407,2.3,6,1.0,3,120,159.06,653,1,0,653
CUST_4408,7.2,1,0.067,1,62,94.81,1158,0,1,39
CUST_4409,12.1,12,0.653,0,91,450.96,748,0,0,748
CUST_4410,1.2,5,0.98,1,246,50.77,581,0,0,581
CUST_4411,0.1,13,-0.251,1,218,640.79,809,0,0,809
CUST_4412,16.6,15,-0.495,0,336,429.48,349,1,0,349
CUST_4413,15.4,11,-0.772,4,230,416.05,1099,0,1,32
CUST_4414,7.9,8,-0.718,2,293,321.87,1294,0,0,1294
CUST_4415,10.1,5,0.707,1,187,331.23,1323,0,0,1323
CUST_4416,8.1,2,0.177,1,307,373.35,696,1,0,696
CUST_4417,0.4,12,0.747,0,167,62.02,657,0,0,657
CUST_4418,6.1,2,0.579,3,263,112.66,1090,0,0,1090
CUST_4419,2.9,16,0.347,1,104,428.79,1258,0,0,1258
CUST_4420,1.6,3,0.219,2,223,162.59,1814,0,0,1814
CUST_4421,47.1,10,-0.903,1,114,634.07,1539,0,1,73
CUST_4422,13.7,19,0.745,4,234,255.86,1163,1,0,1163
CUST_4423,19.6,8,-0.164,3,271,123.42,1539,0,0,1539
CUST_4424,5.7,7,0.12,2,273,226.41,1371,0,0,1371
CUST_4425,7.5,1,-0.956,0,229,317.82,1645,1,0,1645
CUST_4426,4.1,12,0.872,1,216,76.49,105,1,0,105
CUST_4427,1.5,5,0.805,0,33,156.26,639,0,0,639
CUST_4428,3.0,16,0.087,1,196,292.89,1551,0,0,1551
CUST_4429,24.0,4,0.155,0,316,282.86,508,0,0,508
CUST_4430,17.0,17,0.41,2,213,650.29,1442,0,0,1442
CUST_4431,11.9,2,-0.471,2,45,682.44,617,1,1,44
CUST_4432,9.7,12,-0.556,0,332,195.06,622,0,0,622
CUST_4433,38.3,1,0.348,3,239,142.95,393,0,1,22
CUST_4434,1.1,12,-0.791,0,253,525.62,338,0,0,338
CUST_4435,4.9,12,-0.092,1,227,653.47,1116,0,0,1116
CUST_4436,6.5,12,-0.014,0,220,772.79,296,0,0,296
CUST_4437,22.9,19,-0.237,0,165,55.1,62,0,0,62
CUST_4438,73.4,17,-0.629,1,72,360.26,69,1,1,32
CUST_4439,4.1,11,-0.289,0,224,600.49,715,0,0,715
CUST_4440,31.1,13,-0.325,1,85,671.42,289,0,1,18
CUST_4441,26.6,8,-0.001,4,80,96.71,765,0,1,33
CUST_4442,3.8,10,0.349,3,214,560.46,1788,0,0,1788
CUST_4443,7.6,8,0.936,2,163,266.7,296,0,0,296
CUST_4444,7.9,8,-0.712,1,239,105.95,696,0,0,696
CUST_4445,57.4,9,0.746,1,68,416.83,1714,0,1,42
CUST_4446,3.0,7,-0.432,0,136,168.62,1278,0,0,1278
CUST_4447,24.1,14,0.183,2,151,602.76,1436,0,0,1436
CUST_4448,6.1,2,0.093,0,96,605.95,1551,0,1,4
CUST_4449,19.7,11,0.114,1,157,681.55,668,0,0,668
CUST_4450,8.2,8,0.447,1,185,333.18,1058,1,0,1058
CUST_4451,13.0,13,-0.237,2,167,59.98,1050,0,1,24
CUST_4452,26.8,15,-0.362,2,243,244.8,475,0,0,475
CUST_4453,24.5,3,0.706,1,118,400.86,317,0,1,69
CUST_4454,30.2,14,-0.56,1,195,570.51,1111,0,0,1111
CUST_4455,0.9,15,-0.64,3,287,336.53,1125,0,0,1125
CUST_4456,17.7,2,-0.969,2,64,452.04,1720,1,1,15
CUST_4457,2.3,19,-0.579,4,161,443.2,823,0,0,823
CUST_4458,8.1,12,0.037,2,84,173.74,1733,0,0,1733
CUST_4459,11.9,4,0.077,2,58,517.29,1594,0,0,1594
CUST_4460,7.7,3,-0.491,1,281,379.44,1135,0,0,1135
CUST_4461,11.0,5,-0.855,1,149,655.94,804,1,1,25
CUST_4462,84.9,3,0.489,2,120,567.96,1671,0,1,39
CUST_4463,2.2,15,0.516,2,268,133.6,306,0,0,306
CUST_4464,16.9,19,0.996,2,254,416.57,992,0,0,992
CUST_4465,7.6,2,0.8,5,223,576.87,1575,1,1,72
CUST_4466,2.1,12,0.852,2,54,115.26,1627,1,0,1627
CUST_4467,2.6,5,0.596,1,135,644.37,765,0,0,765
CUST_4468,44.7,17,0.231,1,189,216.5,1189,0,1,36
CUST_4469,31.8,14,-0.743,0,252,427.31,765,0,0,765
CUST_4470,35.6,10,0.245,2,311,755.42,143,0,1,42
CUST_4471,71.6,3,-0.888,2,83,478.5,801,0,1,19
CUST_4472,3.5,4,0.771,2,353,368.04,186,0,0,186
CUST_4473,6.6,6,-0.036,2,176,55.1,1449,1,1,89
CUST_4474,16.6,16,0.395,3,93,150.06,1042,0,0,1042
CUST_4475,9.9,7,-0.896,3,34,484.0,1282,0,1,85
CUST_4476,8.1,15,0.068,0,211,420.37,1665,0,0,1665
CUST_4477,6.6,11,-0.397,5,125,322.87,284,0,1,26
CUST_4478,13.5,1,-0.43,1,229,742.41,1232,0,1,42
CUST_4479,12.9,5,-0.221,1,167,299.36,1282,1,1,62
CUST_4480,2.6,13,-0.999,2,13,452.86,1420,0,1,53
CUST_4481,9.6,14,-0.067,2,73,476.54,1084,0,0,1084
CUST_4482,12.1,9,-0.027,2,51,445.6,137,0,1,50
CUST_4483,12.7,17,0.726,2,361,408.19,311,0,0,311
CUST_4484,3.5,15,-0.103,0,206,302.8,650,0,0,650
CUST_4485,20.3,7,-0.273,0,295,731.57,419,0,0,419
CUST_4486,0.4,12,0.989,5,42,388.1,1594,0,0,1594
CUST_4487,6.6,6,0.142,2,2,446.34,558,0,0,558
CUST_4488,22.7,16,-0.055,2,94,542.36,1457,0,1,14
CUST_4489,12.4,5,-0.008,1,237,100.74,1223,0,0,1223
CUST_4490,4.5,9,0.618,1,166,635.97,907,0,0,907
CUST_4491,17.8,14,-0.319,0,18,434.38,1228,1,0,1228
CUST_4492,12.6,8,-0.222,1,206,542.88,1127,1,1,29
CUST_4493,23.9,14,0.512,1,229,629.01,483,0,0,483
CUST_4494,19.9,12,-0.854,2,213,705.57,538,1,0,538
CUST_4495,14.1,10,0.73,2,55,344.17,1293,0,0,1293
CUST_4496,10.0,13,-0.14,0,333,658.57,125,0,0,125
CUST_4497,2.1,19,0.163,1,131,244.13,1567,0,0,1567
CUST_4498,4.5,15,0.515,2,8,545.25,231,1,0,231
CUST_4499,8.1,8,-0.468,1,230,127.03,1090,1,0,1090
CUST_4500,13.7,10,0.781,1,152,65.02,120,1,0,120
CUST_4501,10.8,3,0.958,1,304,121.82,262,0,0,262
CUST_4502,5.1,3,-0.011,0,283,289.54,688,0,0,688
CUST_4503,0.1,5,0.874,1,189,73.32,1040,0,0,1040
CUST_4504,10.3,16,-0.998,0,15,522.87,838,0,0,838
CUST_4505,5.0,17,0.788,1,342,287.41,941,0,0,941
CUST_4506,19.9,6,-0.378,0,202,602.28,282,0,1,21
CUST_4507,0.4,16,-0.377,1,173,84.44,1424,0,0,1424
CUST_4508,13.2,2,-0.544,1,167,212.53,753,0,0,753
CUST_4509,42.6,15,-0.366,2,338,356.0,1497,0,1,37
CUST_4510,2.9,18,-0.573,0,33,336.99,470,1,0,470
CUST_4511,9.6,1,0.812,2,228,148.25,1025,0,0,1025
CUST_4512,1.4,19,0.798,0,0,795.6,93,0,0,93
CUST_4513,14.7,12,-0.796,3,321,263.33,34,0,0,34
CUST_4514,12.0,8,-0.714,1,114,590.77,1711,0,0,1711
CUST_4515,7.8,6,0.724,1,213,215.02,101,0,0,101
CUST_4516,11.1,12,-0.202,0,253,708.39,1450,0,0,1450
CUST_4517,34.0,7,-0.661,0,144,340.82,646,0,1,42
CUST_4518,3.3,18,0.021,2,46,725.68,359,0,0,359
CUST_4519,0.3,14,-0.167,2,279,306.38,1601,1,0,1601
CUST_4520,29.7,8,-0.562,3,177,56.48,1200,0,1,21
CUST_4521,12.9,14,0.442,0,212,437.77,1468,0,0,1468
CUST_4522,33.2,5,0.263,1,359,443.59,1821,1,1,23
CUST_4523,13.6,9,-0.801,0,284,139.88,1793,1,0,1793
CUST_4524,24.9,8,0.851,2,244,226.22,378,0,0,378
CUST_4525,8.4,2,0.117,1,252,637.62,394,0,0,394
CUST_4526,20.8,16,-0.5,0,205,77.57,820,0,0,820
CUST_4527,36.6,13,-0.587,1,71,417.15,445,0,1,17
CUST_4528,12.7,7,-0.728,1,221,447.81,654,0,0,654
CUST_4529,3.0,16,-0.151,2,341,566.53,536,0,0,536
CUST_4530,4.7,7,-0.729,1,214,78.09,552,0,0,552
CUST_4531,3.3,14,-0.168,1,359,489.23,735,0,0,735
CUST_4532,4.3,14,-0.702,2,140,52.32,1789,1,0,1789
CUST_4533,5.5,12,0.314,1,155,248.88,279,1,0,279
CUST_4534,12.1,1,0.57,3,221,424.76,930,0,1,20
CUST_4535,13.3,1,0.099,6,329,733.46,278,0,1,47
CUST_4536,8.3,12,0.36,2,230,144.94,1404,0,0,1404
CUST_4537,14.3,15,0.877,3,141,176.97,1322,0,0,1322
CUST_4538,1.3,4,0.277,3,357,551.94,883,0,0,883
CUST_4539,1.4,7,-0.272,2,74,331.15,477,0,0,477
CUST_4540,2.8,16,-0.101,0,39,517.57,112,0,0,112
CUST_4541,10.9,3,0.721,1,272,798.09,1594,0,0,1594
CUST_4542,3.6,7,-0.739,0,69,790.15,1460,0,1,9
CUST_4543,5.0,6,-0.349,2,316,315.29,368,0,0,368
CUST_4544,7.7,16,0.155,0,110,427.94,1133,0,0,1133
CUST_4545,25.1,8,0.353,1,233,728.52,124,0,0,124
CUST_4546,0.2,6,0.527,0,196,119.13,941,0,0,941
CUST_4547,15.7,10,-0.364,0,338,389.23,288,1,0,288
CUST_4548,16.6,16,-0.708,1,198,333.18,151,0,1,63
CUST_4549,24.0,11,0.91,0,23,271.16,1177,0,0,1177
CUST_4550,40.5,13,-0.847,0,306,795.65,564,1,1,9
CUST_4551,0.3,6,-0.808,2,146,600.16,982,0,0,982
CUST_4552,2.5,1,-0.01,2,61,341.56,934,0,0,934
CUST_4553,32.6,19,0.639,0,66,671.77,976,0,0,976
CUST_4554,9.2,12,0.549,0,29,417.25,1781,1,1,9
CUST_4555,12.5,6,0.875,2,106,704.62,1342,0,0,1342
CUST_4556,16.3,18,-0.717,0,165,249.78,1515,0,0,1515
CUST_4557,17.0,13,-0.249,3,120,217.7,121,0,0,121
CUST_4558,40.3,7,-0.436,1,10,235.47,1077,0,1,2
CUST_4559,86.9,13,0.722,1,71,453.86,1160,0,1,1
CUST_4560,19.1,8,-0.023,0,346,268.49,81,0,0,81
CUST_4561,5.1,17,-0.946,2,252,160.34,740,0,0,740
CUST_4562,31.8,9,0.416,0,284,795.97,323,0,0,323
CUST_4563,0.8,13,-0.223,3,118,725.32,329,0,0,329
CUST_4564,3.9,2,0.062,0,7,526.26,374,0,1,18
CUST_4565,34.2,4,0.788,1,214,718.66,1435,0,0,1435
CUST_4566,4.4,2,-0.487,3,220,751.6,1621,0,1,52
CUST_4567,3.7,4,-0.519,1,79,557.08,223,1,1,86
CUST_4568,2.2,18,-0.474,2,71,439.01,1610,1,1,20
CUST_4569,29.4,5,-0.324,1,199,711.5,465,0,1,11
CUST_4570,10.4,19,-0.785,1,172,475.85,414,0,0,414
CUST_4571,16.9,10,0.394,2,288,145.1,884,0,0,884
CUST_4572,4.1,18,-0.585,4,233,325.14,780,1,0,780
CUST_4573,21.3,10,0.852,1,260,384.44,1425,0,0,1425
CUST_4574,21.4,5,-0.569,0,144,751.53,1797,0,1,13
CUST_4575,5.6,17,-0.489,1,21,544.39,349,0,0,349
CUST_4576,7.9,13,-0.406,1,77,706.46,268,0,0,268
CUST_4577,3.5,17,0.537,2,229,618.19,421,0,0,421
CUST_4578,56.3,9,-0.145,2,159,282.4,677,1,1,63
CUST_4579,15.6,12,0.639,2,13,589.03,1338,1,1,47
CUST_4580,40.9,14,0.57,2,235,196.47,42,0,1,15
CUST_4581,5.4,14,0.859,0,147,356.11,1438,0,0,1438
CUST_4582,22.8,8,0.513,1,149,654.57,570,0,0,570
CUST_4583,21.8,5,-0.896,2,29,508.95,719,0,1,43
CUST_4584,17.6,19,0.675,1,160,669.06,1346,0,0,1346
CUST_4585,50.6,14,0.876,2,260,241.03,286,0,1,34
CUST_4586,7.5,9,0.987,0,17,612.31,137,0,0,137
CUST_4587,2.1,7,-0.749,0,62,201.74,1634,0,0,1634
CUST_4588,16.7,8,0.227,3,134,458.98,1741,0,1,16
CUST_4589,19.6,14,-0.601,0,156,375.15,212,1,1,67
CUST_4590,12.8,14,-0.475,3,56,467.36,1807,1,0,1807
CUST_4591,3.5,11,0.491,4,264,151.65,1759,0,0,1759
CUST_4592,10.5,14,0.955,3,253,320.92,396,1,0,396
CUST_4593,5.6,8,0.19,0,186,550.18,1049,0,0,1049
CUST_4594,8.4,3,0.701,0,360,468.9,860,0,0,860
CUST_4595,15.5,18,-0.982,1,326,461.73,1587,0,0,1587
CUST_4596,20.5,3,-0.927,4,198,433.12,891,0,1,51
CUST_4597,4.0,13,0.193,1,170,757.91,1576,0,0,1576
CUST_4598,7.8,12,-0.222,4,314,750.93,1338,1,0,1338
CUST_4599,4.7,15,0.78,1,5,320.11,903,0,0,903
CUST_4600,3.3,18,-0.396,1,255,313.92,1312,0,0,1312
CUST_4601,22.9,5,-0.136,0,308,466.17,202,0,0,202
CUST_4602,36.0,7,0.056,1,319,121.7,1770,0,1,85
CUST_4603,6.9,11,-0.454,0,247,277.26,789,0,0,789
CUST_4604,20.9,11,0.817,1,218,223.15,800,1,0,800
CUST_4605,34.1,15,-0.071,1,3,217.54,1383,0,1,66
CUST_4606,28.1,10,-0.152,2,0,528.88,481,1,1,23
CUST_4607,3.0,15,0.7,1,325,338.26,500,0,0,500
CUST_4608,47.0,13,-0.376,1,30,178.37,1134,1,1,79
CUST_4609,7.1,14,0.635,2,320,715.68,350,1,0,350
CUST_4610,6.2,17,-0.755,2,116,705.61,470,0,0,470
CUST_4611,1.0,13,-0.634,0,274,696.85,428,0,0,428
CUST_4612,10.0,10,0.902,1,196,343.06,217,0,0,217
CUST_4613,1.7,1,0.685,0,324,92.74,1491,0,0,1491
CUST_4614,4.3,1,-0.224,1,176,130.06,914,0,0,914
CUST_4615,5.7,15,0.277,1,286,257.04,879,0,0,879
CUST_4616,24.8,16,0.886,2,235,214.98,1501,1,1,70
CUST_4617,31.3,12,-0.576,3,78,705.49,772,1,1,80
CUST_4618,5.4,6,-0.882,1,242,789.77,1523,0,0,1523
CUST_4619,29.4,6,0.075,1,310,662.51,1593,0,1,66
CUST_4620,29.2,12,-0.715,2,204,597.39,891,0,1,58
CUST_4621,21.7,15,-0.625,2,210,491.47,1514,1,1,43
CUST_4622,2.4,4,0.783,2,332,627.43,544,1,0,544
CUST_4623,17.6,4,-0.985,2,90,760.27,1290,0,1,38
CUST_4624,43.5,2,0.634,2,165,501.01,210,0,1,28
CUST_4625,17.2,12,0.034,2,160,165.96,439,0,0,439
CUST_4626,6.0,7,0.119,2,5,172.89,545,1,1,41
CUST_4627,10.4,9,0.344,1,140,487.9,941,0,0,941
CUST_4628,15.6,9,-0.137,1,204,300.1,889,0,0,889
CUST_4629,10.7,8,-0.769,4,19,732.69,1125,0,1,50
CUST_4630,1.9,14,-0.794,3,99,508.73,211,0,0,211
CUST_4631,5.6,1,0.509,2,164,557.37,133,0,0,133
CUST_4632,24.3,12,-0.558,1,44,54.37,1325,0,1,63
CUST_4633,29.6,2,-0.944,1,336,424.14,316,1,1,81
CUST_4634,2.2,13,0.959,1,226,373.37,116,0,0,116
CUST_4635,45.7,4,0.961,3,314,579.4,415,0,1,26
CUST_4636,6.0,18,-0.244,1,51,336.98,1126,0,0,1126
CUST_4637,16.3,19,-0.949,1,145,782.43,632,1,0,632
CUST_4638,20.9,16,0.455,1,280,552.65,1738,0,0,1738
CUST_4639,25.1,14,0.662,3,122,544.94,1363,0,0,1363
CUST_4640,43.7,8,-0.75,1,206,739.51,728,0,1,73
CUST_4641,5.6,12,-0.729,2,296,796.4,472,0,0,472
CUST_4642,29.3,9,0.644,3,101,198.37,1289,0,0,1289
CUST_4643,2.1,6,0.844,0,273,657.9,1727,0,0,1727
CUST_4644,18.3,18,0.582,2,128,171.74,614,0,0,614
CUST_4645,20.3,2,-0.599,3,166,392.78,1790,1,1,6
CUST_4646,17.0,8,-0.177,1,201,125.14,1283,0,0,1283
CUST_4647,4.4,14,0.202,6,101,517.53,283,0,1,29
CUST_4648,31.0,6,-0.679,1,70,401.39,981,0,1,3
CUST_4649,2.8,10,-0.579,1,7,521.52,1727,1,0,1727
CUST_4650,0.8,8,-0.434,0,161,558.47,384,0,0,384
CUST_4651,19.0,17,0.019,3,72,514.57,1815,1,1,9
CUST_4652,9.7,12,0.022,2,344,270.52,1548,0,0,1548
CUST_4653,28.4,17,0.629,3,26,677.72,439,0,1,59
CUST_4654,7.3,13,0.506,2,168,463.76,1252,1,0,1252
CUST_4655,2.8,19,0.827,3,262,417.39,458,0,0,458
CUST_4656,27.2,12,0.666,1,287,790.3,1805,0,0,1805
CUST_4657,11.9,16,-0.492,2,72,262.63,1802,0,0,1802
CUST_4658,3.1,5,-0.337,0,208,446.02,504,0,0,504
CUST_4659,19.1,16,0.001,1,98,561.74,617,0,0,617
CUST_4660,10.7,6,-0.971,5,30,143.92,1006,0,1,20
CUST_4661,13.9,11,0.808,2,335,315.68,946,0,0,946
CUST_4662,9.3,17,-0.911,1,32,651.27,371,0,0,371
CUST_4663,26.5,14,-0.355,2,212,227.57,503,1,1,84
CUST_4664,26.5,6,0.138,1,144,419.97,426,0,1,67
CUST_4665,18.5,11,0.036,0,98,522.97,1479,0,0,1479
CUST_4666,1.7,12,0.309,2,309,553.37,1098,0,0,1098
CUST_4667,27.4,13,0.055,2,309,596.23,1396,0,1,43
CUST_4668,16.7,4,-0.542,1,179,699.48,720,0,0,720
CUST_4669,17.9,7,-0.598,1,134,344.64,763,0,1,85
CUST_4670,6.8,2,0.814,2,189,579.97,1070,0,0,1070
CUST_4671,31.7,6,-0.472,1,29,599.13,248,0,1,1
CUST_4672,19.4,6,-0.438,2,81,275.21,625,0,1,50
CUST_4673,1.8,18,-0.174,2,56,776.12,220,0,0,220
CUST_4674,7.9,8,-0.721,0,173,698.91,1444,0,0,1444
CUST_4675,32.6,8,0.015,1,207,267.4,1492,0,1,3
CUST_4676,0.7,8,0.33,1,325,556.3,673,1,0,673
CUST_4677,48.8,8,0.572,1,321,588.35,1550,1,1,8
CUST_4678,17.1,1,0.423,2,182,373.61,123,0,0,123
CUST_4679,15.0,2,-0.705,2,234,697.81,1148,1,1,41
CUST_4680,4.7,12,-0.088,0,106,567.67,1749,0,0,1749
CUST_4681,4.3,15,-0.923,2,185,543.62,1697,0,0,1697
CUST_4682,42.7,4,-0.964,3,265,215.63,1135,0,1,85
CUST_4683,5.3,3,-0.12,5,131,355.88,369,1,1,78
CUST_4684,22.4,14,-0.494,2,329,375.44,837,0,0,837
CUST_4685,7.5,8,0.367,2,328,600.25,389,0,0,389
CUST_4686,2.2,13,0.448,2,317,513.8,141,0,0,141
CUST_4687,0.2,19,0.791,1,364,114.4,332,0,0,332
CUST_4688,11.8,5,0.521,3,170,280.77,80,0,0,80
CUST_4689,55.8,13,-0.904,1,297,404.79,835,0,1,38
CUST_4690,6.9,1,-0.257,1,23,602.55,730,0,1,34
CUST_4691,6.6,16,-0.454,2,260,607.68,1773,0,0,1773
CUST_4692,6.3,2,-0.228,2,354,417.91,690,0,0,690
CUST_4693,11.0,7,-0.68,4,195,137.7,1334,0,1,26
CUST_4694,8.7,6,-0.805,0,98,269.68,1166,0,0,1166
CUST_4695,31.8,5,0.042,0,332,241.02,65,0,0,65
CUST_4696,10.6,4,0.441,1,100,635.77,652,1,1,71
CUST_4697,10.6,2,0.404,2,351,184.99,712,0,0,712
CUST_4698,2.2,10,-0.098,1,119,398.69,1131,0,0,1131
CUST_4699,60.9,5,0.045,0,320,553.04,878,0,1,68
CUST_4700,4.3,18,0.033,6,202,773.59,1593,0,0,1593
CUST_4701,1.1,10,0.383,1,89,799.43,989,0,0,989
CUST_4702,16.3,15,-0.904,0,194,764.69,74,0,0,74
CUST_4703,13.6,9,0.42,3,176,588.68,902,0,0,902
CUST_4704,8.0,11,0.164,2,114,609.83,981,0,0,981
CUST_4705,8.2,17,-0.604,2,332,619.41,1357,0,0,1357
CUST_4706,23.1,9,-0.902,2,31,696.95,1445,0,1,51
CUST_4707,3.3,16,-0.783,2,214,763.84,683,1,0,683
CUST_4708,25.7,6,0.049,0,307,384.28,44,0,0,44
CUST_4709,15.7,11,0.517,2,278,362.38,669,1,0,669
CUST_4710,8.1,17,-0.331,2,242,395.35,196,0,0,196
CUST_4711,9.2,4,-0.242,5,285,544.86,1718,0,0,1718
CUST_4712,4.4,15,0.868,1,69,631.58,92,0,0,92
CUST_4713,20.9,1,-0.574,1,70,702.91,1624,0,1,58
CUST_4714,10.8,1,-0.793,0,110,392.16,232,0,0,232
CUST_4715,5.8,9,-0.313,3,157,322.53,1210,0,0,1210
CUST_4716,13.6,12,0.492,0,36,787.51,1568,0,0,1568
CUST_4717,81.9,4,0.252,3,303,223.92,1604,0,1,69
CUST_4718,8.6,13,-0.168,1,325,216.5,307,0,0,307
CUST_4719,38.0,7,0.93,0,34,586.56,1154,0,1,75
CUST_4720,6.3,8,0.47,1,323,184.74,924,1,0,924
CUST_4721,0.8,13,-0.876,1,58,349.56,1222,1,1,34
CUST_4722,3.4,11,0.489,0,206,269.29,1585,1,0,1585
CUST_4723,8.1,9,-0.952,1,360,176.53,432,0,0,432
CUST_4724,3.7,16,0.301,1,65,484.78,1194,0,0,1194
CUST_4725,0.0,10,-0.579,3,261,330.13,376,0,0,376
CUST_4726,37.0,11,0.393,2,269,396.68,816,1,1,16
CUST_4727,27.9,12,-0.38,2,232,196.9,1005,1,1,88
CUST_4728,20.3,14,0.746,1,156,625.9,863,0,0,863
CUST_4729,2.8,19,-0.326,0,105,286.03,222,0,0,222
CUST_4730,1.9,12,0.239,0,153,307.04,928,1,0,928
CUST_4731,1.0,18,-0.428,1,17,239.12,181,0,0,181
CUST_4732,19.3,17,0.834,1,259,375.8,1801,1,0,1801
CUST_4733,39.6,3,0.562,0,312,397.68,415,0,1,17
CUST_4734,8.4,1,-0.513,1,118,447.25,1261,0,0,1261
CUST_4735,1.9,19,0.898,1,308,775.68,1018,0,0,1018
CUST_4736,10.8,4,-0.286,1,101,728.52,1602,0,0,1602
CUST_4737,6.4,16,0.304,3,24,507.04,1441,1,0,1441
CUST_4738,7.0,12,0.486,2,179,79.18,1131,1,0,1131
CUST_4739,14.6,13,-0.954,0,161,509.2,201,0,0,201
CUST_4740,19.0,17,0.918,2,349,117.25,1610,0,0,1610
CUST_4741,1.8,8,-0.311,1,214,582.76,366,0,0,366
CUST_4742,0.5,13,-0.62,2,123,342.56,1649,0,0,1649
CUST_4743,77.6,5,0.701,2,291,678.27,921,0,1,75
CUST_4744,4.0,18,0.406,2,155,756.9,1484,0,0,1484
CUST_4745,0.8,15,-0.827,1,192,362.83,634,0,0,634
CUST_4746,3.2,12,-0.766,2,327,395.42,518,1,0,518
CUST_4747,0.6,17,0.43,2,52,492.61,695,0,0,695
CUST_4748,7.5,15,-0.85,1,169,197.85,135,0,0,135
CUST_4749,24.3,2,0.834,3,334,745.5,899,0,1,2
CUST_4750,6.3,6,0.483,4,97,374.75,1262,0,0,1262
CUST_4751,8.8,17,-0.329,0,146,175.12,1769,0,0,1769
CUST_4752,16.9,16,-0.274,2,299,622.05,1813,0,0,1813
CUST_4753,10.7,17,0.013,3,29,214.36,1401,0,0,1401
CUST_4754,29.6,9,-0.278,0,73,157.65,381,0,1,26
CUST_4755,30.2,5,0.567,1,171,472.15,1791,0,1,10
CUST_4756,0.1,1,0.949,5,83,553.62,877,0,0,877
CUST_4757,22.6,6,0.169,1,72,477.17,77,0,0,77
CUST_4758,9.3,14,-0.108,1,231,542.38,1299,0,0,1299
CUST_4759,67.4,17,-0.554,0,289,136.64,60,1,1,20
CUST_4760,9.9,19,0.307,1,126,407.01,1748,0,0,1748
CUST_4761,65.0,1,0.371,0,84,317.76,504,0,1,11
CUST_4762,21.1,1,0.37,3,253,780.03,506,0,1,16
CUST_4763,4.3,13,-0.946,2,151,87.22,1310,0,1,22
CUST_4764,11.6,14,0.798,1,311,273.72,1179,0,0,1179
CUST_4765,72.7,6,-0.324,2,6,756.4,248,0,1,24
CUST_4766,29.2,6,0.488,0,306,787.62,274,0,0,274
CUST_4767,1.5,1,0.52,2,135,668.68,1533,1,0,1533
CUST_4768,18.4,14,0.301,3,183,107.0,472,0,0,472
CUST_4769,6.4,3,-0.21,1,313,471.02,1704,0,0,1704
CUST_4770,0.1,10,0.217,1,340,350.09,530,0,0,530
CUST_4771,7.7,19,-0.92,1,226,654.84,1280,0,0,1280
CUST_4772,4.0,19,0.524,0,324,91.27,927,0,0,927
CUST_4773,25.6,19,-0.801,3,243,197.85,798,1,1,78
CUST_4774,6.2,4,-0.206,3,263,416.9,284,1,1,47
CUST_4775,26.4,19,-0.793,2,250,168.24,99,0,0,99
CUST_4776,0.0,10,0.674,1,169,569.54,484,0,0,484
CUST_4777,5.5,2,0.101,2,53,665.58,607,0,1,47
CUST_4778,4.1,4,0.382,8,131,578.39,1055,1,1,18
CUST_4779,4.0,6,0.365,2,314,380.21,524,0,0,524
CUST_4780,1.1,7,0.683,1,93,708.79,354,0,0,354
CUST_4781,3.1,16,-0.735,3,45,153.26,810,0,0,810
CUST_4782,12.2,7,0.319,4,349,245.25,432,0,0,432
CUST_4783,5.2,18,0.15,1,98,417.15,880,0,0,880
CUST_4784,8.1,19,-0.938,0,233,96.0,158,0,0,158
CUST_4785,7.1,9,-0.597,0,268,121.76,1536,0,0,1536
CUST_4786,31.3,10,-0.465,2,36,348.08,175,0,0,175
CUST_4787,35.4,13,-0.855,1,74,757.91,1678,0,1,46
CUST_4788,10.2,18,-0.291,0,57,731.31,1149,0,0,1149
CUST_4789,6.0,16,-0.946,1,18,399.48,530,0,0,530
CUST_4790,1.7,17,0.106,4,187,156.62,1509,1,1,34
CUST_4791,46.0,13,-0.577,3,138,183.58,1457,0,1,3
CUST_4792,0.9,12,-0.426,1,142,333.16,37,0,0,37
CUST_4793,5.3,10,0.821,3,107,207.56,249,0,0,249
CUST_4794,5.3,1,0.006,0,220,112.23,754,0,0,754
CUST_4795,5.8,8,-0.462,2,144,555.33,131,1,1,24
CUST_4796,2.7,18,0.197,2,345,486.09,1731,0,0,1731
CUST_4797,22.9,2,-0.597,3,4,268.47,803,0,1,58
CUST_4798,2.0,16,-0.851,0,55,634.21,31,0,0,31
CUST_4799,15.1,12,-0.958,2,254,631.96,1767,0,0,1767
CUST_4800,2.0,9,0.903,1,221,418.25,1543,0,0,1543
CUST_4801,1.1,3,0.449,1,359,122.4,724,0,0,724
CUST_4802,36.0,4,0.6,0,47,738.85,800,0,1,26
CUST_4803,3.2,2,0.962,0,303,551.5,863,0,0,863
CUST_4804,25.8,8,0.863,4,162,235.29,769,0,1,38
CUST_4805,11.8,10,0.474,1,235,507.84,229,0,0,229
CUST_4806,1.2,16,0.388,2,247,353.77,55,0,0,55
CUST_4807,46.7,11,-0.326,3,364,526.51,973,0,1,59
CUST_4808,4.3,18,-0.792,2,99,405.4,1403,0,0,1403
CUST_4809,29.5,14,0.147,3,20,414.1,131,0,1,21
CUST_4810,2.8,8,0.153,0,101,601.91,1701,0,0,1701
CUST_4811,28.9,15,0.904,3,4,510.29,992,0,0,992
CUST_4812,0.2,17,-0.115,2,196,109.96,1384,0,0,1384
CUST_4813,10.8,18,0.382,2,148,99.03,886,0,0,886
CUST_4814,22.0,6,0.15,3,344,278.76,401,1,0,401
CUST_4815,41.0,14,-0.646,0,329,372.68,226,1,1,14
CUST_4816,36.0,3,0.184,0,210,256.42,539,0,1,8
CUST_4817,25.7,7,0.08,0,159,538.59,1044,0,0,1044
CUST_4818,32.9,15,-0.012,0,145,196.33,1083,0,0,1083
CUST_4819,3.3,16,0.027,1,57,578.11,952,1,0,952
CUST_4820,5.0,16,-0.672,1,353,629.86,328,1,0,328
CUST_4821,5.1,8,-0.073,2,239,143.24,1186,0,0,1186
CUST_4822,7.1,7,0.211,0,78,538.1,1821,0,0,1821
CUST_4823,7.5,6,-0.021,1,151,771.08,1585,0,0,1585
CUST_4824,11.8,2,-0.023,2,4,194.62,1361,0,1,18
CUST_4825,2.6,13,-0.845,1,180,731.98,50,0,0,50
CUST_4826,17.6,12,-0.618,1,351,504.54,1094,1,0,1094
CUST_4827,2.8,15,-0.358,1,200,493.21,1551,1,0,1551
CUST_4828,5.6,9,-0.161,2,132,88.94,993,0,0,993
CUST_4829,10.5,2,0.188,0,121,611.23,1525,1,1,86
CUST_4830,23.9,17,0.727,2,168,408.7,996,1,0,996
CUST_4831,20.2,5,-0.682,2,353,590.88,1717,1,1,40
CUST_4832,15.6,11,-0.97,1,345,656.89,1361,0,0,1361
CUST_4833,2.5,19,-0.102,2,307,442.85,488,0,0,488
CUST_4834,11.9,7,-0.136,3,97,247.73,543,0,1,4
CUST_4835,1.4,2,0.104,2,281,156.18,1556,0,0,1556
CUST_4836,7.1,16,0.666,0,267,170.38,1097,0,0,1097
CUST_4837,8.0,12,0.605,1,325,700.2,70,0,0,70
CUST_4838,0.6,15,-0.8,0,339,142.68,867,1,0,867
CUST_4839,4.8,1,0.868,0,18,338.52,292,0,0,292
CUST_4840,46.7,13,-0.779,3,131,300.71,1347,1,1,16
CUST_4841,46.1,6,0.269,2,95,699.09,714,0,1,36
CUST_4842,6.5,13,0.345,3,209,408.27,1062,0,0,1062
CUST_4843,0.7,18,0.36,3,4,797.33,1106,0,0,1106
CUST_4844,3.0,3,-0.469,0,127,602.79,1052,0,1,82
CUST_4845,7.5,1,-0.339,2,53,688.19,157,1,1,7
CUST_4846,44.3,15,0.097,1,197,124.0,560,0,1,41
CUST_4847,2.3,13,-0.601,3,205,239.83,673,0,0,673
CUST_4848,21.6,5,-0.959,2,179,151.58,554,0,1,84
CUST_4849,1.7,13,0.124,1,240,397.72,1785,1,0,1785
CUST_4850,59.7,5,-0.069,1,273,588.72,786,0,1,33
CUST_4851,7.2,19,0.313,2,319,176.8,1823,1,0,1823
CUST_4852,22.4,18,-0.707,1,137,147.63,995,0,1,88
CUST_4853,6.3,10,0.682,2,22,510.96,1193,1,1,24
CUST_4854,14.8,8,-0.708,0,119,222.73,923,0,0,923
CUST_4855,3.2,15,0.783,2,114,409.49,788,0,0,788
CUST_4856,2.4,4,-0.101,1,81,88.34,261,0,0,261
CUST_4857,41.7,2,0.1,2,195,560.46,962,0,1,73
CUST_4858,37.5,6,0.793,0,179,455.99,1621,1,1,66
CUST_4859,32.8,3,-0.4,1,351,535.57,117,0,1,70
CUST_4860,14.7,7,-0.636,0,174,256.55,795,0,0,795
CUST_4861,24.8,10,-0.108,2,197,258.95,1617,0,0,1617
CUST_4862,1.1,6,-0.511,2,25,651.02,1812,1,1,16
CUST_4863,6.1,16,0.056,3,98,588.92,1817,1,1,6
CUST_4864,5.6,2,-0.449,0,232,484.8,666,0,0,666
CUST_4865,15.1,17,0.729,0,190,521.11,230,0,0,230
CUST_4866,6.6,13,0.215,0,65,120.53,1015,1,0,1015
CUST_4867,2.4,1,-1.0,1,245,692.13,1441,0,0,1441
CUST_4868,13.6,6,0.611,0,103,627.43,390,0,0,390
CUST_4869,25.3,5,-0.34,3,190,492.87,161,0,1,13
CUST_4870,7.2,13,-0.36,4,140,738.95,206,1,1,7
CUST_4871,2.1,18,-0.234,2,178,176.48,1105,0,0,1105
CUST_4872,3.3,12,0.261,1,260,564.99,1599,0,0,1599
CUST_4873,4.1,7,-0.116,1,174,772.24,51,0,0,51
CUST_4874,5.3,15,0.257,1,163,282.51,682,0,0,682
CUST_4875,15.4,3,-0.706,2,18,61.47,1372,0,1,32
CUST_4876,13.8,16,0.94,1,19,601.15,812,1,0,812
CUST_4877,17.9,1,0.459,1,286,55.24,197,0,0,197
CUST_4878,6.8,16,-0.5,1,360,704.4,1091,0,0,1091
CUST_4879,26.1,12,0.448,1,238,92.23,902,1,0,902
CUST_4880,3.4,19,0.15,1,43,539.57,1811,0,0,1811
CUST_4881,9.5,8,-0.782,4,195,332.89,1800,1,1,32
CUST_4882,24.2,12,-0.644,0,194,202.51,1620,0,0,1620
CUST_4883,3.0,15,-0.917,1,356,723.69,969,0,0,969
CUST_4884,1.7,2,0.618,1,344,609.68,1426,1,0,1426
CUST_4885,32.3,17,0.103,2,48,305.33,661,0,1,16
CUST_4886,6.3,7,-0.367,1,58,263.11,1631,0,1,24
CUST_4887,17.3,13,-0.747,0,131,602.01,863,1,0,863
CUST_4888,0.4,1,-0.032,2,166,677.43,1480,0,0,1480
CUST_4889,17.6,6,0.051,2,134,586.89,1219,0,0,1219
CUST_4890,5.7,13,0.404,1,88,529.99,751,0,0,751
CUST_4891,0.9,11,0.94,2,270,220.94,1555,0,0,1555
CUST_4892,14.1,10,-0.13,2,262,689.6,1128,0,0,1128
CUST_4893,4.1,16,-0.188,1,115,612.25,469,1,1,8
CUST_4894,7.3,17,-0.26,1,195,437.96,1699,0,0,1699
CUST_4895,1.3,17,0.654,1,353,433.69,1318,1,0,1318
CUST_4896,2.4,4,-0.687,1,107,476.88,1459,1,1,87
CUST_4897,5.3,5,-0.312,1,361,671.21,1739,0,0,1739
CUST_4898,1.4,14,0.45,1,46,606.69,272,1,0,272
CUST_4899,36.3,10,-0.969,1,240,692.18,630,1,1,31
CUST_4900,0.1,14,-0.421,1,308,430.46,791,0,0,791
CUST_4901,9.9,1,0.283,1,229,518.49,572,1,0,572
CUST_4902,2.0,11,-0.628,0,244,690.93,306,0,0,306
CUST_4903,5.5,18,-0.395,1,315,224.24,579,1,0,579
CUST_4904,39.1,16,-0.028,2,249,383.02,1361,1,1,47
CUST_4905,2.6,18,-0.156,4,76,515.49,432,0,0,432
CUST_4906,50.6,8,-0.788,3,61,736.36,679,0,1,63
CUST_4907,3.5,10,0.876,2,58,61.88,1483,0,0,1483
CUST_4908,20.3,10,-0.911,4,237,209.43,1026,0,1,7
CUST_4909,11.9,5,0.499,2,188,225.84,105,0,0,105
CUST_4910,32.4,10,-0.857,3,55,294.96,368,1,1,41
CUST_4911,12.1,18,-0.065,0,77,261.34,794,0,0,794
CUST_4912,11.5,6,-0.649,0,221,492.6,1503,1,0,1503
CUST_4913,3.3,3,-0.718,1,46,714.22,1132,0,0,1132
CUST_4914,2.7,8,-0.748,1,137,527.73,67,0,0,67
CUST_4915,37.2,9,-0.094,0,23,231.14,347,0,1,69
CUST_4916,6.0,5,0.031,1,28,697.81,1381,0,0,1381
CUST_4917,7.0,2,-0.733,3,134,524.03,1483,0,0,1483
CUST_4918,21.4,2,0.959,1,350,214.22,1216,0,0,1216
CUST_4919,6.2,7,-0.484,3,349,321.25,1411,1,0,1411
CUST_4920,45.6,17,-0.082,1,280,642.47,669,0,0,669
CUST_4921,20.1,10,-0.567,4,291,604.2,699,0,1,73
CUST_4922,13.6,12,-0.012,2,188,482.44,358,1,1,13
CUST_4923,31.9,2,0.512,3,70,158.58,1467,0,1,56
CUST_4924,0.8,10,0.042,0,205,652.47,1648,0,0,1648
CUST_4925,4.5,1,-0.429,2,241,280.66,505,1,1,23
CUST_4926,9.4,4,-0.503,3,305,628.7,1509,0,0,1509
CUST_4927,3.9,13,0.518,3,183,535.67,1782,0,0,1782
CUST_4928,20.4,12,-0.764,2,127,248.13,1767,0,0,1767
CUST_4929,37.7,11,-0.26,2,229,209.28,1205,0,0,1205
CUST_4930,8.3,10,-0.697,1,40,148.18,567,0,0,567
CUST_4931,6.3,15,-0.484,0,280,231.46,1468,0,0,1468
CUST_4932,48.9,5,-0.695,0,161,168.37,372,1,1,33
CUST_4933,8.8,17,0.774,2,311,512.79,1819,0,0,1819
CUST_4934,10.1,5,0.464,2,339,499.09,1439,0,0,1439
CUST_4935,6.5,2,0.122,2,157,489.63,1816,1,1,12
CUST_4936,36.0,9,-0.551,2,323,531.42,1220,1,1,46
CUST_4937,12.6,6,0.02,3,20,661.09,1525,0,1,71
CUST_4938,21.5,18,0.042,1,346,735.16,169,0,0,169
CUST_4939,25.1,14,0.181,3,9,222.78,1282,0,1,82
CUST_4940,6.3,19,-0.88,2,86,490.83,102,0,0,102
CUST_4941,8.5,14,0.946,0,32,108.75,457,1,0,457
CUST_4942,28.3,8,-0.069,1,360,140.11,1352,1,1,14
CUST_4943,6.8,17,0.853,1,338,540.75,1289,0,0,1289
CUST_4944,23.7,3,-0.98,2,202,414.94,1760,0,1,43
CUST_4945,42.5,10,-0.505,2,3,618.75,1012,0,1,25
CUST_4946,14.6,17,-0.792,1,22,369.26,629,0,0,629
CUST_4947,20.3,11,0.539,0,196,145.7,126,0,0,126
CUST_4948,24.5,8,-0.36,0,308,704.04,507,1,0,507
CUST_4949,28.0,1,0.681,2,273,112.17,1731,0,0,1731
CUST_4950,7.5,13,0.665,2,272,191.72,1051,0,0,1051
CUST_4951,0.8,4,0.336,3,106,257.73,520,0,1,82
CUST_4952,7.7,7,0.332,1,199,796.46,1349,1,1,11
CUST_4953,16.8,14,0.4,1,342,362.64,435,1,0,435
CUST_4954,9.0,5,0.348,1,214,426.28,744,1,0,744
CUST_4955,20.7,11,-0.226,0,1,627.27,476,0,0,476
CUST_4956,6.6,17,0.366,0,120,527.31,728,0,0,728
CUST_4957,15.1,5,0.795,0,102,681.07,1328,0,1,29
CUST_4958,3.1,3,-0.335,0,148,414.83,1073,0,0,1073
CUST_4959,20.8,5,0.89,2,151,779.13,614,0,1,41
CUST_4960,11.8,15,-0.973,4,52,647.61,456,1,1,76
CUST_4961,3.4,19,-0.302,4,165,351.02,983,1,0,983
CUST_4962,5.2,16,-0.736,1,305,335.95,879,0,0,879
CUST_4963,20.7,8,-0.747,3,166,747.12,1414,0,1,27
CUST_4964,9.9,13,0.631,1,315,563.31,1363,0,0,1363
CUST_4965,3.7,16,0.837,3,363,516.08,623,0,0,623
CUST_4966,51.3,3,0.556,2,294,618.37,385,0,1,49
CUST_4967,18.8,1,0.953,2,70,470.63,56,0,0,56
CUST_4968,47.2,9,-0.567,3,127,169.38,1706,1,1,64
CUST_4969,8.4,9,-0.718,0,32,289.41,1100,1,0,1100
CUST_4970,9.7,17,0.041,2,156,468.46,485,0,0,485
CUST_4971,34.2,2,0.658,1,329,63.63,141,1,1,70
CUST_4972,11.2,9,-0.92,0,265,378.01,776,0,0,776
CUST_4973,18.4,19,0.991,0,203,616.85,1716,0,0,1716
CUST_4974,4.4,13,0.204,1,194,173.18,404,0,0,404
CUST_4975,8.9,5,0.958,1,108,98.42,1368,1,0,1368
CUST_4976,2.0,9,-0.27,1,158,677.02,874,0,0,874
CUST_4977,3.5,13,-0.084,2,282,512.96,155,0,0,155
CUST_4978,0.0,1,0.505,3,26,182.43,1060,0,1,17
CUST_4979,0.6,15,0.585,2,226,654.73,591,0,0,591
CUST_4980,56.8,4,-0.534,0,251,543.6,1413,1,1,25
CUST_4981,4.2,4,0.86,1,264,300.59,607,0,0,607
CUST_4982,16.3,10,0.735,1,261,332.15,391,1,1,26
CUST_4983,27.4,6,-0.964,4,133,166.92,708,0,1,6
CUST_4984,12.0,12,-0.743,0,25,676.44,1012,1,1,10
CUST_4985,2.5,16,-0.008,2,42,431.75,793,0,0,793
CUST_4986,19.5,3,-0.078,4,18,467.76,804,0,1,78
CUST_4987,13.8,14,0.417,4,15,712.62,1761,1,0,1761
CUST_4988,19.7,1,-0.821,2,104,61.87,1748,0,1,59
CUST_4989,22.0,10,0.29,1,278,100.19,1317,0,0,1317
CUST_4990,55.6,15,0.233,2,202,171.18,829,0,1,69
CUST_4991,12.8,7,-0.533,0,207,72.53,304,0,0,304
CUST_4992,6.3,4,0.085,1,165,543.62,1683,1,0,1683
CUST_4993,15.7,14,-0.556,2,58,525.41,425,1,1,5
CUST_4994,1.1,16,-0.706,1,47,208.1,1366,0,0,1366
CUST_4995,34.2,14,0.146,1,147,162.05,935,0,0,935
CUST_4996,1.9,3,0.955,0,276,159.26,521,0,0,521
CUST_4997,6.0,17,-0.526,0,177,764.93,1457,0,0,1457
CUST_4998,25.4,14,-0.289,3,288,570.13,406,0,0,406
CUST_4999,13.6,18,-0.487,2,113,489.07,1697,0,0,1697
